begin_of_head ===============================================================================================================
product_type                  gravity_field
modelname                     ESA ESM3.0 30-day mean
earth_gravity_constant        3.98600500000E+14
radius                        6.37813700000E+06
max_degree                    180
errors                        no

key   L   M       C                   S                   
end_of_head ===============================================================================================================
gfc     0    0  9.87149520841051E-11  0.00000000000000E+00
gfc     1    0  5.08707528884055E-10  0.00000000000000E+00
gfc     1    1  3.08585738652256E-10 -6.15131631060114E-11
gfc     2    0  1.14586875734339E-10  0.00000000000000E+00
gfc     2    1  2.16764109542690E-11 -1.28143843688852E-11
gfc     2    2 -8.61226143477746E-12  1.64076139466000E-11
gfc     3    0  4.36982604322615E-11  0.00000000000000E+00
gfc     3    1 -2.43813375071239E-11 -2.46180378567146E-11
gfc     3    2  3.21590548887448E-11  2.54485461631866E-11
gfc     3    3 -9.92607788144392E-12  2.09590909236383E-11
gfc     4    0  5.48039043713211E-11  0.00000000000000E+00
gfc     4    1  8.21064260197509E-11  5.06663756671439E-11
gfc     4    2  1.64223286429184E-11 -3.77635845001780E-11
gfc     4    3  1.86582994271597E-11 -2.34035277656171E-11
gfc     4    4 -3.57539480517114E-11  3.45063616946761E-11
gfc     5    0  1.23627060937383E-11  0.00000000000000E+00
gfc     5    1  1.18148292289926E-11 -3.55770285348066E-11
gfc     5    2  7.43573198034953E-11 -3.97454306242642E-11
gfc     5    3 -1.41030528963469E-11 -6.20053880082351E-11
gfc     5    4 -8.22899545417978E-12 -2.97736778501940E-11
gfc     5    5 -3.20166734165568E-11  2.56617862286284E-11
gfc     6    0  4.47880843172369E-11  0.00000000000000E+00
gfc     6    1  4.23243184334615E-11 -1.82492314035342E-11
gfc     6    2  4.25999276089595E-11 -3.63620901019953E-11
gfc     6    3 -1.86114875451590E-11 -8.70061738948009E-11
gfc     6    4 -2.57796934275769E-11 -8.92742541187909E-12
gfc     6    5 -4.89108849739134E-12 -1.85098312199807E-11
gfc     6    6 -1.22029582858067E-11  1.83808095087575E-11
gfc     7    0  4.49784032748781E-11  0.00000000000000E+00
gfc     7    1  4.57827493804988E-12 -1.18494103759049E-10
gfc     7    2  4.96903112308591E-11 -4.08590379798891E-11
gfc     7    3 -1.40637242384514E-11 -7.76522330827933E-11
gfc     7    4 -4.89357846862654E-11  9.46980367662245E-13
gfc     7    5  4.29917747057409E-12 -6.78778192721165E-12
gfc     7    6 -4.76616060894669E-12 -8.57919674518329E-12
gfc     7    7 -8.92712793952952E-12  7.51738990193523E-12
gfc     8    0  1.59679004371003E-11  0.00000000000000E+00
gfc     8    1  5.33403877824674E-11 -4.91676900800133E-11
gfc     8    2 -1.68884361657965E-11 -7.17090408568370E-11
gfc     8    3 -3.28393315254336E-11 -8.65966093397227E-11
gfc     8    4 -3.80218688425016E-11  8.47435336417334E-12
gfc     8    5 -9.82569128623802E-12  1.94622820812088E-11
gfc     8    6  1.91108577948251E-11 -4.41818260402292E-12
gfc     8    7 -1.53905100013075E-12  5.14266543689133E-12
gfc     8    8 -7.72027310041199E-12 -8.30972034267093E-12
gfc     9    0 -1.06721635373931E-11  0.00000000000000E+00
gfc     9    1  5.52722982805666E-12 -6.03680027240545E-11
gfc     9    2  9.56122156048808E-12 -5.66483055920553E-11
gfc     9    3 -4.19187415169268E-11 -6.72359879441455E-11
gfc     9    4 -5.15148343517565E-11 -1.67550631166673E-12
gfc     9    5 -3.71827528100808E-12  1.87123194465236E-11
gfc     9    6  8.40555843448325E-12  8.77060977473428E-12
gfc     9    7  9.75192164162752E-12 -3.57548431722966E-13
gfc     9    8 -7.28362025998914E-12  5.57105596032738E-12
gfc     9    9 -7.26152875556669E-12 -1.04481693180713E-11
gfc    10    0 -1.77377275562566E-11  0.00000000000000E+00
gfc    10    1  2.24868601291324E-11 -3.64060364247239E-12
gfc    10    2 -4.51945882942252E-11 -3.18428919995248E-11
gfc    10    3 -4.57222457071092E-11 -4.30955074465900E-11
gfc    10    4 -5.67039010375588E-11  1.95092454311134E-12
gfc    10    5 -5.69395778599145E-12  1.43032348077475E-11
gfc    10    6 -1.89614840800103E-12 -9.25781412672043E-12
gfc    10    7  1.19994489216173E-11  3.59573163412928E-12
gfc    10    8  7.65602120416835E-12 -5.53375114257562E-12
gfc    10    9  1.73562541160788E-12  1.29173788456030E-12
gfc    10   10 -7.56721433362142E-12 -9.23354191769860E-12
gfc    11    0 -1.16876445499744E-11  0.00000000000000E+00
gfc    11    1  2.87515556151672E-12 -3.53357496036745E-11
gfc    11    2 -8.80138059639033E-12 -4.47599584623079E-11
gfc    11    3 -1.51719495374289E-11 -1.20255908697404E-11
gfc    11    4 -3.94872205201984E-11  8.71173389784358E-12
gfc    11    5  8.85179976317444E-12  2.17532703864390E-11
gfc    11    6  2.09298904684177E-12 -4.24940423278899E-12
gfc    11    7 -9.70131374810070E-12  8.62580988239341E-13
gfc    11    8  7.54020270756406E-12 -4.35115569868575E-12
gfc    11    9  7.13840341820249E-12  3.65993838390669E-12
gfc    11   10  5.00016141535103E-12  6.36113639244109E-12
gfc    11   11 -7.13241597824734E-12 -4.02057636830934E-12
gfc    12    0 -2.08885255971230E-11  0.00000000000000E+00
gfc    12    1  1.33728966317582E-11  6.94928156443582E-12
gfc    12    2 -4.54656347613456E-11 -2.96748021791440E-11
gfc    12    3 -3.62138978687197E-11 -1.84171064359272E-11
gfc    12    4 -2.17150894175712E-11  8.44309017468186E-12
gfc    12    5  1.02728584828881E-11  1.81347520680881E-11
gfc    12    6  1.12229314637281E-11 -2.09227614783304E-12
gfc    12    7  3.09897053805464E-12  2.31821223505972E-12
gfc    12    8 -7.91209554476688E-12  6.11166432262656E-13
gfc    12    9  4.00055806989423E-12 -3.20008786957628E-12
gfc    12   10 -1.03275854296149E-12  1.76196632417607E-12
gfc    12   11  2.33547652015963E-12  1.65903480677833E-12
gfc    12   12 -6.77921549299556E-12 -4.84607554237689E-12
gfc    13    0  9.48460912641580E-12  0.00000000000000E+00
gfc    13    1 -2.76350646074877E-12  2.32093700449218E-12
gfc    13    2  1.63272444706752E-11 -1.27860530236364E-11
gfc    13    3 -1.87608713633284E-11  3.78928382113841E-12
gfc    13    4 -2.48558124818771E-11  1.09288243107980E-11
gfc    13    5  5.89729452281366E-12  8.21375765676421E-12
gfc    13    6  3.10560098370052E-12 -3.87121642424432E-12
gfc    13    7  1.09667733399130E-11  2.06611951971921E-13
gfc    13    8  8.90619284384953E-12 -3.93350711350683E-12
gfc    13    9  4.80215481701268E-12  1.66180485214037E-12
gfc    13   10 -5.52990686392768E-12  1.30981974792627E-12
gfc    13   11  2.51139695908302E-12  1.73825324547065E-12
gfc    13   12  3.92165840133147E-12 -1.63328318662105E-12
gfc    13   13  1.57870185804915E-12 -5.35601467188136E-12
gfc    14    0 -9.82400372624714E-12  0.00000000000000E+00
gfc    14    1 -1.09019842817913E-11  4.88559670827534E-12
gfc    14    2 -2.17678637805053E-11  1.48231693469808E-11
gfc    14    3 -2.11667779483272E-11  5.89156752468866E-12
gfc    14    4 -1.06045158542358E-11  1.06913871147674E-11
gfc    14    5  5.85094000428415E-12  5.93221034841311E-12
gfc    14    6 -3.54982947670237E-12 -4.39017620089938E-12
gfc    14    7  6.87794067531757E-12  4.86663493285362E-12
gfc    14    8  1.25077609260060E-11  2.19275943291018E-13
gfc    14    9  8.47066818766936E-12 -4.51291238264102E-12
gfc    14   10  1.24536374606706E-12  1.45246607356568E-12
gfc    14   11 -6.27771944596079E-12  2.30558169483813E-12
gfc    14   12 -1.97366630156535E-12  4.83665878569743E-12
gfc    14   13  2.95213456688060E-12 -3.85954719500969E-12
gfc    14   14  5.84035676030960E-12 -1.78848420538528E-12
gfc    15    0  1.10126033464928E-11  0.00000000000000E+00
gfc    15    1 -7.07806568405083E-12  7.03731162460001E-12
gfc    15    2  5.36170879751928E-12 -6.28530415590698E-12
gfc    15    3 -4.61090799826486E-12  2.63825519895309E-11
gfc    15    4 -5.16918593702833E-12  1.64132419235688E-11
gfc    15    5  5.00340718092190E-12  1.02030588403666E-11
gfc    15    6 -1.03600345338474E-12 -3.25072699698554E-12
gfc    15    7  3.44175900135974E-12  7.15464206327729E-12
gfc    15    8  6.11916875737901E-12 -1.69701005499809E-12
gfc    15    9  5.61768975010685E-12  1.34339423059120E-12
gfc    15   10 -3.13003725082397E-12 -2.22935754259549E-12
gfc    15   11  7.58654385476261E-13 -9.99828012762993E-13
gfc    15   12 -8.99976272145883E-13  3.38750771411557E-12
gfc    15   13 -3.10480480931256E-12  2.48477794764058E-12
gfc    15   14  2.47780087146289E-12 -2.61432835828155E-12
gfc    15   15  4.28907486115601E-12 -2.58655885140154E-12
gfc    16    0 -1.67439420503142E-11  0.00000000000000E+00
gfc    16    1 -1.32678923892937E-11 -3.80364279910421E-12
gfc    16    2 -2.40332736908092E-11  2.06622371289605E-11
gfc    16    3 -2.02332749237714E-11  9.27567500710718E-13
gfc    16    4 -3.26888958203088E-14  2.54798379547431E-12
gfc    16    5  8.33371617126650E-12  5.14584267973048E-12
gfc    16    6 -8.07167148371251E-13  3.17087521737646E-12
gfc    16    7  1.55203481592548E-11  1.04631099743407E-11
gfc    16    8  6.41167890171707E-12 -2.59713382475152E-12
gfc    16    9 -3.68122022006288E-12 -1.30270343128754E-13
gfc    16   10 -2.66069064507574E-12 -1.58686577804041E-12
gfc    16   11 -3.79171012478161E-12  5.14515984029576E-12
gfc    16   12  2.58352303445820E-12 -5.28369701434962E-12
gfc    16   13 -2.20248533499855E-12  1.55314933569925E-12
gfc    16   14 -1.05477735312275E-12  3.83006878110022E-12
gfc    16   15 -2.13742992286971E-12  1.64344955328833E-12
gfc    16   16  4.41120717175517E-12 -5.03219421879638E-12
gfc    17    0  1.73702433082225E-12  0.00000000000000E+00
gfc    17    1 -2.08673202426637E-12  6.73771829510098E-12
gfc    17    2  1.01175894253770E-12 -4.16259895361761E-13
gfc    17    3  1.19844081885860E-12  2.17334435311830E-11
gfc    17    4 -5.84921681972281E-12  2.92175963814045E-12
gfc    17    5  4.57270187130543E-12  1.50390259567242E-12
gfc    17    6 -1.88933636126119E-12 -8.91378828668705E-13
gfc    17    7  9.73529724993318E-12  1.17954451809608E-11
gfc    17    8  1.48005052262966E-11 -4.66884669765250E-12
gfc    17    9  1.84372937853379E-13 -8.07702548262383E-13
gfc    17   10 -5.23092411625531E-12 -1.44507076204288E-13
gfc    17   11 -2.84455792537465E-12  2.67036085598730E-12
gfc    17   12 -1.36523819454734E-12  2.43230665725114E-12
gfc    17   13  3.67387897345117E-12 -6.20580299520091E-12
gfc    17   14 -2.40347091650836E-12 -2.79637306646827E-12
gfc    17   15  1.12079741592252E-12  1.80981190957370E-12
gfc    17   16 -4.15349830793363E-12  2.31429189291311E-12
gfc    17   17  6.76459979492048E-12 -3.85950078136541E-12
gfc    18    0 -1.33186650762480E-11  0.00000000000000E+00
gfc    18    1 -7.09697370036226E-12 -1.45664691397619E-11
gfc    18    2 -8.32793352664097E-12  1.25390402862085E-11
gfc    18    3 -4.39496249289467E-12  4.85447162417657E-12
gfc    18    4  1.16123382330910E-11  6.44329908536600E-14
gfc    18    5  1.26780429625636E-13  4.58247589919102E-12
gfc    18    6  3.50771269031670E-12  6.69729087681915E-12
gfc    18    7  2.88266651786355E-12  9.39025036124620E-12
gfc    18    8  7.74897445549568E-12 -6.22110372866186E-12
gfc    18    9  1.01249862387583E-14 -5.83974445407053E-12
gfc    18   10  2.06730499107388E-12 -1.34941334588888E-12
gfc    18   11  4.16763622238304E-12  2.37987443093111E-12
gfc    18   12 -2.90688227986402E-12  2.79389241246329E-12
gfc    18   13  4.79939795413603E-12 -1.65811354201874E-12
gfc    18   14 -1.58174850972820E-12  1.54382896059254E-12
gfc    18   15 -1.05553134922147E-12 -5.34068220559363E-12
gfc    18   16  3.20807848954058E-12  9.86658874368031E-13
gfc    18   17  1.09754867678765E-12  3.41493692043287E-12
gfc    18   18  6.42876608655577E-12  2.08912634504725E-12
gfc    19    0  2.87236822275959E-12  0.00000000000000E+00
gfc    19    1  9.90195361304245E-12  1.07571034610207E-11
gfc    19    2  1.98743754226573E-12 -6.22395475467183E-12
gfc    19    3  8.85323233054613E-12  1.36198263039930E-11
gfc    19    4  5.02643889716611E-12  9.33265184525138E-12
gfc    19    5 -2.41682367551321E-12  7.61186104069906E-12
gfc    19    6  3.88633148669002E-12  5.12811633387889E-12
gfc    19    7  6.19824249543213E-12  8.90001914691152E-12
gfc    19    8  5.70079140080039E-12 -2.81527996474548E-12
gfc    19    9 -4.64224084081120E-12 -3.28970726338237E-12
gfc    19   10 -2.37978778531915E-12  5.63973494999024E-13
gfc    19   11  4.22852693775768E-12 -2.73580562048944E-13
gfc    19   12  4.25375119682576E-12 -2.37748595462224E-13
gfc    19   13 -1.04370279287350E-12  8.64680747780249E-13
gfc    19   14  1.83685710963966E-12  3.82260071327208E-12
gfc    19   15 -2.28821283767530E-12 -2.51731532226013E-13
gfc    19   16 -2.14934175632051E-14 -2.75677727025137E-12
gfc    19   17 -1.88118844839614E-12 -6.88658293131013E-13
gfc    19   18  2.65663195440169E-12  5.43293931765306E-12
gfc    19   19  7.63559863601196E-13  3.57823115515059E-12
gfc    20    0 -8.96905687418023E-12  0.00000000000000E+00
gfc    20    1  6.09180214452096E-13 -9.46627945947068E-12
gfc    20    2  3.24771758820558E-12  9.01994940628934E-12
gfc    20    3 -4.41282650686941E-12 -1.51779108334715E-12
gfc    20    4  8.97920950585923E-12 -4.38347120853161E-12
gfc    20    5 -2.57833812800347E-12  6.59515335041535E-12
gfc    20    6  5.16211685223680E-13  7.47982891072624E-12
gfc    20    7  6.27573221639234E-12  5.68162885556256E-12
gfc    20    8  1.01583438593685E-11 -8.09767509020287E-12
gfc    20    9 -2.92975894821311E-12 -1.31848177609887E-12
gfc    20   10 -2.00978429470796E-12  1.23140574836324E-12
gfc    20   11  1.34208487760131E-12  3.53384189810159E-12
gfc    20   12 -3.05553590061723E-12  3.23979243593881E-13
gfc    20   13  1.63510557353097E-12 -2.86911352932040E-12
gfc    20   14 -5.11785530908616E-13  2.53665618965172E-12
gfc    20   15 -2.13495319863264E-12 -5.67552439837403E-13
gfc    20   16  3.78307355831348E-12  2.71272937934804E-12
gfc    20   17 -2.16826025047572E-12  1.16270997865104E-12
gfc    20   18 -3.19255523435948E-12 -4.84368350353856E-12
gfc    20   19 -9.26404178890840E-13  2.91824465290327E-12
gfc    20   20  1.21845947035366E-13  8.35153361810086E-13
gfc    21    0 -7.21233781806740E-13  0.00000000000000E+00
gfc    21    1  8.56312304035179E-12  1.12382624691825E-11
gfc    21    2 -7.09441283561236E-13 -3.13347444679375E-12
gfc    21    3  5.76318499116733E-12  9.30147559764831E-12
gfc    21    4  4.91124012577948E-13  1.25503302649292E-11
gfc    21    5 -5.29961787554769E-12 -2.03277320331620E-12
gfc    21    6  2.84751256163184E-12  4.86051806774157E-12
gfc    21    7 -3.27126510146898E-13  8.02727429432055E-13
gfc    21    8  7.70490993585653E-12 -2.00008233148004E-12
gfc    21    9  2.00597586659709E-12 -4.18393873305974E-12
gfc    21   10 -8.47367753618822E-13  1.32165386352143E-12
gfc    21   11  2.28896521569369E-12 -2.74994575533171E-12
gfc    21   12 -1.78144185995601E-12  4.06297376175725E-12
gfc    21   13 -2.07324601847585E-12  2.40150151079659E-12
gfc    21   14 -3.79016422330749E-12 -4.60688206139691E-13
gfc    21   15  8.29620885540276E-14 -2.82420875109609E-12
gfc    21   16  1.74383731069027E-12 -1.36025007360118E-12
gfc    21   17  2.37572521175544E-13  4.08951981062513E-12
gfc    21   18 -1.64114651728689E-12 -1.30945314593865E-12
gfc    21   19 -3.16641953484890E-12 -1.07973944153789E-12
gfc    21   20 -2.89166524219398E-12 -3.17125880980323E-12
gfc    21   21  2.37366367958038E-12  1.64535343757613E-12
gfc    22    0 -3.62387981734589E-12  0.00000000000000E+00
gfc    22    1 -3.30667436590116E-13 -7.41525933828604E-12
gfc    22    2  4.21739593669290E-12 -2.69209457030174E-12
gfc    22    3 -7.23848326145757E-12 -5.76823687666939E-12
gfc    22    4  4.91303206621059E-12  1.52667493808150E-12
gfc    22    5  1.58123430099676E-12 -7.90980536531793E-14
gfc    22    6  4.90736003711312E-12  2.45821196543884E-12
gfc    22    7  6.31632336275827E-12 -2.32481276377395E-12
gfc    22    8  1.51353836243960E-12 -2.30319777886814E-12
gfc    22    9  1.62781010744907E-12 -2.03403651543422E-12
gfc    22   10  1.00329546485503E-12  2.29152974586801E-12
gfc    22   11  1.16855806763476E-12 -2.40026517787565E-12
gfc    22   12 -1.39282407708880E-12  7.05912607605024E-13
gfc    22   13 -1.79476568656697E-12 -5.84064339618523E-13
gfc    22   14 -3.72011223164010E-13  5.29601900117015E-12
gfc    22   15 -9.11680257363670E-13 -3.95522450162410E-12
gfc    22   16  2.38750901864163E-12 -1.43966969713264E-12
gfc    22   17 -2.95904426952859E-13  1.88677295762562E-12
gfc    22   18 -8.49580981144481E-13 -5.91568745972144E-13
gfc    22   19  4.68369969394285E-12 -2.69035009811205E-12
gfc    22   20 -2.87164613997498E-12  3.24231033812072E-13
gfc    22   21  8.90618347280270E-13 -4.32412850492831E-12
gfc    22   22  1.68681787299359E-12  5.59481029026261E-12
gfc    23    0 -3.11663832252423E-12  0.00000000000000E+00
gfc    23    1  5.10449177148284E-12  1.32300566819777E-11
gfc    23    2 -4.55099533191994E-12 -7.41275245514962E-13
gfc    23    3  2.60670476819176E-13  2.32916676002074E-12
gfc    23    4 -2.78787622503104E-12  1.46218849104885E-11
gfc    23    5 -1.10331275563695E-12 -1.24140231237124E-12
gfc    23    6  3.51761695752875E-12 -1.63321191425801E-12
gfc    23    7  2.54433331561135E-12 -2.13161315680255E-12
gfc    23    8  5.66985064339444E-12  1.52640301126489E-12
gfc    23    9 -4.13397925935689E-12 -4.35059883706817E-13
gfc    23   10  3.27323863712214E-12 -2.32384726838643E-12
gfc    23   11 -1.64778164546205E-12 -7.65188816740626E-13
gfc    23   12  1.52039233574667E-13  2.04435571979728E-12
gfc    23   13 -3.84388645369670E-12  5.13128430616022E-13
gfc    23   14  9.68904806626691E-13  1.64425903619691E-12
gfc    23   15  6.30269128648828E-13 -2.43068434192293E-12
gfc    23   16  1.97072902423733E-12  3.67286643402192E-12
gfc    23   17 -2.61744626218771E-12 -4.28692852903642E-13
gfc    23   18 -1.16414471193929E-13 -1.42631248576027E-12
gfc    23   19 -1.79958451613812E-12  8.35553523625645E-13
gfc    23   20  4.96279262474751E-12  1.37508011670533E-12
gfc    23   21  9.55484717937115E-13  2.80329604401919E-13
gfc    23   22  1.69101484883141E-15 -3.22337262543155E-13
gfc    23   23 -3.18027365376606E-12  4.18304336664536E-12
gfc    24    0 -1.07336508720418E-12  0.00000000000000E+00
gfc    24    1 -2.60000943539636E-12 -7.22643012057072E-12
gfc    24    2  5.26143748174949E-12 -9.11712869454903E-12
gfc    24    3 -3.33036881024899E-12 -2.28623803623642E-12
gfc    24    4  3.00065453547334E-12 -1.76950533110775E-12
gfc    24    5  1.31103977374231E-11  1.31623624149153E-12
gfc    24    6  1.48102379443272E-12  1.09412366806417E-12
gfc    24    7  2.57638986838945E-12 -1.77799001848581E-12
gfc    24    8 -3.88823824253198E-13 -1.28587231319423E-14
gfc    24    9 -1.41989546669351E-12  3.15279777443535E-12
gfc    24   10 -3.50215179818270E-13 -4.10915677154546E-12
gfc    24   11 -4.66510117435519E-12 -4.32537746090196E-12
gfc    24   12 -1.71042241292937E-12  2.45104276550267E-12
gfc    24   13 -2.64569166834103E-12 -9.53535913537101E-15
gfc    24   14  3.72591765779034E-12  7.13364446432223E-14
gfc    24   15 -1.49483797988838E-12  4.60909655351523E-13
gfc    24   16  1.87057818283130E-12 -1.61893659215224E-12
gfc    24   17 -2.63926548235187E-12  2.85269980873649E-12
gfc    24   18  1.13370831904219E-12 -3.88414839370623E-12
gfc    24   19  1.22686409776907E-13  1.19824459927597E-12
gfc    24   20 -1.83939824339842E-12 -2.50706545344462E-15
gfc    24   21 -2.62400225423124E-13  5.29695936927423E-13
gfc    24   22  2.35908525492056E-12 -3.36708739238141E-14
gfc    24   23 -2.99749563956715E-12 -4.78195941039515E-13
gfc    24   24 -1.61997772211583E-12 -2.06107867540726E-12
gfc    25    0 -5.30934200509873E-12  0.00000000000000E+00
gfc    25    1 -1.84903185023863E-12  8.24865934030926E-12
gfc    25    2 -9.39141105410690E-12 -2.51349889245245E-12
gfc    25    3 -1.41586371349853E-13  2.90328144273978E-12
gfc    25    4 -1.65725988042904E-12  1.06669195851240E-11
gfc    25    5  6.59610847776603E-12 -4.82211191253824E-12
gfc    25    6  3.61807506233772E-12 -5.92248771816570E-12
gfc    25    7 -2.27719571171831E-12 -2.32848330424707E-12
gfc    25    8 -5.12066639165951E-13  2.82759292684126E-12
gfc    25    9  4.18768529096750E-12  2.30858923836596E-12
gfc    25   10  1.45438372154173E-12 -5.72739673227721E-12
gfc    25   11 -3.79819952647570E-12 -2.57489836172863E-12
gfc    25   12 -3.34875143412161E-12  9.60901328161878E-13
gfc    25   13 -2.07604124300761E-12  3.10556181239373E-12
gfc    25   14  1.27362200181976E-13 -8.78236181984469E-13
gfc    25   15  4.03090732637479E-12 -1.98029929575754E-14
gfc    25   16 -6.20624453735039E-13  3.17129326847918E-13
gfc    25   17 -2.24908025564832E-12  1.37252911935867E-12
gfc    25   18  2.15939058361801E-12 -3.65615980944343E-12
gfc    25   19  2.35897319319965E-12  3.04962247289747E-12
gfc    25   20 -2.82091157202385E-12 -4.93084246187094E-13
gfc    25   21  8.57441695570665E-13  1.47159255880621E-12
gfc    25   22 -2.26828681066268E-12 -9.49622079172073E-14
gfc    25   23  1.88933685891798E-12 -5.16207592057434E-13
gfc    25   24 -1.59861994888121E-12 -3.51162112261661E-12
gfc    25   25  1.95766362283722E-12 -1.37915549137593E-12
gfc    26    0  7.61635735255134E-12  0.00000000000000E+00
gfc    26    1 -2.85434870725119E-12 -4.24161419333659E-12
gfc    26    2  7.44276765563786E-12 -9.33189206493777E-12
gfc    26    3 -2.97874784835630E-12  2.21936680805363E-12
gfc    26    4  2.01283870929464E-12  3.00381253240085E-12
gfc    26    5  1.37289925429568E-11  1.62986738432628E-12
gfc    26    6 -8.75270134443548E-14 -3.25227020635666E-12
gfc    26    7 -2.55506340744553E-12 -5.12244400743062E-12
gfc    26    8 -5.51203707944286E-12  1.41182431328595E-12
gfc    26    9  2.90203558955577E-12 -3.27772708880599E-13
gfc    26   10  4.38067423898737E-12 -1.66896679111870E-12
gfc    26   11 -3.14899185128536E-12 -4.14149834414522E-12
gfc    26   12 -2.98473719567336E-12  2.23127353215656E-12
gfc    26   13  3.59742120210228E-13  2.20424645278454E-12
gfc    26   14 -3.88523719468367E-13  3.65355390844643E-12
gfc    26   15 -2.26088849869413E-13  1.63411820098482E-12
gfc    26   16 -2.41454795353788E-12 -1.76451460977461E-12
gfc    26   17  1.86837995362073E-12  1.70042328154928E-13
gfc    26   18 -5.00444436984451E-13 -2.38128252295304E-12
gfc    26   19  3.01180883086105E-12  1.04368431840415E-12
gfc    26   20 -1.70347605369538E-12  1.81565818775515E-12
gfc    26   21  1.15891308124396E-12 -1.75949450596430E-12
gfc    26   22 -2.28614125587011E-12  7.24696146453392E-14
gfc    26   23 -9.97310449039893E-13  1.09024114494231E-12
gfc    26   24  5.39683514432879E-13 -4.63993413901339E-14
gfc    26   25  3.72478727058524E-12 -2.05782801385453E-12
gfc    26   26 -9.24364767135448E-13  1.37042047329674E-12
gfc    27    0 -5.53948102237215E-12  0.00000000000000E+00
gfc    27    1 -1.88990651281194E-12  2.39692481437599E-12
gfc    27    2 -6.13979312510176E-12  4.34574693418941E-12
gfc    27    3 -4.18441234552021E-13  2.28314504751248E-12
gfc    27    4 -5.24364242908067E-13  6.74531251853390E-12
gfc    27    5  2.74187087124547E-12 -1.69556729295036E-13
gfc    27    6  1.78439685976386E-12 -6.08177407351211E-12
gfc    27    7 -4.72990112335313E-12 -9.18383020312885E-13
gfc    27    8 -1.35671001057436E-12  5.73820008919557E-12
gfc    27    9  1.85949439677362E-12  5.36217712008827E-13
gfc    27   10  9.33025138938372E-13 -2.92904589443330E-12
gfc    27   11 -4.39841634527479E-12 -2.85857583808442E-12
gfc    27   12 -5.00958862749205E-12  3.48970990476350E-12
gfc    27   13  1.11488729050557E-12 -9.40655049789183E-13
gfc    27   14  2.65614886099226E-13  1.78442343744916E-12
gfc    27   15 -6.34832860184612E-13  1.73533260198262E-12
gfc    27   16 -1.05794901740711E-12  9.36322178556014E-13
gfc    27   17 -6.31320221443700E-14 -1.14721135076564E-12
gfc    27   18  2.90544508564064E-12 -2.27747511863473E-14
gfc    27   19  1.14776460865872E-13  1.96131017391335E-12
gfc    27   20 -1.83399153496013E-12  1.76551071191257E-12
gfc    27   21  1.72516614700803E-12 -2.19871939277298E-12
gfc    27   22  4.34120360026928E-13  2.68262165875393E-12
gfc    27   23 -6.51684100321177E-13 -3.32186607639224E-12
gfc    27   24  6.47385531800334E-13  3.09994041291270E-12
gfc    27   25 -5.74488469652966E-13 -1.01332316854806E-12
gfc    27   26  3.29022920994875E-12  3.15598459781636E-12
gfc    27   27 -3.43783238318050E-12 -4.91993496896869E-13
gfc    28    0  4.47615481847929E-12  0.00000000000000E+00
gfc    28    1 -4.88490534694604E-12 -5.22366747282748E-13
gfc    28    2  4.85378535165105E-12 -6.34533602967639E-12
gfc    28    3 -1.99737090412940E-12  6.34452900681322E-12
gfc    28    4  3.22136847624484E-12 -1.92674263443093E-12
gfc    28    5  8.35020742912963E-12  1.19848574171105E-12
gfc    28    6 -2.17082551901810E-12 -2.56103463589585E-12
gfc    28    7 -6.67481969733772E-12 -1.90019121190081E-12
gfc    28    8 -3.87739662677248E-12  3.04692605427964E-12
gfc    28    9  2.62980731210024E-12  2.26395431963125E-13
gfc    28   10  3.95647058140811E-13 -2.42179347364475E-12
gfc    28   11 -7.54031081568127E-12 -2.72387035531275E-12
gfc    28   12 -2.45898671856227E-12  2.65123152342714E-12
gfc    28   13 -4.84484651505171E-13  1.80756889150226E-12
gfc    28   14 -2.23494967335687E-13 -7.80764382661672E-13
gfc    28   15 -2.22537248283125E-12  2.70378461902041E-13
gfc    28   16 -5.04901217593370E-13 -2.23190146890891E-12
gfc    28   17  2.37815043383646E-12 -4.07060956590202E-13
gfc    28   18  2.64186683878595E-12  3.78558352927255E-12
gfc    28   19 -3.04428128110679E-12  1.31628698747068E-12
gfc    28   20 -1.04197377428677E-12  1.46948846342668E-12
gfc    28   21 -1.59383396674064E-12 -1.03337837737388E-12
gfc    28   22  1.23726591586592E-13 -2.21100152822000E-13
gfc    28   23 -1.41749304960670E-12  3.76616246836059E-13
gfc    28   24  1.26543248897629E-12 -1.01104655436051E-12
gfc    28   25 -1.36613342918383E-12  1.43969483359472E-12
gfc    28   26  5.66611708696987E-13  2.72829080021200E-13
gfc    28   27 -1.11556893889572E-12  2.32644393237950E-12
gfc    28   28 -5.01680706266410E-13 -2.50780671045877E-12
gfc    29    0 -5.58849747753884E-12  0.00000000000000E+00
gfc    29    1 -4.58836794946590E-12 -2.47342756403808E-12
gfc    29    2 -5.70222896428561E-12  8.02844644872601E-12
gfc    29    3 -2.85770621869978E-12 -1.04693328073947E-12
gfc    29    4  1.05637364873864E-12  9.51240609294190E-13
gfc    29    5 -1.69971699821019E-13 -3.80750471666902E-12
gfc    29    6  1.09963999416137E-12 -7.85227695740473E-12
gfc    29    7 -3.47351929229813E-12  8.66405304671188E-13
gfc    29    8 -1.51398512001881E-12  4.57226423508701E-12
gfc    29    9  3.71747555794268E-12 -8.84647334477576E-15
gfc    29   10  9.89509136610147E-14 -4.35717552226153E-12
gfc    29   11 -5.30132064136674E-12 -2.75316189246804E-12
gfc    29   12 -3.64894411439116E-12  1.41128614873567E-12
gfc    29   13  5.11220613590870E-13  1.18921290317526E-12
gfc    29   14 -8.63584607585009E-14  1.08342848544060E-12
gfc    29   15 -7.15268876369561E-13 -5.74733361640757E-13
gfc    29   16  5.69417346982315E-13 -8.84385312991617E-13
gfc    29   17 -8.73994059705991E-15 -2.03949996033954E-13
gfc    29   18  1.43816674808677E-12  9.18433418020363E-14
gfc    29   19 -2.59415517409956E-13  3.17953764337990E-12
gfc    29   20 -2.28676223571452E-12 -5.75471453448100E-13
gfc    29   21  1.35296427213010E-12  2.58365206880454E-13
gfc    29   22 -1.78971830797002E-12 -5.52394565033042E-13
gfc    29   23 -6.33921471589596E-13 -3.32233569954672E-13
gfc    29   24  1.51378651635884E-12 -1.41569380044407E-12
gfc    29   25 -2.46784340370280E-13  1.21279983486504E-12
gfc    29   26 -1.34732194070511E-12 -2.64711678201890E-12
gfc    29   27 -9.01592903152706E-13  1.50113060452705E-12
gfc    29   28 -4.03969510731103E-13 -1.87052980296343E-12
gfc    29   29  2.80704466256259E-12 -4.30245015114854E-13
gfc    30    0  5.67455478425311E-12  0.00000000000000E+00
gfc    30    1 -1.58517899068329E-12  1.68888755253222E-12
gfc    30    2  4.86791654346286E-12 -1.98981424834619E-12
gfc    30    3  1.43795128958771E-12  3.84354980714865E-12
gfc    30    4  3.58837263139067E-12 -6.75803335355925E-13
gfc    30    5  6.18269266053758E-12  9.17613489774011E-14
gfc    30    6 -2.47218767374468E-14 -3.09093745359502E-12
gfc    30    7 -4.09372100317381E-12 -6.87854284915003E-13
gfc    30    8 -1.88532476916094E-12  1.41955040129897E-12
gfc    30    9  2.55171743461200E-12 -3.54392342818573E-13
gfc    30   10  1.46204002649710E-12 -6.07722927219819E-13
gfc    30   11 -3.42388941947960E-12 -5.95790915011181E-13
gfc    30   12 -2.46585561388407E-12  1.95459339307676E-12
gfc    30   13  3.44991228546826E-14  9.86243469466674E-13
gfc    30   14 -2.37589324981194E-12  1.19205805855501E-12
gfc    30   15  3.66117653742459E-13  4.45232562054514E-13
gfc    30   16  1.91626502037918E-12 -1.20897402922771E-13
gfc    30   17  2.48370559717631E-12  1.10312938791761E-12
gfc    30   18 -2.70958534820820E-12  2.69525511812448E-12
gfc    30   19 -2.23887162768387E-12 -4.16653205653912E-13
gfc    30   20  4.90026454695260E-13 -1.49207026146993E-12
gfc    30   21  2.05629749091962E-12  8.34775087881395E-13
gfc    30   22 -2.67285350284510E-12 -6.83015154413333E-13
gfc    30   23  1.04334488959293E-12  6.90546890607543E-13
gfc    30   24 -5.45890894770946E-13  8.49400803693951E-13
gfc    30   25  1.06626742531420E-12 -2.49698360239781E-13
gfc    30   26 -1.10352489133331E-12  8.23796755503068E-13
gfc    30   27  1.06496402874531E-12 -8.81606341712856E-13
gfc    30   28 -1.27589978491514E-12 -1.92226389018080E-13
gfc    30   29  2.11037007115896E-12 -3.63110561473841E-13
gfc    30   30  1.94561227518977E-13  1.87649508086084E-12
gfc    31    0 -5.42814375049293E-12  0.00000000000000E+00
gfc    31    1 -1.54523329158619E-12 -2.45228215937621E-12
gfc    31    2  7.05062369722806E-13  5.96722516495823E-12
gfc    31    3 -1.59859414730904E-12 -3.16830360439741E-12
gfc    31    4  5.69511642568132E-12 -1.32783049874599E-12
gfc    31    5 -2.69624518174523E-12 -6.62962570817890E-14
gfc    31    6  2.90510845446195E-12 -2.07912451036056E-12
gfc    31    7  3.83255206524857E-14  4.33610457343818E-12
gfc    31    8 -1.38763817946794E-12  3.00137483973077E-12
gfc    31    9 -5.30279095542351E-13 -6.70964817392928E-13
gfc    31   10 -1.71993431956857E-12 -3.70462031992191E-12
gfc    31   11 -1.84318445412819E-12  2.79475561972190E-13
gfc    31   12 -5.15200669592187E-13  3.11136274481122E-12
gfc    31   13 -1.48003471587451E-12  1.27981412478632E-12
gfc    31   14 -9.41747263007691E-13  2.08978551060411E-12
gfc    31   15 -2.02516097104343E-12  1.44816455509936E-12
gfc    31   16  1.41304874719798E-12  1.49733404243491E-12
gfc    31   17  5.08618038235789E-13  2.75599752603695E-13
gfc    31   18 -7.42716809856410E-13  4.75311472663642E-13
gfc    31   19 -1.25167234147720E-12 -3.34936473438605E-13
gfc    31   20 -3.33365270602634E-13  4.48292635740957E-13
gfc    31   21  1.28691667626918E-12 -1.41617362019810E-12
gfc    31   22 -1.84808300031080E-12  1.32147567808158E-12
gfc    31   23 -9.09121814479469E-13 -1.74727929949367E-12
gfc    31   24  8.60630126770280E-13  1.84004251740561E-12
gfc    31   25 -4.80797092058033E-13 -1.03541789077052E-12
gfc    31   26 -5.95906330631615E-13  1.44063788595624E-12
gfc    31   27 -9.57904247778233E-16 -8.21338591358453E-13
gfc    31   28 -4.72353105420597E-13  1.32261715506595E-12
gfc    31   29 -1.39825307755190E-13 -1.64442019244237E-12
gfc    31   30  2.77813951061740E-13  2.31408918199988E-12
gfc    31   31 -1.43571711868317E-12 -5.27027496399555E-13
gfc    32    0  1.95155903201084E-12  0.00000000000000E+00
gfc    32    1  2.63503252985992E-13  7.32162287403548E-12
gfc    32    2  2.40707823908250E-12 -9.91896920970482E-13
gfc    32    3  5.25465300399632E-12  3.87258373614796E-12
gfc    32    4  2.93392950710275E-12  1.82655619366630E-12
gfc    32    5  2.97386003254995E-12  1.07684846734406E-12
gfc    32    6 -1.35390431066644E-12  2.23212468728192E-12
gfc    32    7 -2.75570593147034E-12  2.21270612678208E-12
gfc    32    8 -2.48960860166870E-12  1.24571093043262E-12
gfc    32    9 -1.87981284563640E-13  1.49310666827562E-12
gfc    32   10 -2.59582049319389E-12 -1.05459792750042E-12
gfc    32   11 -3.61954426829385E-12  4.21792237822655E-13
gfc    32   12 -1.60174798725509E-12  8.09823988271718E-13
gfc    32   13 -2.28302206844973E-12  2.06997522657788E-12
gfc    32   14 -1.05559865266564E-12  9.04963375308854E-13
gfc    32   15  4.51281375016770E-13  1.16937062810961E-12
gfc    32   16  2.30005207668910E-12  1.66758184446672E-12
gfc    32   17 -1.72001694152398E-12 -6.50136843576347E-15
gfc    32   18 -7.76371542297609E-13 -3.15879886876424E-13
gfc    32   19 -1.15608673011733E-12 -1.93815972778255E-12
gfc    32   20  2.54038224390787E-12 -6.73434038008112E-13
gfc    32   21 -1.87416632478628E-13  1.37886550080221E-12
gfc    32   22 -2.25114704745417E-12  5.24896419424070E-13
gfc    32   23 -4.21365456500743E-13 -1.97774946738717E-12
gfc    32   24 -5.72472427263218E-14  1.66340212479192E-12
gfc    32   25 -2.55599566477365E-12 -1.68617403772236E-12
gfc    32   26  2.13037311151931E-12  6.64585076314707E-13
gfc    32   27 -2.24266159476304E-12 -8.46783436756358E-14
gfc    32   28  1.84614838696429E-12 -5.00973977046862E-13
gfc    32   29 -7.28083055817999E-13  1.39214098186740E-14
gfc    32   30  1.18238761324612E-12  6.95438731891925E-15
gfc    32   31 -2.44958488716660E-12  4.44305861964848E-13
gfc    32   32  7.34982983121173E-13 -5.66452908734615E-13
gfc    33    0 -3.65224913264345E-12  0.00000000000000E+00
gfc    33    1 -1.94757569800783E-13 -2.42115545149245E-12
gfc    33    2 -8.44996463152631E-13  2.36222062866058E-12
gfc    33    3 -2.35778000350028E-12 -4.49701131840192E-12
gfc    33    4  3.38543471115854E-13 -9.39306243073568E-13
gfc    33    5 -3.51288739682764E-12  8.36207698694771E-14
gfc    33    6  4.11853370826708E-13 -3.34518954434720E-12
gfc    33    7  2.28040547998380E-12  1.32244574445069E-12
gfc    33    8 -1.22083620473888E-12 -8.06723518306855E-13
gfc    33    9 -7.14047528472561E-13  7.21016808417611E-13
gfc    33   10 -1.28422103670875E-12 -1.30762857654848E-12
gfc    33   11  3.95711079979218E-13  9.99291708905796E-13
gfc    33   12 -2.25583963686837E-12  1.85609393362314E-14
gfc    33   13 -3.73284280260740E-12  1.64531268696104E-12
gfc    33   14 -1.37330844238023E-12  1.74022709582478E-12
gfc    33   15  1.71279695412535E-12  3.05046582776918E-12
gfc    33   16  3.22563332015412E-12 -1.41792854297725E-12
gfc    33   17 -3.47075196926226E-13 -8.75900277338885E-13
gfc    33   18 -1.93070031094310E-13 -2.58677197460114E-12
gfc    33   19  1.70603501856526E-12  3.81935903938239E-13
gfc    33   20  6.71550812503612E-13  1.11088660964298E-12
gfc    33   21 -1.02038113843153E-12 -4.10704083587786E-13
gfc    33   22 -2.25687766213388E-13 -7.17969609186954E-13
gfc    33   23 -5.00009806821566E-13  1.34239797657745E-12
gfc    33   24  1.32301357522052E-12 -7.53372920310495E-13
gfc    33   25 -2.03787541419250E-12 -5.11863830875062E-13
gfc    33   26 -6.57844740984025E-13 -1.53094369260198E-12
gfc    33   27 -2.09936109597074E-13  1.69753786906117E-12
gfc    33   28  5.60358197163230E-13 -1.86720422810799E-12
gfc    33   29 -3.90775661531948E-13  9.13982412368263E-13
gfc    33   30 -6.22921734153678E-14 -1.06681081242036E-12
gfc    33   31 -1.47363782125221E-13  1.68201756087312E-12
gfc    33   32 -3.44565661263935E-13 -3.28190739365557E-12
gfc    33   33  1.55255873278281E-12  9.72723658125420E-13
gfc    34    0  9.13668731159052E-13  0.00000000000000E+00
gfc    34    1  3.62238981858529E-12  6.65644561410972E-12
gfc    34    2 -5.00194013321799E-13 -1.36884079199815E-12
gfc    34    3  6.26039655328180E-12  1.00766582092186E-12
gfc    34    4 -7.48113761147347E-13  5.18909826624324E-12
gfc    34    5  1.71205997486200E-13  1.32949115092135E-13
gfc    34    6 -2.73380352914405E-13  3.58423482167371E-12
gfc    34    7 -2.00146189148329E-12 -2.86781964523778E-12
gfc    34    8 -3.53778156900408E-13 -1.42454184465356E-12
gfc    34    9 -6.40065442142029E-14 -5.05258575472522E-13
gfc    34   10 -6.66989952996897E-13  3.18043190706425E-12
gfc    34   11  1.61224068994562E-12  7.92709340251378E-14
gfc    34   12 -1.75285901569953E-13 -5.71390958060294E-13
gfc    34   13 -1.48975047419680E-12  1.45214058807176E-12
gfc    34   14 -1.79086296549362E-12  3.91172726523266E-12
gfc    34   15  2.55881662579626E-12  3.84317310646999E-12
gfc    34   16  1.91449934800087E-12  4.91385964090213E-13
gfc    34   17  6.38201471724886E-13 -1.96545516756332E-12
gfc    34   18  2.38646488330143E-13 -2.96109922923646E-12
gfc    34   19  9.97502211645263E-13 -6.62145550147674E-14
gfc    34   20  1.70313065936811E-12  2.12682006615835E-12
gfc    34   21 -7.05877014388096E-13  2.18391771057194E-12
gfc    34   22 -2.73548547140230E-12 -8.19101824149787E-13
gfc    34   23  6.69267068643684E-13 -2.63359139939202E-13
gfc    34   24  4.98993634747180E-13  1.22923502558706E-12
gfc    34   25 -2.02346980490210E-13 -1.81455330813418E-12
gfc    34   26  4.56697103368312E-13 -3.78921141299302E-13
gfc    34   27 -9.26079228284043E-13  1.11586241705635E-12
gfc    34   28 -8.66940403646513E-13 -1.24805111128677E-12
gfc    34   29  1.50623634526591E-12  7.21960116865502E-13
gfc    34   30 -1.35262624667168E-12 -1.00352364493667E-12
gfc    34   31  1.26413073309504E-12 -1.24102446518348E-13
gfc    34   32 -7.90808085095675E-13  1.11571706351026E-13
gfc    34   33  2.04344577749733E-12 -7.83324804114044E-13
gfc    34   34  2.35886475941967E-13  1.55342279589458E-12
gfc    35    0  3.55267968549618E-13  0.00000000000000E+00
gfc    35    1  1.33445870108622E-12 -3.57013301133254E-12
gfc    35    2  1.54458428356430E-12 -2.26447661062596E-12
gfc    35    3 -2.79189636408437E-12 -4.49910575510050E-12
gfc    35    4  8.25609569262585E-13 -1.46741391316761E-12
gfc    35    5 -1.66640946894886E-12  5.02298677101830E-13
gfc    35    6  3.56085649691723E-12 -1.35608195975764E-12
gfc    35    7  4.01258821700094E-12  2.70890529475893E-13
gfc    35    8 -4.69555379117822E-13 -3.19895895086909E-13
gfc    35    9 -3.38872044929758E-12  1.06969899907960E-12
gfc    35   10 -2.07728469571419E-13  1.56013962442032E-12
gfc    35   11  1.39633957524023E-12  2.21521313524498E-14
gfc    35   12 -3.50066377249637E-13  1.37443425866568E-13
gfc    35   13 -2.20325339194057E-12  1.31745496992580E-12
gfc    35   14 -3.96760753198118E-13  4.21785882767825E-12
gfc    35   15  2.42155782396840E-12  3.15839204926075E-12
gfc    35   16  1.19833678393373E-12  6.43324726827864E-13
gfc    35   17  7.13321562174711E-13 -1.76544516375414E-12
gfc    35   18  8.49392790051455E-14 -5.53254009077701E-13
gfc    35   19 -1.85009988626796E-13  4.52497166321125E-13
gfc    35   20 -8.64058174565832E-13  2.15303705117604E-12
gfc    35   21 -2.02557033140327E-12 -7.63089125641522E-13
gfc    35   22  1.61931358340957E-13  7.87127470530631E-13
gfc    35   23 -1.27231295551888E-13 -8.46403952053997E-14
gfc    35   24 -1.58842516159150E-12 -2.57507559505060E-13
gfc    35   25  8.13921068532091E-13 -1.99904654937958E-12
gfc    35   26  4.67040124564454E-13  1.65464255176389E-12
gfc    35   27 -4.96572032582199E-13 -1.48830298216824E-12
gfc    35   28 -2.44583578821332E-13 -6.88117783657937E-13
gfc    35   29  5.12776557284218E-13  4.85842157249555E-13
gfc    35   30 -4.38297341423334E-13  1.03480952971026E-12
gfc    35   31  1.05141596077471E-12 -9.39468236819461E-13
gfc    35   32 -4.16774570828400E-13  1.65292374026938E-12
gfc    35   33  1.02343157627192E-12 -8.87608389839521E-13
gfc    35   34  4.04166920531520E-14  2.09947476767740E-12
gfc    35   35 -1.32783736024706E-12 -4.90645297776185E-13
gfc    36    0  1.22844224258050E-12  0.00000000000000E+00
gfc    36    1  2.30254450195762E-12  7.37783787584547E-12
gfc    36    2 -2.82612487346179E-12  1.90363512449581E-13
gfc    36    3  3.75474973049092E-12  7.32014069437689E-13
gfc    36    4 -2.32632773641845E-12  3.69255562117241E-12
gfc    36    5  5.89899615963852E-13 -1.42924589569644E-14
gfc    36    6  2.64041579096113E-12  1.73939028932706E-12
gfc    36    7 -1.69547921669166E-12 -1.83775889803547E-12
gfc    36    8  1.07205271137730E-12 -3.86744524526970E-13
gfc    36    9 -2.55348266723794E-12  1.21505830744417E-12
gfc    36   10  4.62120834402170E-13  4.15042435689533E-12
gfc    36   11 -2.97356401544296E-13 -1.18000574563379E-13
gfc    36   12 -3.00780193877562E-13 -1.27506034973393E-12
gfc    36   13 -2.40831430634011E-12  1.22692263200985E-12
gfc    36   14 -1.26758587440830E-12  4.34448614169059E-12
gfc    36   15  2.58520149073214E-12  1.84522533290064E-12
gfc    36   16  2.41426912163823E-12 -9.79670677399679E-13
gfc    36   17 -1.45694469718398E-12 -1.99510144301852E-12
gfc    36   18  1.11548091042377E-13 -1.86382442491498E-13
gfc    36   19 -1.22257777311773E-12  6.51986044911744E-13
gfc    36   20 -8.74232258221088E-13  4.53836278669186E-13
gfc    36   21 -1.76293926418474E-12 -2.24986580368602E-13
gfc    36   22 -6.20687642863669E-13 -4.59420939073065E-13
gfc    36   23  2.07788687327895E-13 -6.34531177713400E-13
gfc    36   24  3.62552883314063E-13 -3.65207273373825E-13
gfc    36   25 -1.50246005172501E-12 -2.00301443987008E-12
gfc    36   26  1.64706245465672E-12  4.86937651117530E-13
gfc    36   27 -1.70329254400185E-12  1.32379591400068E-12
gfc    36   28  1.89885099827621E-12 -2.41905456037500E-12
gfc    36   29  1.00374493953748E-13 -2.24658250262520E-13
gfc    36   30 -4.92557633535088E-13  1.36347642052370E-12
gfc    36   31 -2.22319977360543E-13 -3.77457034200874E-13
gfc    36   32  1.46117640340913E-12  9.81442869786196E-13
gfc    36   33 -1.96738581419725E-12 -2.91846442613489E-13
gfc    36   34  8.11569899473514E-13  6.53800274688464E-13
gfc    36   35 -1.13899309777017E-12  1.35364378483386E-12
gfc    36   36 -3.10957754315052E-14 -1.25097636369917E-12
gfc    37    0  3.10059451185703E-12  0.00000000000000E+00
gfc    37    1 -1.19142774713749E-12 -3.03284233113651E-12
gfc    37    2  1.84194447434277E-12 -3.30851402180919E-12
gfc    37    3 -4.49092117824924E-12 -2.36669049727087E-12
gfc    37    4 -3.44348635937373E-13 -2.28821560426780E-12
gfc    37    5  2.29979301489389E-12  3.39844266098488E-13
gfc    37    6  1.44987642081198E-12 -3.05710298546377E-12
gfc    37    7  3.20291584451663E-12 -1.28478976756910E-12
gfc    37    8 -2.60918030174692E-12 -7.83080408379061E-13
gfc    37    9 -3.66754090807383E-12  2.48008000714960E-13
gfc    37   10  8.56057993981883E-13 -8.36860424689887E-15
gfc    37   11  2.77740069810348E-12  2.93903321227857E-13
gfc    37   12 -1.24163525463024E-12 -9.76270719145974E-13
gfc    37   13 -2.44657093744674E-12  1.04296809727004E-12
gfc    37   14 -2.61923546517051E-13  3.06359255974160E-12
gfc    37   15  2.54150395063230E-12  4.45284555846969E-13
gfc    37   16  1.85429864882622E-12 -2.13247127709425E-12
gfc    37   17  1.07527043300431E-12 -1.40130666106154E-12
gfc    37   18 -7.17720863129262E-13 -2.81581862577513E-13
gfc    37   19 -1.61510476325460E-12 -2.28746374899216E-13
gfc    37   20 -5.28893173368411E-13 -1.15218053753445E-12
gfc    37   21  5.53265169868879E-13 -5.61345967733675E-13
gfc    37   22  1.17032369470284E-12 -1.41374519055873E-12
gfc    37   23 -4.91938407684683E-13  2.22059726997239E-12
gfc    37   24 -1.40480063027227E-13 -1.93217743808424E-12
gfc    37   25  6.15802151528298E-13 -1.47327834344232E-12
gfc    37   26  1.61287907270280E-12  2.36003664131245E-13
gfc    37   27 -2.89837770910036E-12  8.54478089224951E-13
gfc    37   28  2.75636490149902E-12 -1.54896055651762E-12
gfc    37   29 -2.13366520258460E-13  2.56754418175381E-12
gfc    37   30 -2.06958401505885E-13 -1.92290670205940E-12
gfc    37   31 -4.49139455638248E-13  1.12099512950327E-12
gfc    37   32  2.26888223043087E-13 -3.92203197813146E-13
gfc    37   33 -7.05493745454514E-13  8.36651763731239E-13
gfc    37   34  1.23955328242119E-13 -1.56256841681415E-12
gfc    37   35 -7.18357731487470E-13  1.86108280098261E-13
gfc    37   36  8.28583957378856E-13 -7.97405661938233E-13
gfc    37   37  3.14000939811306E-13  7.93061495018248E-13
gfc    38    0 -6.78168101678108E-13  0.00000000000000E+00
gfc    38    1  2.60904717135295E-13  2.61658314159375E-12
gfc    38    2 -3.35451601769670E-12  2.95844359766688E-14
gfc    38    3  2.37509366246818E-12  2.26747412383566E-13
gfc    38    4 -1.09750801380192E-12  3.14771086193309E-12
gfc    38    5  2.66833135954035E-12 -8.93070403602059E-13
gfc    38    6  9.28855192629676E-13  2.05576113222256E-12
gfc    38    7 -2.52090519882815E-12 -2.25669339014446E-12
gfc    38    8 -1.83291499445091E-12 -1.38300754488442E-12
gfc    38    9 -5.39110428572067E-13  2.37874896019914E-13
gfc    38   10  5.19996134387313E-13  2.73684347857692E-13
gfc    38   11  1.76596665316259E-12 -1.18003994110450E-13
gfc    38   12  1.09446648225216E-13 -1.48768606961080E-12
gfc    38   13 -2.13061323249837E-13  1.52257239162072E-12
gfc    38   14  2.26187958933173E-13  2.50103840603419E-12
gfc    38   15  3.12433430993588E-12  2.22043269855856E-14
gfc    38   16  1.57607875676336E-12 -1.21396903937526E-12
gfc    38   17  1.70945955705752E-12 -6.68528689890544E-13
gfc    38   18 -7.67966697000569E-13 -5.19948550587591E-13
gfc    38   19 -2.77325192600857E-14 -1.47417143038344E-13
gfc    38   20 -2.71656241908561E-15 -1.63493914606162E-12
gfc    38   21  1.96699814171528E-12  1.20157851045097E-12
gfc    38   22 -9.96401251244388E-13 -7.56557464605322E-14
gfc    38   23  7.33614836449343E-13 -1.64526394560946E-13
gfc    38   24  6.60762672343688E-13 -7.71148137422797E-13
gfc    38   25  1.96031829604176E-13  1.19915735069375E-12
gfc    38   26  8.61881684690957E-13 -1.18755025275207E-13
gfc    38   27 -1.40771617748756E-13  8.13269073560497E-13
gfc    38   28 -4.61187848194047E-14 -1.84050917198855E-12
gfc    38   29  1.43009213472358E-12  3.17493309592240E-12
gfc    38   30 -1.88972820596557E-12 -3.65172287939346E-14
gfc    38   31  1.86537509198407E-12 -4.22409886494615E-13
gfc    38   32 -1.91929199508357E-12  1.08892465784053E-13
gfc    38   33  2.27933063137714E-13  1.69746824061226E-13
gfc    38   34 -8.63432594847176E-13 -7.36448615302827E-13
gfc    38   35  1.06144010425050E-12  6.64592117591422E-15
gfc    38   36 -8.79420036764673E-13 -8.35592157201088E-13
gfc    38   37  2.55592656050865E-12  2.44337779941602E-13
gfc    38   38 -5.84401581463695E-13  1.19995550264224E-12
gfc    39    0  4.28142088305650E-12  0.00000000000000E+00
gfc    39    1 -3.03363987943949E-12 -2.01541969179064E-12
gfc    39    2  2.84203297379314E-12 -3.62133951859752E-12
gfc    39    3 -3.83758451577076E-12 -5.84980245232634E-13
gfc    39    4  1.96556440568394E-12 -2.08040779887149E-12
gfc    39    5  3.61800159246952E-12 -3.22111639822831E-13
gfc    39    6  7.34504218484478E-13 -2.41247035968376E-12
gfc    39    7  1.27698193165361E-12 -9.88497560479839E-13
gfc    39    8 -3.88193700608584E-12  8.73826248610303E-13
gfc    39    9 -2.92241820132310E-12  1.29888922871318E-13
gfc    39   10  1.22864310188729E-12 -6.95006109398933E-13
gfc    39   11  1.65096244126219E-12 -4.85601634453274E-13
gfc    39   12 -7.99116655820954E-13  7.38014368964140E-13
gfc    39   13 -8.41892843687806E-13  9.25306231285263E-13
gfc    39   14  2.09419250496457E-12  2.12990392519598E-12
gfc    39   15  2.98572600312525E-12 -2.16636637055769E-13
gfc    39   16  8.82376486277387E-13  5.63064354984693E-13
gfc    39   17  5.35343320244742E-13 -2.39896418836209E-13
gfc    39   18 -1.03138606009960E-12  8.56415701768388E-13
gfc    39   19 -2.55013214753797E-13 -1.78108022141478E-12
gfc    39   20  3.84475545536367E-13 -1.19403733841795E-12
gfc    39   21  2.23558954489717E-12  1.09252520254685E-12
gfc    39   22 -9.14748055626986E-13  1.77569703636900E-12
gfc    39   23 -6.60022485545930E-13  1.15552732624308E-13
gfc    39   24 -1.07366193767676E-12 -1.23052944465335E-12
gfc    39   25  9.91894102500954E-13  2.49342224974768E-13
gfc    39   26 -3.03668980435080E-14  1.63094600631499E-12
gfc    39   27 -7.54962388744264E-13 -3.42041871830251E-13
gfc    39   28  1.31031637641870E-12 -9.34941215454975E-13
gfc    39   29  4.44737163400494E-13  2.52768235766272E-12
gfc    39   30 -4.11326793260109E-12 -1.42083364405187E-13
gfc    39   31  2.75641281016789E-12 -6.98877338938263E-13
gfc    39   32 -8.06524101072175E-13  1.97704431189092E-12
gfc    39   33 -3.25386632595280E-13 -1.60318295800960E-12
gfc    39   34 -7.95127346872948E-13  7.95616652342451E-13
gfc    39   35  8.74091992120794E-13 -4.14016348121007E-13
gfc    39   36 -2.37113043359811E-14  5.36881701184212E-13
gfc    39   37  4.01829736184375E-13 -6.92688232129168E-13
gfc    39   38 -2.59824714746322E-13  1.95620184217018E-12
gfc    39   39 -9.81266422034016E-13  1.14955823308703E-13
gfc    40    0 -2.93389295284197E-12  0.00000000000000E+00
gfc    40    1 -1.50445484195346E-12  1.29112829773843E-12
gfc    40    2 -2.74521465717143E-12  2.03857769026981E-12
gfc    40    3 -5.04956860573366E-13 -7.77858061167051E-14
gfc    40    4  4.60159453896397E-13  1.84457938138449E-12
gfc    40    5 -1.01897210414621E-12 -9.42494318330150E-13
gfc    40    6 -1.68812493832122E-12  3.23193887308958E-13
gfc    40    7 -3.62676787493362E-12 -1.94172126177408E-12
gfc    40    8 -1.77927383715146E-12 -1.49602671218467E-12
gfc    40    9  4.55224179352990E-13 -5.17943029985449E-13
gfc    40   10 -3.76869112335113E-13 -1.43754079823951E-13
gfc    40   11 -6.66115644309771E-13  8.95781898575372E-13
gfc    40   12 -1.01584364158789E-12 -2.61424656546288E-13
gfc    40   13  5.17875950575160E-13  1.95371812511925E-12
gfc    40   14  8.50226202558971E-13  9.06927399021185E-13
gfc    40   15  1.96011686324230E-12 -4.03727938571454E-13
gfc    40   16  1.06460643236892E-12 -3.23144594186478E-14
gfc    40   17 -9.39816359219936E-14 -4.68316120937996E-14
gfc    40   18 -3.21530759166913E-13  1.03706908315638E-13
gfc    40   19 -1.28243489108186E-13 -1.54323256479928E-12
gfc    40   20 -1.03637681821243E-12  3.93999323386510E-13
gfc    40   21  9.66033296948467E-13  5.82226307307725E-13
gfc    40   22 -1.45839562275572E-12  6.87488097869920E-13
gfc    40   23 -7.66485679655692E-13 -9.92872664142300E-13
gfc    40   24  7.70841992127805E-13  5.41852308887079E-14
gfc    40   25 -1.16255508286698E-12  7.38537589183085E-13
gfc    40   26 -9.44740873785030E-13 -7.00976878660310E-13
gfc    40   27 -2.03039897398490E-13 -5.68100814087210E-13
gfc    40   28  7.77645370381971E-13  4.54514129052716E-13
gfc    40   29  4.01633014998880E-13  5.94366292273578E-13
gfc    40   30 -1.86325811953410E-12 -7.75155059628572E-13
gfc    40   31 -7.12988444319870E-14 -9.94281095356659E-13
gfc    40   32  2.77933049241714E-13  1.23302247850689E-12
gfc    40   33 -6.27558275348722E-13 -8.17385892412502E-13
gfc    40   34  8.92158233345104E-13  7.40090980017686E-14
gfc    40   35 -5.43700239112869E-13 -1.92715662770045E-13
gfc    40   36  9.19955130281949E-13  1.29387745636575E-12
gfc    40   37 -1.15566720332658E-12 -2.32845332093950E-13
gfc    40   38  6.35988094685257E-13  1.18763940386450E-12
gfc    40   39 -2.51363537375553E-12 -9.58520345899752E-14
gfc    40   40 -2.85583302256589E-13 -1.26228774554784E-12
gfc    41    0  2.38634732396569E-12  0.00000000000000E+00
gfc    41    1 -2.53280407429172E-12 -8.98074293841548E-13
gfc    41    2  2.49075904786719E-12 -1.83993548254501E-12
gfc    41    3 -1.72758222558432E-12  1.66266282073133E-12
gfc    41    4  2.62303716964450E-12 -2.72041992680339E-12
gfc    41    5  1.28723582906233E-12 -1.57526231942423E-12
gfc    41    6 -3.33702885963416E-12 -2.82058904485870E-12
gfc    41    7 -8.47434100740366E-13 -1.11620289113020E-12
gfc    41    8 -2.78857112257696E-12  1.19811409469874E-12
gfc    41    9 -2.40470027405004E-12 -7.73202348627596E-13
gfc    41   10 -7.39442887838530E-13 -2.58276330085086E-12
gfc    41   11 -1.51815217007329E-12  3.47949692493796E-14
gfc    41   12 -7.18016344791396E-13  4.38824276433141E-13
gfc    41   13  1.62663701296295E-13  1.28114849345069E-12
gfc    41   14  3.65301674746886E-12 -9.02350511702162E-14
gfc    41   15  5.08562731369885E-13 -5.68909284397718E-14
gfc    41   16  1.97254870258505E-13 -3.93740876877392E-13
gfc    41   17  3.09051800430325E-13 -3.73163048505174E-13
gfc    41   18  4.01769163279798E-13 -1.36206038449776E-12
gfc    41   19 -4.46139786789009E-13 -1.31066378755907E-12
gfc    41   20 -3.72689271065344E-13  6.01885025034891E-13
gfc    41   21 -3.85972570917120E-13  1.64660108375800E-12
gfc    41   22 -1.73965165948508E-12 -5.39883929339785E-13
gfc    41   23 -4.79923035794428E-13 -9.41785299141861E-13
gfc    41   24  3.90169529069932E-13 -1.69714459644676E-12
gfc    41   25  5.19331021408742E-13  9.89819060595675E-14
gfc    41   26  2.62669465399359E-13 -3.11169683547629E-13
gfc    41   27  3.96566610549287E-13  2.18683002272847E-13
gfc    41   28  1.05551365766419E-13 -4.89475573304270E-13
gfc    41   29 -2.25814251111263E-13  2.51523113018510E-12
gfc    41   30 -1.40624426509542E-12 -2.18532879693617E-12
gfc    41   31  1.79308630097236E-12 -4.40695109182582E-13
gfc    41   32 -5.71707211661250E-13  1.43673943488553E-12
gfc    41   33 -1.80564755347862E-12 -4.29306661837884E-13
gfc    41   34  2.11574832502071E-12  2.56615780062370E-13
gfc    41   35 -1.22787323891503E-12  1.11803873473186E-13
gfc    41   36  7.89897644260812E-13 -4.19798172148532E-13
gfc    41   37 -1.06351444641342E-12  8.08365825490364E-13
gfc    41   38  3.82068918709179E-13 -1.41378670143734E-12
gfc    41   39 -3.44850741678986E-13  9.20183742806267E-13
gfc    41   40 -2.55935187125414E-13 -1.26622561261123E-12
gfc    41   41  7.97649705305371E-13  1.02168496602541E-13
gfc    42    0 -3.24815069498115E-12  0.00000000000000E+00
gfc    42    1 -7.02671567368860E-13 -1.76121131839286E-12
gfc    42    2 -2.17100757175896E-12  3.03892060668246E-12
gfc    42    3 -1.69878457508948E-12 -1.83711236330345E-12
gfc    42    4  9.77247309329002E-13  1.03304313721632E-13
gfc    42    5 -2.23425849235945E-12 -2.70597377803905E-12
gfc    42    6 -2.35537746392554E-12 -1.38489125695436E-12
gfc    42    7 -2.82651162573168E-12 -3.65790382419626E-13
gfc    42    8 -1.79293430120533E-13 -8.94214498101093E-13
gfc    42    9  2.88095117801283E-13 -4.00599349100169E-13
gfc    42   10 -2.32956748641510E-12 -3.12630986992688E-13
gfc    42   11 -3.01963420126931E-12 -2.48514387080651E-13
gfc    42   12 -1.56479192515349E-13  7.56425405775135E-13
gfc    42   13  2.60405685294672E-12  1.50517634483647E-12
gfc    42   14  1.56400774920212E-12  4.34215382412702E-13
gfc    42   15  5.79149793192909E-13 -5.36671896110923E-13
gfc    42   16 -1.53426929868957E-13 -2.79960949929907E-13
gfc    42   17  7.47793369687042E-13 -1.56926094328198E-12
gfc    42   18  4.62333193589159E-13 -1.84660935705764E-12
gfc    42   19 -1.90581680418123E-13 -1.15128768242338E-12
gfc    42   20 -1.54542691520954E-12  1.19828463652367E-12
gfc    42   21 -1.37646872536857E-13  7.25560346981292E-13
gfc    42   22 -4.25991797861809E-13 -4.77197849470720E-13
gfc    42   23  1.36655322829293E-12 -7.94828377874420E-13
gfc    42   24  5.69061206103059E-13  2.51094438870672E-13
gfc    42   25 -4.60614589426857E-13  1.09907912101288E-12
gfc    42   26 -5.71190839672519E-13 -1.76315095959794E-12
gfc    42   27  3.05969446593738E-12  1.55322971629605E-13
gfc    42   28 -6.75076693454534E-13  1.78981889557599E-12
gfc    42   29 -8.27062440249775E-13  1.18661464682481E-12
gfc    42   30 -1.29323767333112E-12 -1.85305576105627E-12
gfc    42   31  1.24873408702917E-12  8.09251000561377E-13
gfc    42   32 -1.61047448374810E-12  5.08087887127050E-13
gfc    42   33  1.17970627311167E-13 -8.69141531561256E-13
gfc    42   34 -9.02123938651447E-13  2.06781638539920E-13
gfc    42   35  1.82556572742976E-13  1.00141756844817E-12
gfc    42   36 -9.29370140592075E-13 -1.62395758889996E-12
gfc    42   37  7.06003339543617E-13  3.26479002076394E-13
gfc    42   38 -9.95644249876794E-13 -8.87927067579930E-13
gfc    42   39  1.42709418511551E-12  1.78313467557093E-13
gfc    42   40 -2.39752706882805E-13 -6.86788882255950E-13
gfc    42   41  1.31617821858772E-12  4.44256817373689E-14
gfc    42   42 -5.53381753599139E-13  8.58577836162004E-13
gfc    43    0  2.22075819886448E-12  0.00000000000000E+00
gfc    43    1  1.32007635108448E-14  2.27109609955734E-12
gfc    43    2  2.41844558835095E-12  2.05159359602867E-13
gfc    43    3  2.76050497208720E-13  8.72890756063350E-13
gfc    43    4  1.20122195502917E-12 -3.08851075020110E-12
gfc    43    5  8.25814050630746E-13 -1.91528223978609E-12
gfc    43    6 -2.94024582297325E-12 -1.99235903059642E-12
gfc    43    7 -7.21065707197007E-14  1.83903569597517E-12
gfc    43    8 -7.31567495185650E-13  2.45021128218441E-12
gfc    43    9 -3.74080403797077E-12 -8.11882023929894E-13
gfc    43   10 -1.97646900216558E-12 -1.22836900180615E-12
gfc    43   11 -2.58842708482180E-12  4.79863987443609E-13
gfc    43   12  6.33982973732991E-13  3.20001271343374E-12
gfc    43   13  2.08435137076415E-12  1.77276247107448E-12
gfc    43   14  1.94164146102005E-12 -7.99114357686460E-13
gfc    43   15 -8.65236868272557E-13 -2.55214450257531E-13
gfc    43   16 -9.25536713431360E-13 -9.19357877236149E-13
gfc    43   17  1.52330361094377E-12 -1.12806612874595E-12
gfc    43   18  4.27979679185916E-13 -2.35768642037210E-12
gfc    43   19 -7.91913990647816E-13 -2.61753915872714E-13
gfc    43   20 -2.32841459094390E-12  1.32892784253299E-12
gfc    43   21 -1.01243327947002E-13  8.51001280527257E-13
gfc    43   22  1.97022902169681E-15 -4.70628793284554E-13
gfc    43   23  1.45674503964860E-12 -4.15843155546439E-13
gfc    43   24  2.74417558120789E-13  9.12677679847942E-13
gfc    43   25  4.28430950460107E-13 -5.73082402489991E-15
gfc    43   26 -7.78652567898210E-13  8.45216042502484E-13
gfc    43   27  6.15426781459981E-13 -4.43240629344678E-13
gfc    43   28 -1.25037302593166E-12  1.08827138427479E-12
gfc    43   29  6.18448673523138E-13 -1.15265259258585E-12
gfc    43   30 -1.46366615220428E-12 -9.62848456593893E-13
gfc    43   31  2.06669402437965E-12 -4.99566735767662E-13
gfc    43   32 -1.92378263007956E-12  2.78232227422319E-12
gfc    43   33 -2.74154619031186E-14 -2.53510742426332E-12
gfc    43   34  1.43863746198292E-14  1.05215436778873E-13
gfc    43   35  7.22094736203445E-13 -3.14719478375479E-14
gfc    43   36 -5.06862696780659E-13  5.44279889455559E-13
gfc    43   37  7.46666341934183E-13 -7.05968997350462E-13
gfc    43   38 -9.98140487061932E-13  5.25550436390941E-13
gfc    43   39  7.08384621100768E-13 -7.52748862029974E-13
gfc    43   40 -8.84147882948989E-14  3.93439357541993E-13
gfc    43   41  7.81354674976289E-13 -5.94763379184717E-13
gfc    43   42  2.59360362044019E-13  1.38145120517705E-12
gfc    43   43 -4.54511070448475E-13 -7.45498958460050E-13
gfc    44    0 -2.63717923847985E-12  0.00000000000000E+00
gfc    44    1 -4.48112571765877E-13 -7.78544665821950E-13
gfc    44    2 -6.51599522197453E-13  3.09702409916814E-12
gfc    44    3 -3.30127800219606E-12 -2.85016681146344E-12
gfc    44    4 -1.90335049468912E-13 -1.33658391135612E-12
gfc    44    5 -3.11217163175710E-12 -1.78711107866181E-12
gfc    44    6 -3.26688533087891E-12 -4.93308804956058E-13
gfc    44    7 -2.18456855088478E-12  3.04001822622409E-12
gfc    44    8 -8.19850646185485E-13 -8.38367900156012E-13
gfc    44    9 -2.07268028174009E-12 -1.13492815933295E-12
gfc    44   10 -4.26785588497286E-12 -6.25353086928009E-13
gfc    44   11 -3.81781041789428E-12  7.06588464511552E-13
gfc    44   12  4.47996309323768E-13  2.42527793040065E-12
gfc    44   13  3.28897405462726E-12  1.33074820474671E-12
gfc    44   14  8.61769823109412E-13 -9.40939555100366E-13
gfc    44   15 -4.00505653962284E-13 -1.94560623863429E-12
gfc    44   16  8.20543990008231E-13 -1.39318850690713E-12
gfc    44   17  5.59568241112371E-13 -4.75352638282208E-13
gfc    44   18  6.54002044923747E-14 -1.44413201476397E-12
gfc    44   19 -2.22757146902796E-12 -3.91413709700916E-14
gfc    44   20 -1.71923509984050E-12  1.12851457719733E-12
gfc    44   21 -6.66898708950172E-13  5.07599346326819E-13
gfc    44   22  1.68096751773854E-12 -2.93504646444142E-13
gfc    44   23 -9.98583471855798E-14  8.22845944476851E-13
gfc    44   24  3.75284431146497E-15  6.22522916221187E-13
gfc    44   25 -4.71530876436600E-13 -1.18965872454602E-12
gfc    44   26  5.86711548019842E-13 -6.72451888085149E-14
gfc    44   27  1.26246670247307E-12 -1.03455818970599E-13
gfc    44   28 -1.41973674544348E-12  2.08790411620971E-12
gfc    44   29 -1.26016828922849E-12 -2.09947918780431E-12
gfc    44   30  9.78658352022454E-13 -9.48995574242363E-13
gfc    44   31  5.37807431362769E-13 -1.78230241278561E-13
gfc    44   32 -1.15796900524608E-12  9.86034991198002E-13
gfc    44   33  5.14923647450829E-13 -2.26580964846417E-12
gfc    44   34  9.23898194757152E-13  2.50879644037359E-12
gfc    44   35 -1.59603302388020E-12 -1.82985982571340E-12
gfc    44   36  1.54798598725773E-12  7.78756636530580E-13
gfc    44   37 -8.83710171260123E-13  1.20232429744120E-13
gfc    44   38  1.23172387696843E-12  8.85607130019822E-13
gfc    44   39 -1.02602114790571E-12 -3.04444652019003E-13
gfc    44   40  3.72876005765102E-13  8.95430916425260E-13
gfc    44   41 -4.80199514743140E-13 -2.87624196476542E-13
gfc    44   42  1.72785146959036E-13  8.20420263124507E-13
gfc    44   43 -1.95792001630723E-12 -4.00530067182195E-14
gfc    44   44  3.74478864976853E-13 -1.51128108517873E-12
gfc    45    0  1.28694191786046E-12  0.00000000000000E+00
gfc    45    1  8.20767100960072E-13  4.12967053446685E-12
gfc    45    2  9.90298230091736E-13 -9.66884827710996E-14
gfc    45    3  1.48222831929292E-12 -7.88984044725025E-13
gfc    45    4 -1.52985293631470E-12 -1.84637425486882E-12
gfc    45    5  1.02152415757124E-12 -2.75857709005827E-12
gfc    45    6 -4.11540790583026E-12 -2.30165348943030E-14
gfc    45    7  7.79971873927081E-15  2.57669509181382E-12
gfc    45    8 -1.55421841565658E-12  1.75039496501629E-12
gfc    45    9 -3.55213861667319E-12 -1.70132295959453E-12
gfc    45   10 -4.30261272948770E-12 -1.67731575911251E-12
gfc    45   11 -1.26308512691509E-12  1.60293026705119E-12
gfc    45   12  4.39646669354561E-13  3.29012776889480E-12
gfc    45   13  2.03571084902755E-12  1.02982277362958E-12
gfc    45   14  1.54946342015341E-12 -2.50862906254186E-12
gfc    45   15  2.13073535940766E-13 -1.77124438205013E-12
gfc    45   16  8.53124334733946E-14 -1.85001052822215E-12
gfc    45   17  2.29443988787047E-12 -2.06207162744730E-13
gfc    45   18 -9.91507404860501E-13 -1.49793530346855E-12
gfc    45   19 -2.32445405178331E-12  3.88647994178793E-13
gfc    45   20 -1.15192140905309E-12  8.88008769336808E-13
gfc    45   21  6.99291044378712E-13  1.25992762667332E-12
gfc    45   22  9.68817194267472E-13 -2.59422718935346E-13
gfc    45   23  2.03501868390874E-13  6.91830204980933E-13
gfc    45   24 -1.26404098318959E-13  4.32473899352310E-13
gfc    45   25 -4.89418707911834E-13 -9.91663456378585E-13
gfc    45   26  1.30404330970791E-12  3.94762386696913E-13
gfc    45   27 -7.70398929198941E-13 -5.78359481194059E-14
gfc    45   28  9.62015603117078E-14 -7.39253690250061E-13
gfc    45   29 -1.46349797357496E-13 -9.91505056208902E-13
gfc    45   30  1.72785717237357E-12  4.65323609118791E-13
gfc    45   31 -1.28472317564848E-12  3.85701649093098E-13
gfc    45   32  2.11298962468163E-14  3.65123169922261E-13
gfc    45   33 -1.13437876143366E-13 -1.93031349798904E-12
gfc    45   34  1.96676524350638E-12  7.61454306023906E-13
gfc    45   35 -1.88518411759100E-12  3.31616320946973E-13
gfc    45   36  1.06168220232185E-12 -7.59477889842873E-13
gfc    45   37 -9.73376110604596E-13  5.61791941634539E-13
gfc    45   38  7.59839100162224E-13 -4.11278698105681E-13
gfc    45   39 -4.37990909815686E-14  7.71206187455277E-13
gfc    45   40  3.91033317373577E-13 -1.57735086472951E-13
gfc    45   41 -1.39854485275159E-12  4.23355417659475E-13
gfc    45   42  6.93550767885542E-13 -3.06329756702233E-13
gfc    45   43 -1.08007589522163E-12  5.46117182767863E-13
gfc    45   44 -8.31300193218073E-14 -1.50682639668711E-12
gfc    45   45  1.01550202796396E-12 -7.69673910479198E-13
gfc    46    0 -5.83942042584093E-13  0.00000000000000E+00
gfc    46    1  1.64676246550481E-13 -1.87996866215832E-12
gfc    46    2  8.96812262567112E-13  1.11421854855754E-12
gfc    46    3 -4.17413889349875E-12 -4.36874875604467E-12
gfc    46    4 -9.86260550769713E-13 -1.60637331914284E-13
gfc    46    5 -2.77855657547001E-12 -1.75851676177225E-12
gfc    46    6 -3.05176805996482E-12 -9.77115972432938E-13
gfc    46    7 -1.38076724949763E-12  1.51071004998475E-12
gfc    46    8 -8.20910257006006E-13 -2.60173556245196E-12
gfc    46    9 -1.41524260000346E-12 -2.33210393402226E-12
gfc    46   10 -3.29432016298335E-12  9.57561829647334E-13
gfc    46   11 -1.31531408107012E-12  2.15978615600292E-12
gfc    46   12  1.17549113185335E-12  3.42224241597894E-12
gfc    46   13  2.76024396259697E-12  1.06136063534931E-12
gfc    46   14  8.74088032656748E-13 -9.64304680441009E-13
gfc    46   15  4.05821350447105E-13 -2.11679224251346E-12
gfc    46   16  1.31269802170238E-12 -7.44203260768323E-13
gfc    46   17  4.21874922247811E-13 -4.70615729841916E-13
gfc    46   18 -1.59164850812651E-12 -1.30839543468971E-12
gfc    46   19 -1.62378011391441E-12  9.76420518867927E-13
gfc    46   20 -5.48822023362761E-13  3.75019446086674E-13
gfc    46   21  1.51597565101691E-12  1.97649537886539E-12
gfc    46   22  2.36309018501326E-13  1.26199554106219E-13
gfc    46   23 -6.35641674565259E-14  1.28132171400933E-12
gfc    46   24 -8.21413576588611E-14 -9.52523418728612E-13
gfc    46   25  3.02847145413933E-13 -2.65367900620424E-13
gfc    46   26  1.13122128556273E-12  1.55217198891514E-13
gfc    46   27  1.01248254340688E-13  7.26775341668817E-13
gfc    46   28 -4.21609081610468E-13  3.19677951189914E-13
gfc    46   29 -3.13016465869009E-13 -1.40433191060097E-12
gfc    46   30  1.71753481745443E-12  2.46261426048184E-13
gfc    46   31  1.09745499313472E-13  1.71008613692782E-12
gfc    46   32 -1.11841452356241E-12  4.44411642632453E-13
gfc    46   33  1.42355892134279E-12 -1.09875497004324E-12
gfc    46   34 -1.05694735381623E-13  1.52381682329096E-12
gfc    46   35 -1.87025890928610E-12 -1.04983824394945E-13
gfc    46   36  1.54912964341384E-12 -1.50213014727377E-12
gfc    46   37 -4.01992368927578E-13  2.03531648700010E-12
gfc    46   38 -9.31620659486599E-13 -1.07101509433168E-12
gfc    46   39  9.56890956271599E-14  1.15415100373968E-12
gfc    46   40  1.57211162885588E-13 -1.37033273983562E-12
gfc    46   41  6.39111160088518E-13  6.29664068057745E-13
gfc    46   42 -1.04661503814154E-12 -8.51044520323562E-13
gfc    46   43  1.21254731134494E-12  6.61739044732340E-13
gfc    46   44 -7.52290471489637E-13 -1.07920615654947E-12
gfc    46   45  1.59748123463171E-12  5.34677317143433E-13
gfc    46   46  2.79348666250008E-14  9.69498678015385E-13
gfc    47    0  1.00831594008898E-12  0.00000000000000E+00
gfc    47    1  1.64859190249927E-12  3.76574552869358E-12
gfc    47    2  1.33902017188951E-12 -3.40866967529683E-13
gfc    47    3  2.25931555183874E-12 -3.59872786614713E-13
gfc    47    4 -2.02692923487978E-12 -2.04738765821366E-14
gfc    47    5  4.78837815720699E-13 -1.05848292289544E-12
gfc    47    6 -1.41698592904285E-12  1.35033455585814E-12
gfc    47    7 -5.66370860092728E-13  1.00117804367903E-12
gfc    47    8  3.72133727731450E-13  1.46740942472818E-12
gfc    47    9 -3.16058557379649E-12 -1.26072338461251E-12
gfc    47   10 -3.49231371188589E-12  9.50610737643605E-13
gfc    47   11 -5.95300965474311E-13  3.22475844916640E-12
gfc    47   12  1.48365369240650E-12  4.26112474375268E-12
gfc    47   13  1.75784527957409E-12  4.76913167739824E-13
gfc    47   14  2.33366601258696E-12 -8.69365637763948E-13
gfc    47   15  5.87958820896062E-13 -9.64410536422685E-13
gfc    47   16 -1.73585029827164E-13  2.76637904465392E-13
gfc    47   17 -3.93274135857132E-13 -6.14650619094001E-13
gfc    47   18 -2.25754609559231E-12 -2.65630861768606E-13
gfc    47   19 -1.48864031813781E-12  2.19948872005051E-13
gfc    47   20  7.32913564876861E-14  1.23461520968125E-12
gfc    47   21  9.57311612751842E-13  1.03000527146992E-12
gfc    47   22 -1.04615055326403E-13  1.01334473523331E-12
gfc    47   23 -7.42200450516215E-13  1.55951002939251E-13
gfc    47   24  7.05145371595275E-13 -1.55078456061640E-13
gfc    47   25  1.23480424478688E-13 -1.63775517006060E-13
gfc    47   26  5.12069665952142E-14  7.08903506101354E-13
gfc    47   27 -1.17967940696213E-12 -3.05419633911144E-13
gfc    47   28  6.40778822558072E-13 -1.41528835582715E-13
gfc    47   29  1.11365081990475E-12  4.30393847113417E-13
gfc    47   30 -9.44714024646763E-13  1.81247879576750E-12
gfc    47   31 -1.19015522170353E-12 -2.84031198110036E-13
gfc    47   32 -3.09103918408745E-13 -8.05899454790652E-13
gfc    47   33  1.46496265705979E-12 -4.18705418998770E-13
gfc    47   34 -3.47846297663993E-13  1.19300748231194E-12
gfc    47   35 -7.60569466487613E-13 -1.17355186977747E-13
gfc    47   36 -2.16877739778283E-13 -2.15145092048464E-13
gfc    47   37 -2.84090697556216E-13  6.51746332166424E-14
gfc    47   38 -2.88011191073501E-13 -4.02999981453894E-13
gfc    47   39  5.51784545021244E-13  4.03234158290245E-13
gfc    47   40 -2.02209732855199E-12 -1.81872148153745E-13
gfc    47   41  1.49650013905280E-12 -3.78289191704155E-13
gfc    47   42 -6.14971167558273E-13  6.28709055084763E-14
gfc    47   43  7.61512907663499E-13 -6.98035335208640E-13
gfc    47   44 -3.95741100677740E-13  7.17851905114276E-13
gfc    47   45  1.01832825960498E-12 -8.16516144754768E-13
gfc    47   46  3.33351080496134E-13  1.50276410090888E-12
gfc    47   47 -6.82980084893218E-13  1.30702937234258E-13
gfc    48    0  1.40338930344929E-12  0.00000000000000E+00
gfc    48    1 -9.29888690372498E-13 -1.20642298001613E-12
gfc    48    2  1.24772742048036E-12 -2.88224353612833E-13
gfc    48    3 -3.65925136476140E-12 -1.35625327446116E-12
gfc    48    4 -1.94850048323301E-12  2.57757763129805E-13
gfc    48    5 -2.38564839311259E-12  3.32974780837195E-13
gfc    48    6 -1.17503032500352E-12 -2.62650986041025E-12
gfc    48    7 -2.21523296495755E-12  9.05229588599159E-13
gfc    48    8  9.42906626687396E-14 -1.76656356619627E-12
gfc    48    9 -1.42186554742322E-12 -3.83699717729324E-13
gfc    48   10 -2.90268028240621E-12  2.69997623127553E-12
gfc    48   11 -1.94993209281069E-12  3.72614377497072E-12
gfc    48   12  9.01812469060095E-13  2.09309049617746E-12
gfc    48   13  1.55898127758433E-12  1.12302358507450E-12
gfc    48   14  2.20209683051504E-12  2.93663716031612E-13
gfc    48   15  4.88833640755086E-13 -1.42759632875764E-12
gfc    48   16  7.79943501838163E-13 -7.29582230995958E-13
gfc    48   17 -2.82032315404526E-12 -8.70860112060458E-13
gfc    48   18 -2.22181302507024E-12 -4.33446910680681E-13
gfc    48   19 -1.14553747903574E-12  5.77744249998385E-13
gfc    48   20  2.72207150614912E-13  1.79144863240161E-12
gfc    48   21  8.58714390506948E-13  6.16728494737357E-13
gfc    48   22 -7.57472887592635E-13  1.36555161401442E-13
gfc    48   23 -3.16752502328669E-13 -5.81293980676932E-13
gfc    48   24  6.06191024238878E-13 -1.71222049614857E-13
gfc    48   25  5.66358360561374E-13 -1.91182115430770E-13
gfc    48   26 -7.32898704722654E-13  1.12634649325357E-12
gfc    48   27 -1.39794539155816E-12 -9.48916592175222E-13
gfc    48   28  6.90805561608108E-13 -2.90299641356507E-13
gfc    48   29 -1.61837769941068E-13 -1.04052419890318E-14
gfc    48   30  4.07374215469771E-13  1.06518613348561E-12
gfc    48   31 -1.18462469715627E-12 -2.14077027878019E-13
gfc    48   32  2.62366900478489E-13 -7.17465228821556E-13
gfc    48   33  1.06456937480593E-13 -1.10770095461768E-12
gfc    48   34  6.60282559146334E-13  1.18453523448013E-12
gfc    48   35 -1.86081356237718E-12 -1.82199995301748E-12
gfc    48   36  2.33059428315960E-12  3.11793935790286E-13
gfc    48   37 -8.81798079497295E-13  1.06755742160984E-12
gfc    48   38 -1.61610009807986E-14 -6.25539615189921E-13
gfc    48   39  7.21595744272638E-13 -8.64090818536689E-13
gfc    48   40 -1.98271782334831E-13  8.13606127671716E-13
gfc    48   41 -1.43579863447905E-14 -9.27387081794907E-13
gfc    48   42  3.38220299343060E-13  1.82745788773766E-12
gfc    48   43 -7.08855137517058E-13 -1.33434694213296E-12
gfc    48   44  9.38521376881382E-13  6.72250441865675E-13
gfc    48   45 -1.06610761021635E-12 -4.70445459537435E-13
gfc    48   46  7.57342465196255E-13  6.19073907168206E-13
gfc    48   47 -1.35057372713941E-12 -8.81611310781375E-14
gfc    48   48  1.05883187595762E-12 -4.89801481923609E-13
gfc    49    0  1.26594233778277E-12  0.00000000000000E+00
gfc    49    1  1.67052604585878E-12  2.70419510818828E-12
gfc    49    2 -7.09596494294352E-13  1.11531767051351E-12
gfc    49    3  2.07188784081870E-12  8.72302107246270E-13
gfc    49    4 -4.11467939250748E-12  1.95954226504717E-12
gfc    49    5  1.33412651200324E-13  2.68370879854648E-13
gfc    49    6 -1.09136057445739E-12 -6.82400789080793E-13
gfc    49    7 -1.49588057519764E-12 -2.98933650164517E-13
gfc    49    8  3.34186707811664E-13  1.32967156314597E-12
gfc    49    9 -2.77500380283081E-12  7.20420087189253E-13
gfc    49   10 -3.80529922919190E-12  1.44791087541997E-12
gfc    49   11  4.12623266816736E-13  3.29894904680503E-12
gfc    49   12  9.07966858986670E-13  1.16954296317727E-12
gfc    49   13  1.24036546404673E-12  7.63784188590096E-13
gfc    49   14  2.67905851034430E-12 -5.54818363939675E-13
gfc    49   15  8.63449009606028E-13 -7.49403626017588E-13
gfc    49   16 -5.12969943426015E-13 -2.00899044025049E-12
gfc    49   17 -1.65726727269120E-12 -1.94840607839516E-12
gfc    49   18 -1.15099909712118E-12 -3.90067989825210E-13
gfc    49   19 -7.06620982293885E-13  1.37808975846837E-12
gfc    49   20  1.09719356908427E-12  1.93104898864311E-12
gfc    49   21 -1.75263797780626E-13  5.81892084753483E-13
gfc    49   22 -4.26703971605071E-13 -3.74071210506374E-13
gfc    49   23  5.30194705665172E-13 -4.26657108949653E-13
gfc    49   24  1.67330177718025E-12 -1.33447304519788E-12
gfc    49   25 -3.85667360545308E-13  6.15986777646945E-13
gfc    49   26 -4.83658087188761E-13 -3.56304832253514E-13
gfc    49   27 -3.77549970338240E-13  7.58472353204609E-14
gfc    49   28  1.04460940372598E-12 -7.19478019404229E-13
gfc    49   29 -2.55422741580959E-13  1.68667763208164E-12
gfc    49   30 -1.17979426320009E-12  2.72966926579772E-13
gfc    49   31 -9.97414756758269E-13 -1.61487356580096E-12
gfc    49   32  2.56616443665432E-12 -1.27517480254187E-12
gfc    49   33 -2.89910381655369E-13  1.06249069928999E-12
gfc    49   34 -2.33991758563876E-13  3.72986312462866E-13
gfc    49   35 -1.27833582850217E-12 -1.26717916064604E-12
gfc    49   36  2.33009430064447E-12 -3.56178078495232E-14
gfc    49   37 -1.50797980839642E-12  4.71470736426765E-13
gfc    49   38  1.89587101535315E-12 -6.10825873159111E-13
gfc    49   39 -4.12244775413463E-13  1.51879353437177E-12
gfc    49   40  3.18189004315213E-13 -8.39089857107768E-13
gfc    49   41 -1.91509463363156E-13 -3.35585793729255E-13
gfc    49   42  8.32557055619234E-13  8.06117007011141E-13
gfc    49   43 -1.14987373592020E-12  1.22145263363519E-12
gfc    49   44  5.65442808734970E-13 -6.03348095655136E-13
gfc    49   45 -4.85700794421411E-13  1.13288086930358E-13
gfc    49   46  3.48782227859290E-14  2.00186009313930E-13
gfc    49   47 -6.48541047299468E-13  4.80667030899195E-13
gfc    49   48 -5.68711607574884E-13 -1.80963218351041E-12
gfc    49   49  1.38680073857701E-12  4.67306142307543E-13
gfc    50    0  3.22102477618190E-12  0.00000000000000E+00
gfc    50    1 -5.27763392948970E-13 -2.88277919853310E-12
gfc    50    2  1.65170831960997E-12  7.33312855941223E-13
gfc    50    3 -1.80544144551804E-12 -5.64163516538862E-13
gfc    50    4 -2.10404509760530E-12 -1.77418906354387E-13
gfc    50    5  8.80868777914191E-14  7.15041101795687E-13
gfc    50    6 -8.33327965144444E-13 -3.47158268236808E-12
gfc    50    7 -2.25342746463982E-12 -1.08847713327580E-14
gfc    50    8 -6.98845056951719E-13  4.01656360344942E-13
gfc    50    9 -1.35351494579385E-12  4.88745622648571E-13
gfc    50   10 -2.04403262965865E-12  2.19586967023109E-12
gfc    50   11  5.83167167751905E-14  2.32111786943959E-12
gfc    50   12  1.29731870426002E-12  1.13038333771464E-12
gfc    50   13  2.78821981491147E-12  1.28897693694271E-12
gfc    50   14  1.61739786499844E-12  1.16927938013213E-12
gfc    50   15  1.15459077340900E-12 -1.85439776102348E-12
gfc    50   16 -3.31461751274683E-13 -2.94507347766423E-12
gfc    50   17 -2.23222999557015E-12 -2.22175963128688E-12
gfc    50   18 -1.30085002141138E-12  1.44986512920662E-13
gfc    50   19  1.09433996387617E-12  2.05615394972495E-12
gfc    50   20  7.81804472653086E-13  1.84724791406374E-12
gfc    50   21  4.18001423144853E-13  1.74965854926331E-13
gfc    50   22  3.79959303245022E-13  2.67764890975556E-13
gfc    50   23  1.48951370505120E-12  2.13639314696642E-13
gfc    50   24  1.01789317540758E-12 -5.58386689164985E-13
gfc    50   25 -2.61120777974509E-13  2.17908057757428E-14
gfc    50   26 -1.01782756186487E-12 -6.03518427633263E-13
gfc    50   27  9.44262901587690E-14 -3.97864164197025E-13
gfc    50   28  1.07427742629273E-12  2.76150957876231E-13
gfc    50   29 -8.27785115578663E-14  1.18259747132568E-12
gfc    50   30 -6.49059677809522E-13 -1.14701382084164E-12
gfc    50   31  6.79937188180543E-14  6.01125487979577E-13
gfc    50   32  8.19771044699030E-13 -1.07383521073520E-12
gfc    50   33 -8.78812280961819E-14  9.55692620635975E-13
gfc    50   34  2.67167118718300E-13 -8.78882283663931E-13
gfc    50   35 -5.52950619499389E-15  8.84419546622636E-13
gfc    50   36  1.16618233987815E-12 -5.42184494029306E-13
gfc    50   37 -9.26967018982709E-13  2.20223398529511E-12
gfc    50   38 -8.12044586549749E-14 -2.04419719261921E-12
gfc    50   39  8.68411026956334E-13  1.92466131688777E-12
gfc    50   40 -9.26757846223861E-13 -8.39901635565356E-13
gfc    50   41  5.32054831213295E-13  1.09774804063106E-12
gfc    50   42 -5.19050828009291E-13 -9.30094292934932E-13
gfc    50   43  1.07759567945394E-13  5.22036669842645E-13
gfc    50   44 -3.98346189843898E-13 -5.17429287727397E-13
gfc    50   45  9.43259428406135E-15  1.32675479988562E-12
gfc    50   46 -2.34575706003233E-13 -1.55457547275025E-12
gfc    50   47  1.39075728976938E-13  9.12725994373994E-13
gfc    50   48 -6.31855660930414E-13 -1.03945778821976E-12
gfc    50   49  1.30017110836493E-12 -9.46124937974691E-14
gfc    50   50  1.36799028471120E-13  1.04668869087803E-12
gfc    51    0  5.96685816916618E-13  0.00000000000000E+00
gfc    51    1 -1.90910970274712E-13  1.11081975600930E-12
gfc    51    2 -8.22585813976123E-13  2.58633852097906E-12
gfc    51    3  8.99577983144080E-13  7.55101636766423E-13
gfc    51    4 -3.03873256702810E-12  1.74832366276006E-12
gfc    51    5  1.24237031874055E-12 -2.34361171644980E-14
gfc    51    6  2.52576169236466E-13 -6.00448138911451E-14
gfc    51    7 -3.71779346131902E-12  2.60610131958778E-13
gfc    51    8 -2.06168295200215E-13  2.86094958048957E-12
gfc    51    9 -2.30438149018601E-12  1.49423315817889E-12
gfc    51   10 -2.31154325497702E-12  1.59658375200706E-13
gfc    51   11  1.57163235597213E-12  1.11789574280648E-12
gfc    51   12  2.55063435420536E-12  1.69844664983319E-12
gfc    51   13  2.38230301905115E-12  1.04918234118707E-12
gfc    51   14  2.16421467339950E-12  7.74557753979388E-13
gfc    51   15  2.21716748232180E-12 -9.52057911661426E-13
gfc    51   16 -1.12793086759470E-12 -3.05799576875937E-12
gfc    51   17 -1.58309554626990E-12 -1.32306484637412E-12
gfc    51   18 -1.39018184182565E-12  1.53497120360501E-12
gfc    51   19 -4.96383231956295E-13  2.28051276912014E-12
gfc    51   20  8.91101091188116E-13  1.00462321438624E-12
gfc    51   21  4.64521441711099E-13 -8.41275710179686E-14
gfc    51   22  1.22837514513909E-12 -3.43364690382509E-13
gfc    51   23  2.21277981068248E-12  9.65601310264000E-13
gfc    51   24  1.71102093291288E-13  2.03932956214876E-13
gfc    51   25  1.02681370086127E-14 -2.77536520829221E-13
gfc    51   26 -1.54960062825852E-12 -5.19268620488857E-13
gfc    51   27  9.41236249718986E-13 -4.84713558950420E-13
gfc    51   28 -3.02175435258932E-13  8.21106928605195E-13
gfc    51   29  3.12871010657574E-14  4.41967457530493E-13
gfc    51   30 -1.45273699224800E-12 -9.34165121112438E-13
gfc    51   31  1.37282949294585E-12 -5.34274188472173E-13
gfc    51   32  9.63582248053715E-13  1.88314907655939E-13
gfc    51   33 -8.63236075530870E-13  1.94653613922637E-12
gfc    51   34 -1.05398407684989E-12 -9.91552125398036E-13
gfc    51   35  1.31389249294267E-12 -2.21068422104207E-13
gfc    51   36  1.33777050055637E-13  6.51588676304816E-13
gfc    51   37 -8.58902283655455E-13  1.22248343224415E-12
gfc    51   38  5.18579759365815E-13 -1.48100665756713E-12
gfc    51   39  2.21739588655448E-13  2.36946880255414E-12
gfc    51   40 -2.95446404762422E-12 -1.25232661557402E-12
gfc    51   41  2.24060008148884E-12  1.82104428032416E-13
gfc    51   42 -1.18610309326164E-12  9.10385246334549E-13
gfc    51   43 -1.59319172209432E-13 -7.21528342574867E-13
gfc    51   44 -6.79763801719046E-13 -7.24844756988148E-13
gfc    51   45  9.43568437701915E-13 -3.23961187806435E-13
gfc    51   46 -5.45718246708345E-13  3.60245992465650E-13
gfc    51   47  9.89771925748534E-13 -6.66188712035857E-13
gfc    51   48 -2.79872397048191E-13  4.78152024422294E-13
gfc    51   49  1.13774418745488E-12 -5.67994802379625E-13
gfc    51   50 -8.33938427698278E-14  1.68882766884302E-12
gfc    51   51 -1.13935644084126E-12  3.17551440498780E-13
gfc    52    0  3.40045843429585E-12  0.00000000000000E+00
gfc    52    1 -1.38421464229179E-12 -1.59196804974574E-12
gfc    52    2  2.03367832920246E-12  5.82203828825777E-13
gfc    52    3  4.43808778629948E-14  6.77707351173019E-13
gfc    52    4 -9.69652255460477E-13  3.08000335825416E-13
gfc    52    5  7.59130788369117E-13  1.17178206210236E-12
gfc    52    6 -1.14907702276184E-12 -2.45383111162309E-12
gfc    52    7 -3.83442981771443E-12  7.51121907712564E-13
gfc    52    8 -2.47756442595824E-12  1.96193897506623E-12
gfc    52    9 -2.91079485868027E-13  4.06734871206783E-13
gfc    52   10  3.97576352470702E-13  8.21495297146386E-13
gfc    52   11 -8.26209381069475E-14  1.36250332662083E-12
gfc    52   12  1.57441921540063E-12  1.17745621521459E-12
gfc    52   13  1.89329963451029E-12  1.33718138037608E-12
gfc    52   14  1.56449489483224E-12  2.97771301256434E-13
gfc    52   15  2.29239018242603E-12 -3.30448734920910E-12
gfc    52   16  3.14487486983780E-13 -3.41156928053906E-12
gfc    52   17 -2.05317749304327E-12 -4.52243673236376E-13
gfc    52   18 -1.24337266286332E-12  2.07626767489575E-12
gfc    52   19 -4.46716605502416E-13  2.54034750679767E-12
gfc    52   20  5.61494573195263E-13  9.88696870330642E-13
gfc    52   21  4.86307262979277E-13  1.45812286899993E-13
gfc    52   22  1.47596389428723E-12  8.57743520607751E-14
gfc    52   23  1.24401573868365E-12  2.89527886335895E-13
gfc    52   24  5.23506881671693E-13 -5.75386673173681E-13
gfc    52   25 -1.09679330031931E-12 -1.31606493638022E-12
gfc    52   26  4.15089630190070E-13  2.16388200010142E-13
gfc    52   27  4.80391894899455E-13  2.18787447719081E-13
gfc    52   28 -4.26863092350699E-13  4.49914227350618E-13
gfc    52   29 -1.08516311378333E-12 -2.09000625847213E-13
gfc    52   30 -4.53555519059251E-13 -1.17120294239545E-12
gfc    52   31  1.19200456095458E-12  2.77891924905184E-13
gfc    52   32 -5.62853126386376E-13  2.02636704329099E-13
gfc    52   33 -7.29106637000356E-13 -4.12136490363395E-13
gfc    52   34  3.59873570988075E-13 -3.27667457041541E-13
gfc    52   35  1.18891057233910E-12  3.21472179131222E-13
gfc    52   36 -8.00210823144206E-13  8.28392870855927E-13
gfc    52   37 -6.90653148727583E-13 -4.42025840662360E-13
gfc    52   38  5.33256906336389E-13 -5.31656501932393E-13
gfc    52   39  4.48930240298047E-13  5.99107620829744E-13
gfc    52   40 -1.63135594815911E-12  1.75561171495416E-13
gfc    52   41  8.60709730609825E-13 -7.95601940180689E-13
gfc    52   42 -9.67028928724784E-13  1.57227975233827E-12
gfc    52   43  2.52659973844225E-13 -1.71045952140705E-12
gfc    52   44  1.29691465194130E-13  8.04005502895433E-13
gfc    52   45  1.02524496722900E-13 -1.70364132666287E-12
gfc    52   46  2.18658687375718E-15  1.14531770231971E-12
gfc    52   47  5.65854518738445E-13 -6.57429046520413E-13
gfc    52   48  3.39070322610080E-14  1.33340412018803E-12
gfc    52   49 -7.10039233940017E-13 -1.15213500582891E-12
gfc    52   50  8.82564146574777E-13  1.27704446780090E-12
gfc    52   51 -1.16831655696739E-12 -2.38254542402560E-13
gfc    52   52  2.19147239591202E-13 -6.46173694554489E-13
gfc    53    0 -1.79388764477116E-12  0.00000000000000E+00
gfc    53    1  2.73941258358536E-13 -1.13503910422899E-12
gfc    53    2 -1.37234664911254E-12  2.27823335590075E-12
gfc    53    3  1.25857702407735E-12 -1.24612309424238E-14
gfc    53    4 -1.02168134905908E-12  1.43434257261007E-12
gfc    53    5  4.22207206675673E-13  9.77815166978149E-13
gfc    53    6 -6.84840578489707E-13  4.52190275762491E-13
gfc    53    7 -3.53328074720092E-12 -8.32480057043341E-14
gfc    53    8 -1.24791876223487E-12  2.47551268160969E-12
gfc    53    9 -6.58611083585256E-14  1.25192361856168E-12
gfc    53   10 -3.82473776234772E-13 -1.25070631759043E-12
gfc    53   11  1.41405934773535E-12  1.08034812246948E-12
gfc    53   12  1.91380203258740E-12  1.20669799781514E-12
gfc    53   13  1.60934689927787E-12  9.38153616153666E-13
gfc    53   14  1.84185928489118E-12 -1.06987390069550E-12
gfc    53   15  2.31005460744320E-12 -2.16568067700091E-12
gfc    53   16 -9.03893997210955E-13 -3.57669735888461E-12
gfc    53   17 -1.65768775733174E-12 -6.76218405834320E-13
gfc    53   18 -1.19351993790965E-12  1.07910750254158E-12
gfc    53   19 -4.01471696125233E-13  1.92558627398721E-12
gfc    53   20  1.61958082523439E-12 -3.21387480307280E-13
gfc    53   21  1.33116372053007E-12  8.34099507853246E-13
gfc    53   22  1.56256924943866E-12  1.03370074723234E-12
gfc    53   23  1.04108268467473E-12  4.87999820729111E-13
gfc    53   24 -5.70408722557411E-14 -1.17401557854762E-12
gfc    53   25 -1.03138723922987E-12 -1.55895154298298E-12
gfc    53   26  7.54088931896223E-13  1.30536209627655E-13
gfc    53   27  2.43457593580763E-13 -1.11687802805817E-13
gfc    53   28 -3.13078848453140E-13  7.14229030378887E-13
gfc    53   29 -7.94403833850127E-13 -1.44372661719500E-12
gfc    53   30  1.00770406464750E-12 -6.32825107355961E-13
gfc    53   31  3.27263976825705E-13  9.02268484314491E-13
gfc    53   32  8.53498418764959E-14  8.66522874390619E-13
gfc    53   33 -1.30232013933467E-12 -1.94405627310978E-13
gfc    53   34 -1.80443667456350E-14 -1.41959848520316E-12
gfc    53   35  1.28740957697913E-12  1.68469675881845E-13
gfc    53   36 -2.12881825047410E-13  7.74830671162533E-13
gfc    53   37 -1.03627905473365E-12  9.48943579673109E-15
gfc    53   38  1.00039576204162E-12 -1.17409183828150E-12
gfc    53   39 -3.11559339665971E-13  1.71497420369634E-12
gfc    53   40 -1.76888676985089E-12 -1.45427755981838E-12
gfc    53   41  2.05139775916212E-12 -7.67454154934902E-13
gfc    53   42 -2.91023827333935E-13  1.75835521552411E-12
gfc    53   43 -8.96976262876911E-13 -1.36853260575523E-12
gfc    53   44  1.48997715716566E-12  2.21376952414974E-13
gfc    53   45 -4.78827382848933E-13  2.07357742927808E-13
gfc    53   46  1.13324032361256E-12  3.85840333140107E-13
gfc    53   47 -1.36448274341137E-12  1.15822801644012E-13
gfc    53   48  9.97687197704545E-13 -4.07496460805812E-13
gfc    53   49 -1.04115640905897E-12  1.05392616456134E-12
gfc    53   50  3.91919517890370E-13 -1.02855250954709E-12
gfc    53   51 -7.83842322854734E-13  9.80563334386201E-13
gfc    53   52  2.19440328714258E-15 -1.48111935303353E-12
gfc    53   53  8.71404873930480E-13  9.19541420573039E-13
gfc    54    0  1.80831511757336E-12  0.00000000000000E+00
gfc    54    1 -1.44402939167115E-14 -1.25302949028218E-12
gfc    54    2  2.66613999814719E-12 -3.04352495824900E-13
gfc    54    3  2.73046991212742E-12  1.45105005492348E-12
gfc    54    4  1.16736863259430E-12 -1.42207914268580E-12
gfc    54    5  5.76853616995040E-13  8.65783073246466E-13
gfc    54    6 -1.09194405536344E-12 -5.65309212650555E-14
gfc    54    7 -1.88713495986342E-12 -4.02491004789825E-13
gfc    54    8 -1.32035189114232E-12  2.63645872477155E-12
gfc    54    9  2.32537259816096E-12 -5.77644639700203E-13
gfc    54   10  1.59394683394394E-12 -5.04834198994248E-13
gfc    54   11 -2.89230617887849E-13  1.29122134473286E-12
gfc    54   12  1.55804995772648E-12  1.53855286550162E-12
gfc    54   13  2.57740144498478E-12  3.02426556178900E-13
gfc    54   14  2.16313921211980E-12 -6.88487167846311E-13
gfc    54   15  2.02241458758536E-12 -3.14232798559254E-12
gfc    54   16 -6.51233364003880E-13 -2.03044885746380E-12
gfc    54   17 -2.62562641158793E-12 -4.57315206812758E-14
gfc    54   18 -2.23868224864097E-12  1.24116625178737E-12
gfc    54   19  6.36621053520734E-13  9.97416706478405E-13
gfc    54   20  7.89265358482064E-13  1.46027093662754E-13
gfc    54   21  1.91818281252395E-12  6.70606064895369E-13
gfc    54   22  1.56153140392067E-12  6.44952422226654E-13
gfc    54   23  9.07139662902283E-13 -5.69888753510038E-14
gfc    54   24  1.84774408452109E-13 -1.77382042708194E-12
gfc    54   25  5.43240149048276E-14 -3.65791571946074E-13
gfc    54   26  6.73244639232391E-13  1.97846923944255E-13
gfc    54   27 -5.81217607965452E-13  6.04995449502635E-13
gfc    54   28 -7.02433321770015E-13 -5.56707580291892E-13
gfc    54   29  1.59381145204184E-13 -8.77734390416446E-13
gfc    54   30  6.69300376402641E-13 -2.54620090521906E-13
gfc    54   31  8.97669459597330E-13  1.49758815235702E-12
gfc    54   32 -1.66620682123072E-12  3.08099807348705E-13
gfc    54   33  3.56460789577237E-13 -1.36267445523766E-12
gfc    54   34  8.73672250058299E-13  1.11981241660708E-13
gfc    54   35  5.11758618181154E-13  1.23970220059349E-12
gfc    54   36 -1.78249266913017E-12 -9.12431005652984E-13
gfc    54   37  2.79968314078570E-13 -9.58387843091313E-14
gfc    54   38  1.02523080862517E-12 -4.91461362582203E-13
gfc    54   39 -3.27151306798888E-13  1.45631932022865E-12
gfc    54   40 -1.25480061656606E-12 -1.86569766938528E-12
gfc    54   41  1.73456877373737E-12  8.99510082676467E-13
gfc    54   42 -6.72959153867631E-13 -1.43435500413901E-13
gfc    54   43  1.30588285303656E-13 -7.60206872228537E-13
gfc    54   44  8.93487653344456E-13  4.58872496532132E-13
gfc    54   45 -8.54137629436963E-13  1.01154893375346E-12
gfc    54   46  8.57678081128136E-13 -1.13988168510519E-12
gfc    54   47 -3.83544779312747E-13  1.60765821702022E-12
gfc    54   48 -3.04819380123651E-13 -8.56245122564924E-13
gfc    54   49  5.00163471592928E-14  5.32860323139636E-13
gfc    54   50 -1.14322964609456E-14 -6.59472615711204E-13
gfc    54   51 -1.01791978973177E-13  6.72341727443903E-13
gfc    54   52 -5.21880863888000E-13 -7.56672592549337E-13
gfc    54   53  1.33672096262721E-12 -1.45118384805890E-13
gfc    54   54 -8.90680313431252E-13  8.89213669928015E-13
gfc    55    0 -1.53169479378363E-12  0.00000000000000E+00
gfc    55    1  8.41817579667871E-13 -1.97956679925822E-12
gfc    55    2 -4.25490397101299E-14  2.19640322489935E-12
gfc    55    3  2.03274223466266E-12  8.38653856665654E-13
gfc    55    4  9.89265020870984E-13  7.39732697157291E-13
gfc    55    5 -7.43816395241879E-13  1.28209088496856E-12
gfc    55    6  4.27778133336191E-13  1.53449774844090E-12
gfc    55    7 -2.87571115408311E-12  1.07401881205637E-12
gfc    55    8 -5.92087929783335E-14  2.80137980125119E-12
gfc    55    9  1.49818260687872E-12  1.72142106062527E-12
gfc    55   10 -8.16369646707813E-13 -1.17363205204547E-12
gfc    55   11 -1.06464969968539E-12  2.36371356492648E-13
gfc    55   12  1.70016348470947E-12  1.21313459354549E-12
gfc    55   13  2.00208785502822E-12 -4.90559526343753E-13
gfc    55   14  2.85381787623248E-12 -1.99207249315915E-12
gfc    55   15  1.38483627593546E-12 -2.01480036916677E-12
gfc    55   16 -1.42911066860537E-12 -1.78314019964747E-12
gfc    55   17 -2.34488045614139E-12 -6.42582224683543E-13
gfc    55   18 -1.31143320658341E-12  1.24064466372699E-12
gfc    55   19  2.06475604986927E-13  6.32710031339064E-13
gfc    55   20  9.28788301507715E-13  1.02546355274057E-12
gfc    55   21  1.63170930089165E-12  1.28352712798234E-12
gfc    55   22  7.05126090926972E-13  4.59367370175339E-13
gfc    55   23  6.75244616335820E-13 -1.31311793379073E-12
gfc    55   24  1.04688596091462E-13 -1.81612917000514E-12
gfc    55   25 -2.75019545482192E-13 -3.14467358436968E-13
gfc    55   26  8.44514957358081E-13  6.65985119471329E-13
gfc    55   27 -9.07444860906126E-13 -1.69480140616003E-14
gfc    55   28 -2.43353058926278E-13 -7.28083016820534E-13
gfc    55   29 -2.54345459601082E-13 -5.27595890951673E-13
gfc    55   30  2.89466968980587E-13  8.29117547359621E-13
gfc    55   31 -1.57913013309458E-14  9.25064057271798E-13
gfc    55   32 -1.26652104414190E-12 -3.62216897591338E-13
gfc    55   33  6.43090885868513E-13 -1.05599765629863E-12
gfc    55   34  2.17444836368321E-13  4.27652584033849E-15
gfc    55   35  1.51424597163294E-12  5.91062349717754E-13
gfc    55   36 -1.56842526815243E-12  3.98629863557831E-14
gfc    55   37  6.98339869672941E-13 -1.43982499466366E-13
gfc    55   38 -3.84734956571921E-13  2.32297580347228E-13
gfc    55   39  2.81053873275878E-13  4.43671390779693E-13
gfc    55   40 -1.77615177605491E-12 -9.05032297337405E-13
gfc    55   41  3.13611444090723E-12  1.56678927167105E-13
gfc    55   42 -1.94507443812670E-12  2.01304565119595E-12
gfc    55   43 -1.97838776046403E-13 -1.78943313611791E-12
gfc    55   44  2.73853598621533E-13  4.20278991600422E-13
gfc    55   45 -1.51733695953137E-15  4.07024596329691E-13
gfc    55   46 -8.13283028773445E-13 -1.64747901961430E-13
gfc    55   47  7.85657171450276E-13  3.10931236822765E-13
gfc    55   48 -8.41357395895243E-13 -3.67353878675969E-13
gfc    55   49  5.78289548443486E-13 -1.87141991597615E-13
gfc    55   50 -1.06378358925135E-12 -1.70485665616024E-13
gfc    55   51  1.47225545760509E-12 -4.28587664388714E-13
gfc    55   52 -7.49489223064725E-13  4.32105697161262E-13
gfc    55   53  8.39342044452084E-13 -4.18314061986507E-13
gfc    55   54  4.71661703622337E-14  1.92675184622727E-12
gfc    55   55 -1.10880292335391E-12 -3.41371133502069E-13
gfc    56    0  7.24324320966023E-13  0.00000000000000E+00
gfc    56    1  1.68933472699037E-12  4.74675438462754E-13
gfc    56    2  1.07633406029028E-12 -7.77180453451522E-13
gfc    56    3  4.35825571648148E-12  2.43568528516508E-12
gfc    56    4  5.07376903136052E-13 -2.09478541302330E-12
gfc    56    5 -4.09992399496310E-13  1.69058498814510E-12
gfc    56    6  6.50538311984939E-14 -4.18862073204754E-13
gfc    56    7  5.24842990632116E-14  1.14797081079183E-12
gfc    56    8 -4.25715438589961E-13  3.18423226621216E-12
gfc    56    9  1.95769414114824E-12  4.16751008413813E-13
gfc    56   10  2.68293435675060E-13 -1.26630089412303E-13
gfc    56   11 -2.64502956602051E-12  1.84144009522643E-12
gfc    56   12  8.02217296230964E-13  7.91222375887285E-13
gfc    56   13  2.28142237229396E-12 -3.16942127797852E-13
gfc    56   14  1.95594535630645E-12 -2.30211507339746E-12
gfc    56   15 -6.63850010300368E-13 -3.06324437302216E-12
gfc    56   16 -1.55278302521730E-12 -1.68751156909439E-12
gfc    56   17 -2.90520835528150E-12 -9.04000514370747E-13
gfc    56   18 -1.26535214215346E-12  1.56613513246972E-13
gfc    56   19  7.52689291310925E-13  3.62762813317890E-13
gfc    56   20  9.70487207056698E-13  1.77578971353422E-12
gfc    56   21  1.69695546632052E-12  7.26596107660088E-13
gfc    56   22  1.70427516145653E-12 -4.04398715995654E-13
gfc    56   23  4.23293824768709E-13 -1.74348274299670E-12
gfc    56   24  5.40902250710561E-13 -1.55914355245648E-12
gfc    56   25 -9.06890079732902E-13  4.52174104691491E-13
gfc    56   26 -4.60055050538815E-13  3.70784689052307E-13
gfc    56   27 -1.20987012871121E-12 -1.02859960501697E-12
gfc    56   28 -1.92147776043399E-13 -8.86268663331518E-13
gfc    56   29  5.08796759448411E-13 -7.05328050079487E-13
gfc    56   30  9.68473631773640E-14  1.55518411010558E-12
gfc    56   31 -8.19604782226562E-13 -4.52738633718652E-13
gfc    56   32 -1.92253551999217E-13  2.94743859951862E-13
gfc    56   33  5.24976595530983E-13 -1.54992375683230E-12
gfc    56   34  7.62771541214498E-13  1.56027998534885E-12
gfc    56   35 -9.35297615602964E-13 -1.00799851143635E-13
gfc    56   36 -8.34905430835456E-13 -5.76203163440877E-13
gfc    56   37  1.74316092858216E-12 -1.26898886842255E-12
gfc    56   38 -8.69812990638119E-15  1.67269082895034E-12
gfc    56   39 -8.72327751774691E-13 -6.05197223932410E-13
gfc    56   40 -8.49878613431714E-13 -2.74342799273642E-13
gfc    56   41  2.20137922762001E-12 -9.82761651362197E-14
gfc    56   42 -2.52337017072327E-12  1.37630157619656E-12
gfc    56   43  9.13193842500743E-13 -3.02035077174833E-12
gfc    56   44  5.98242061938137E-13  2.42768111869961E-12
gfc    56   45 -1.24984234399541E-12 -1.04713094882120E-12
gfc    56   46  1.41719681499747E-13 -4.55861527189473E-14
gfc    56   47  4.32002061858735E-13 -2.83454728633908E-13
gfc    56   48 -7.17682666943814E-13  4.07410177646961E-13
gfc    56   49  5.73791153981375E-13 -1.11786166933360E-12
gfc    56   50  1.29743227555525E-13  8.89012206945426E-13
gfc    56   51  2.28844492117926E-13 -9.33526814253873E-13
gfc    56   52  3.73830272737197E-14  6.70778850403765E-13
gfc    56   53  7.06732886013890E-14 -6.62785092501091E-13
gfc    56   54  4.08867715754940E-13  1.04158708499849E-12
gfc    56   55 -1.43980417012226E-12 -4.49532594666189E-14
gfc    56   56  3.07900519572011E-14 -6.05110803826538E-13
gfc    57    0 -1.76200922623885E-12  0.00000000000000E+00
gfc    57    1  9.14393016598467E-13 -2.43878253768279E-12
gfc    57    2 -1.10962585127632E-12  2.09023888411011E-12
gfc    57    3  5.49369664801153E-13 -4.79326844062228E-13
gfc    57    4  2.80044226266687E-13 -2.21704435182719E-13
gfc    57    5 -1.54438726657270E-12  9.57243381272925E-13
gfc    57    6  2.45328003033925E-13  1.04900329540105E-12
gfc    57    7 -6.43522358923716E-13  1.40436156221929E-12
gfc    57    8 -5.55242699501112E-13  2.17853811229004E-12
gfc    57    9  2.41114935948903E-13  1.35906631597116E-12
gfc    57   10 -2.37799141310415E-12 -1.49421880257792E-12
gfc    57   11 -9.93612068305252E-13 -7.55315333150914E-13
gfc    57   12  1.54634965290929E-12  7.52710181778788E-13
gfc    57   13  3.48690686046422E-12 -4.92102720557046E-13
gfc    57   14  1.85532161816536E-12 -2.74186922240760E-12
gfc    57   15 -1.05468700242828E-12 -1.54100370518405E-12
gfc    57   16 -2.26597285988722E-12 -2.37270129196390E-12
gfc    57   17 -1.74725708275324E-12 -1.20787654433576E-12
gfc    57   18 -4.01182489456508E-13 -1.82677065094788E-13
gfc    57   19 -4.41639662234586E-13  1.21202418458957E-12
gfc    57   20  8.83940724171313E-13  1.44471826664838E-12
gfc    57   21  1.10275172041275E-12  6.40788786803469E-13
gfc    57   22  1.98046182025892E-12 -1.58626668975468E-12
gfc    57   23  1.03700236543094E-12 -2.56719143273890E-12
gfc    57   24  4.95015472103221E-13 -1.99016926185620E-12
gfc    57   25 -5.57775763639224E-13  6.86679132838975E-13
gfc    57   26 -6.10010798074608E-14 -2.66089653711679E-13
gfc    57   27 -1.19664941278301E-12 -5.70008421274185E-13
gfc    57   28  3.72922509792531E-13 -5.17801850899200E-13
gfc    57   29 -2.92563020534702E-13  8.77195334537259E-13
gfc    57   30  1.34343211113393E-14  3.31828155074644E-13
gfc    57   31 -9.27611860719370E-13 -6.40900164476221E-13
gfc    57   32  8.29541799671033E-13 -6.14707257541320E-13
gfc    57   33  5.84811532407047E-13  5.69953802218626E-14
gfc    57   34  2.00891593952662E-13  1.36717558729744E-12
gfc    57   35 -5.05236008710696E-13 -8.58385939249983E-13
gfc    57   36  1.97366440945268E-13  3.96940811656821E-13
gfc    57   37 -8.42785094162096E-14 -6.19227173391051E-13
gfc    57   38  2.16981642625507E-13  7.64668826557442E-13
gfc    57   39 -4.94554066907954E-13 -1.70032709170551E-12
gfc    57   40  6.59691342629811E-13  3.37566272463210E-14
gfc    57   41  7.30973814437608E-13  2.29439649670102E-13
gfc    57   42 -6.61892320691197E-13  1.46393587933412E-12
gfc    57   43 -8.14720077635210E-13 -2.79321228279164E-12
gfc    57   44  2.23586972382877E-12  1.30502884132092E-12
gfc    57   45 -1.25954867616871E-12  1.81964043049995E-14
gfc    57   46  1.51083791167585E-12 -6.19299600232856E-14
gfc    57   47 -1.11288363341122E-12 -1.37963611276019E-13
gfc    57   48  8.69625891291586E-13  3.22529550422919E-13
gfc    57   49 -4.93818467025617E-13 -2.08901520355487E-13
gfc    57   50  9.11227037595021E-13  2.27041744113594E-13
gfc    57   51 -8.46093072332744E-13  9.54958626705407E-14
gfc    57   52  8.85187779001055E-13  6.63953347653590E-13
gfc    57   53 -1.39014300203858E-12  5.34515354191041E-15
gfc    57   54  9.59100291034475E-13 -7.27596968850733E-13
gfc    57   55 -1.35008445756539E-12  7.90224795799544E-13
gfc    57   56  4.98140518686632E-13 -1.55551795265666E-12
gfc    57   57  7.57360541116049E-13  5.26234007829299E-13
gfc    58    0  3.93328681054018E-13  0.00000000000000E+00
gfc    58    1  1.17726562993596E-12  1.46450367633191E-13
gfc    58    2  1.17067596375325E-13 -4.97953777269390E-13
gfc    58    3  3.33784964864524E-12 -1.90113886637869E-13
gfc    58    4  2.48434567058981E-13 -1.51640383711511E-12
gfc    58    5  1.19700370105833E-12 -3.07478658644445E-13
gfc    58    6  1.22918308575210E-12  1.53688407008953E-12
gfc    58    7  2.79980053816764E-12  1.06142262072080E-12
gfc    58    8  1.02535556236646E-13  2.73897719359029E-12
gfc    58    9  9.85394072261587E-13  2.15098919200390E-13
gfc    58   10 -5.60434816443096E-13 -4.02731617821255E-13
gfc    58   11 -1.01310823363841E-12  7.44664423342896E-13
gfc    58   12  1.26192178397467E-12  1.78989368789545E-12
gfc    58   13  3.67316935815660E-12 -8.42068754929675E-13
gfc    58   14  2.02350399299818E-14 -2.71700009229267E-12
gfc    58   15 -1.75033238489156E-12 -2.67051639605764E-12
gfc    58   16 -1.65782265525002E-12 -1.48112005904784E-12
gfc    58   17 -5.46053052632185E-13 -5.01972458524698E-13
gfc    58   18 -7.14790963746833E-13  2.29543699766970E-13
gfc    58   19 -1.79467420666895E-13  1.23999719848688E-12
gfc    58   20  2.79118889214535E-15  2.18490318100006E-12
gfc    58   21  1.77522090662953E-12  4.59048322823894E-13
gfc    58   22  2.63330233410350E-12 -1.98222872946179E-12
gfc    58   23  8.18814621516616E-13 -2.10747860015903E-12
gfc    58   24 -8.00351145694618E-13 -1.36366387993382E-12
gfc    58   25 -1.07397096486080E-12  1.92832165658290E-13
gfc    58   26 -3.21123235747673E-13 -1.09470525935866E-12
gfc    58   27 -2.92376029804916E-13 -9.31111868596333E-13
gfc    58   28  8.16663656231097E-13  1.24139648268093E-13
gfc    58   29 -1.91882851977670E-13  1.62089745114664E-12
gfc    58   30 -3.35736920130039E-13  6.67024910481500E-13
gfc    58   31 -8.30786322379121E-13 -6.37611777157063E-13
gfc    58   32  1.64025043841880E-12 -8.27562844082450E-13
gfc    58   33 -4.22679853215471E-13  1.02800476734821E-12
gfc    58   34  1.36726390914410E-13  3.12441138967018E-13
gfc    58   35 -8.39481939681829E-13 -2.63337877741692E-13
gfc    58   36  1.13253402175505E-12 -1.05182206062307E-12
gfc    58   37  7.56305634347366E-13  1.10573008022419E-12
gfc    58   38 -6.22167449422357E-13  1.17298104523465E-12
gfc    58   39 -1.10495174593042E-12 -1.27055566423631E-12
gfc    58   40  1.02953992414507E-12 -6.80558129000736E-13
gfc    58   41  6.27448732908848E-13  8.94920647333234E-13
gfc    58   42 -8.70345089649823E-13  5.24970792188163E-14
gfc    58   43  3.18142797481300E-13 -1.59368031730936E-12
gfc    58   44  1.43979243145102E-12  2.10213084939472E-12
gfc    58   45 -2.64039262794631E-12 -1.75073349235555E-13
gfc    58   46  2.28164250054447E-12 -1.64916753538099E-12
gfc    58   47 -3.27223351716812E-13  2.01182386032094E-12
gfc    58   48 -3.98943226655431E-14 -7.93930623234920E-13
gfc    58   49 -6.50276649852181E-13  6.21655112040659E-13
gfc    58   50  5.12041843154173E-13 -5.76902672627575E-13
gfc    58   51 -3.26701835306410E-13  1.09251551190327E-12
gfc    58   52  2.15335966581106E-13 -1.14721421280107E-12
gfc    58   53 -3.81577801456531E-13  1.06595316866026E-12
gfc    58   54 -3.60571834547139E-13 -8.77532608240877E-13
gfc    58   55  4.51666619288596E-13  4.52455126008407E-13
gfc    58   56 -8.46495601605024E-13 -1.03923730359526E-12
gfc    58   57  1.08546710467616E-12  1.45929284911177E-13
gfc    58   58 -8.44309944140644E-13  6.14740233883404E-13
gfc    59    0 -3.71820341530281E-13  0.00000000000000E+00
gfc    59    1 -2.78472841601883E-13 -1.91334602604198E-12
gfc    59    2 -3.20935289661062E-13  3.04318415268986E-13
gfc    59    3 -1.09493645694908E-12 -1.29810971489948E-12
gfc    59    4  1.69941660532223E-12 -1.12302286843577E-13
gfc    59    5 -6.86889732751604E-13  3.96985949678186E-13
gfc    59    6  2.13818395192397E-12  1.44451003368978E-12
gfc    59    7  1.11293133535424E-14  1.87617459889270E-12
gfc    59    8  6.62134802725041E-13  7.50367807822221E-13
gfc    59    9 -3.44625177992250E-14  9.90650288677535E-13
gfc    59   10 -3.04660388745002E-13 -2.54078265165389E-13
gfc    59   11 -4.49543689368348E-13 -9.64468994355096E-13
gfc    59   12  2.47751224112314E-12  2.61928642418009E-12
gfc    59   13  2.24821548490836E-12 -7.38583872076864E-13
gfc    59   14 -4.10059818576160E-14 -1.95902145440038E-12
gfc    59   15 -2.45695810664385E-12 -1.99400578175424E-12
gfc    59   16 -1.91613371545506E-12 -8.10169176104003E-13
gfc    59   17 -9.43986054243729E-13 -4.97529584378736E-13
gfc    59   18 -7.38812216774973E-13  9.26371201754233E-13
gfc    59   19 -1.92689057932584E-12  9.44629489088348E-13
gfc    59   20  9.52301037582904E-14  1.08739330811677E-12
gfc    59   21  2.28653119639524E-12 -1.30809785794664E-13
gfc    59   22  2.67815282034592E-12 -1.40122846137107E-12
gfc    59   23  9.81592771414553E-13 -2.02530022756970E-12
gfc    59   24 -1.24458705420307E-12  4.05551259829273E-14
gfc    59   25 -1.60108335613408E-12 -2.71022866990330E-13
gfc    59   26 -9.41634648774335E-13 -6.53568577609589E-13
gfc    59   27 -2.62197099956556E-13 -5.33757878205750E-13
gfc    59   28 -5.56561068339277E-13  6.77987849757782E-13
gfc    59   29 -2.76881586130643E-14  5.15263738712308E-13
gfc    59   30 -6.55960786767297E-13 -4.66746672864993E-13
gfc    59   31  9.67871595435604E-13 -5.41824084936741E-13
gfc    59   32  1.07086584977177E-12  2.61345579061423E-13
gfc    59   33 -1.52163236638473E-13  1.51343427045435E-12
gfc    59   34 -1.15514611974572E-12  1.60072393506176E-13
gfc    59   35 -1.43534597842328E-13 -1.15889362157514E-12
gfc    59   36  1.00198615513737E-12  3.18917326615292E-13
gfc    59   37 -3.44981898559050E-13  6.59497476659239E-13
gfc    59   38 -4.29578019443753E-13 -3.87112598413026E-13
gfc    59   39  3.50713811797251E-13 -6.75431126932130E-13
gfc    59   40  8.17405583922788E-13  9.75740651600386E-13
gfc    59   41 -3.08532221300778E-13  9.01566195179200E-13
gfc    59   42 -1.33229989199239E-12 -9.78187182566235E-13
gfc    59   43  1.06273149397756E-12 -1.13039168321766E-12
gfc    59   44  8.33921712422060E-13  1.46133407826510E-12
gfc    59   45 -1.04955449278492E-12  8.05789840023716E-14
gfc    59   46  4.53444941656936E-13 -7.28389241177702E-13
gfc    59   47 -1.17441111174306E-13  1.18892806771722E-12
gfc    59   48 -3.64105816137949E-13 -1.25506894221569E-12
gfc    59   49  7.19890278184262E-13  7.66621935786775E-13
gfc    59   50 -1.36516620204617E-12 -6.09088059473096E-13
gfc    59   51  1.07745999876824E-12  1.72515092681023E-13
gfc    59   52 -8.50315653520721E-13 -2.62797248340772E-13
gfc    59   53  1.00166942863364E-12 -9.90523132123936E-14
gfc    59   54 -4.87581179540100E-13 -9.34989453679025E-14
gfc    59   55  1.18185894939845E-12 -9.51280421005499E-14
gfc    59   56 -9.62628153499695E-13  4.87451221811269E-13
gfc    59   57  9.66421352654512E-13 -5.79175789725584E-13
gfc    59   58 -5.46875302020246E-13  1.21737964397966E-12
gfc    59   59 -8.97053996064182E-13 -1.23345358637177E-12
gfc    60    0 -6.53613208783725E-13  0.00000000000000E+00
gfc    60    1  7.65767101489636E-13  1.98316187366101E-12
gfc    60    2 -4.76717750697453E-13 -1.75070486843122E-12
gfc    60    3  1.58663418113263E-12  6.50924257444880E-13
gfc    60    4  8.14824289146037E-13  1.55399421834538E-13
gfc    60    5  1.00640417770356E-12  3.82819836970466E-13
gfc    60    6  1.96162420206158E-12  1.81894370738150E-12
gfc    60    7  2.54874188588452E-12  6.89185189927300E-13
gfc    60    8  5.53767394287357E-13  7.71716246318382E-13
gfc    60    9  2.02296018318640E-13  9.19987322353323E-13
gfc    60   10  9.44550922579612E-13 -7.61534523390480E-15
gfc    60   11 -7.76630049688952E-13  1.67304393116916E-12
gfc    60   12  3.76820024184272E-13  1.36651562554951E-12
gfc    60   13  9.35576241327444E-13 -1.40058597477475E-12
gfc    60   14 -1.55355325495083E-12 -3.04091235404214E-12
gfc    60   15 -2.52381425426129E-12 -2.53047651891002E-12
gfc    60   16 -1.37913952535801E-12 -3.87950817778354E-14
gfc    60   17 -4.92952352092283E-13  7.61343851974720E-13
gfc    60   18 -1.79438487314392E-12  3.71887763256247E-13
gfc    60   19 -1.92634495469314E-12  9.90338634870558E-13
gfc    60   20 -1.18377615076764E-13  1.47359114313885E-12
gfc    60   21  2.31974939687072E-12 -4.64705643470282E-13
gfc    60   22  2.58284296188985E-12 -1.74820018561650E-12
gfc    60   23 -5.14873835628010E-13 -2.43934802789122E-12
gfc    60   24 -1.28169065098113E-12 -7.27819017908086E-13
gfc    60   25 -1.00024860475907E-12 -1.11175694694011E-12
gfc    60   26 -1.03724674704824E-13 -1.33231967306650E-13
gfc    60   27 -2.35083994197001E-14  1.77459255404261E-13
gfc    60   28 -9.74385310333395E-13  1.88785692540133E-12
gfc    60   29 -8.57688824488199E-13  3.36798556211619E-13
gfc    60   30 -5.66230082791400E-13 -1.07768159751411E-12
gfc    60   31  7.15109848194917E-13 -6.98142017181489E-13
gfc    60   32  4.48773520873300E-13  2.95063450414086E-14
gfc    60   33 -9.46025619613054E-14  1.28971140970639E-12
gfc    60   34 -8.38498337497544E-13 -7.41751999454119E-13
gfc    60   35  5.47872813590841E-13 -4.98697261014325E-13
gfc    60   36  4.05702841549927E-14  4.52342010991685E-13
gfc    60   37 -1.39331711715191E-13  5.72928637658155E-13
gfc    60   38 -9.12447103353781E-13  8.07460875825409E-14
gfc    60   39 -3.30781030357224E-15 -1.52397111471559E-12
gfc    60   40  1.16418078605638E-12  8.85583915322695E-13
gfc    60   41 -3.81841676764142E-13  1.00132059820772E-13
gfc    60   42 -3.41637287298578E-13  1.17505918780501E-13
gfc    60   43  6.56571444642632E-13 -1.37479014177475E-12
gfc    60   44  5.47458388221904E-13  2.45055581998308E-12
gfc    60   45 -2.16269368065382E-12 -1.29762415776895E-12
gfc    60   46  1.94548959114406E-12 -8.23128436780984E-13
gfc    60   47 -6.51284971295361E-14  1.48069369317880E-12
gfc    60   48 -1.66906217311411E-12 -1.02373220629302E-13
gfc    60   49  1.06255566386278E-12 -8.26865901530187E-13
gfc    60   50 -3.99060820089697E-13  1.66957117848483E-13
gfc    60   51  6.66298307103190E-13 -5.30319243596830E-13
gfc    60   52 -6.74659227217080E-13  7.22466751075597E-13
gfc    60   53  6.12629859331423E-13 -7.50031395466527E-13
gfc    60   54 -3.84224970850903E-13  4.68250401723719E-13
gfc    60   55  3.67141234635583E-13 -8.59764682286541E-13
gfc    60   56  4.67133535799215E-13  1.09080080980424E-12
gfc    60   57  1.14466871906955E-14 -4.48977561358914E-13
gfc    60   58  4.39300742951776E-13  9.34222851024592E-13
gfc    60   59 -1.44519871865684E-12 -1.27262781679273E-13
gfc    60   60  5.91234979287685E-13 -5.78212170719237E-13
gfc    61    0 -5.90631521197319E-13  0.00000000000000E+00
gfc    61    1 -1.78069611996688E-13 -2.01952989830562E-12
gfc    61    2 -7.19121643337861E-13 -1.73491683788112E-12
gfc    61    3 -8.01201376406621E-13 -4.67593310177743E-13
gfc    61    4  8.22215271022581E-13 -2.42419947938012E-13
gfc    61    5 -2.76032974348370E-13  4.74130832446551E-14
gfc    61    6  1.00263843261085E-12  1.27920469358275E-13
gfc    61    7  1.01095358917778E-12  3.55384835107610E-13
gfc    61    8  4.80524061384102E-14 -1.49651577732043E-12
gfc    61    9  9.96649404565612E-13  1.75523700684769E-12
gfc    61   10  2.70802932858699E-13 -1.38373241550103E-13
gfc    61   11 -1.54570331526724E-13  8.74707663702568E-14
gfc    61   12  4.99505690746947E-13  6.40627018784709E-13
gfc    61   13  2.82921332552368E-13 -9.58035998816273E-13
gfc    61   14 -1.18882456457433E-12 -2.94405761111625E-12
gfc    61   15 -2.68622715455080E-12 -9.80775187123575E-13
gfc    61   16 -1.92185433448224E-12 -3.20593128501241E-13
gfc    61   17 -1.06225799599190E-12  4.47426177093936E-13
gfc    61   18 -1.22756014889776E-12 -6.45311468944165E-13
gfc    61   19 -1.97102830512151E-12  9.66859564697328E-13
gfc    61   20  8.47190122800792E-13  5.24158506626035E-13
gfc    61   21  2.45512778282673E-12  5.41320404322179E-13
gfc    61   22  2.04663287073862E-12 -9.27207481346155E-13
gfc    61   23 -7.25855992520511E-13 -2.52793625184871E-12
gfc    61   24 -1.50522396325782E-12 -1.35254763067637E-12
gfc    61   25 -1.13826380374466E-12 -1.07640474678770E-12
gfc    61   26  2.39158535309140E-13 -2.95109895962713E-13
gfc    61   27 -5.94225907854319E-13  1.03114466456194E-13
gfc    61   28 -6.04576052407333E-13  1.25042829794376E-12
gfc    61   29  8.54389391140260E-14 -2.30041054186400E-13
gfc    61   30  3.70289451090991E-13 -3.10444500032114E-13
gfc    61   31  8.37178761245743E-13  2.70405399877037E-13
gfc    61   32 -5.51239902147053E-13  8.87964824030729E-13
gfc    61   33 -1.12541568480403E-12 -9.17022684933814E-14
gfc    61   34 -6.66302559212295E-14 -1.28586885689918E-12
gfc    61   35  5.41917307737933E-13 -1.58404100874525E-13
gfc    61   36  8.89157062486809E-13  7.27267078211664E-13
gfc    61   37 -1.59464701237176E-12  7.98037314995299E-13
gfc    61   38  5.32526082128423E-13 -1.17778925682364E-12
gfc    61   39  2.10845529203076E-13  2.51189510953657E-13
gfc    61   40  2.49097098108864E-13  1.06270641049316E-12
gfc    61   41 -1.91496544617675E-12 -1.01650891429620E-12
gfc    61   42  1.44859318276063E-12 -1.18941906183792E-12
gfc    61   43  4.22202272087669E-13 -9.25994904748456E-14
gfc    61   44  6.44954189492389E-13  1.87888036061521E-12
gfc    61   45 -1.86671217443921E-12 -1.22977086665920E-12
gfc    61   46  2.19297572417225E-12 -1.04659410059147E-13
gfc    61   47 -1.55510508236891E-12  2.22446456510786E-13
gfc    61   48  9.96980024096055E-13 -1.01410004862007E-12
gfc    61   49  2.24049414982543E-13  6.75725127965678E-13
gfc    61   50 -2.10270298282777E-13  1.35297740877692E-13
gfc    61   51  2.73286921835966E-13 -8.02170990556889E-13
gfc    61   52  8.15326866844037E-13  9.72945187693832E-13
gfc    61   53 -1.07687377773902E-12 -4.78299491584924E-13
gfc    61   54  8.82086386163562E-13  6.51291986835312E-13
gfc    61   55 -8.85238626916527E-13 -3.66951251851909E-13
gfc    61   56  9.81149028873162E-13  1.12373584875002E-13
gfc    61   57 -1.14170197636777E-12  1.79999966143660E-14
gfc    61   58  8.83262930508350E-13  5.82375225823733E-14
gfc    61   59 -1.23365326282313E-12  3.04565668145432E-13
gfc    61   60  6.54572543983764E-13 -1.61338390917900E-12
gfc    61   61  3.98678139514380E-13  6.85431224909088E-13
gfc    62    0 -1.22043752399810E-12  0.00000000000000E+00
gfc    62    1  1.09652804068030E-12  3.94559486179484E-13
gfc    62    2 -1.67408049699615E-12 -1.23889101861326E-12
gfc    62    3  1.27617372615350E-12  3.21487196195708E-13
gfc    62    4  1.34938385407098E-13  7.78086825608148E-13
gfc    62    5  4.37848490091079E-13 -9.70414620611457E-13
gfc    62    6  1.88877654636995E-12  5.99792233718393E-13
gfc    62    7  2.47518440685761E-12 -1.84200881661607E-12
gfc    62    8  1.26528751119246E-12  3.14408292949683E-14
gfc    62    9  1.22290835404343E-12  9.49168597251590E-13
gfc    62   10  1.25457702583940E-12  7.69139056106484E-13
gfc    62   11  4.66424890669208E-13  1.04095758089989E-12
gfc    62   12 -5.93435993943384E-13 -1.28936264919155E-14
gfc    62   13  6.34021055278239E-13 -1.51044157218490E-12
gfc    62   14 -1.32578021235531E-12 -2.08335753293032E-12
gfc    62   15 -1.70486328379665E-12 -7.89394087166972E-13
gfc    62   16 -1.89869747871633E-12  1.65919829216122E-12
gfc    62   17 -7.45784129309418E-13  9.96597159542238E-13
gfc    62   18 -2.12186071610284E-12 -3.31433083691907E-16
gfc    62   19 -2.18068547457118E-13  4.52120933589315E-14
gfc    62   20  1.38290536587810E-13  1.57844926336270E-12
gfc    62   21  2.38704074446156E-12  3.67503110000596E-13
gfc    62   22  1.64961366623714E-12 -1.08499761757772E-12
gfc    62   23 -4.08074939546895E-13 -2.23561642674423E-12
gfc    62   24 -1.18268726688766E-12 -1.45955378273060E-12
gfc    62   25 -4.39434900469627E-13 -4.87706907663940E-13
gfc    62   26 -8.83439505289377E-13  5.21906050839449E-13
gfc    62   27 -1.14936607461476E-12  7.16357891358619E-13
gfc    62   28 -9.09964629388854E-13  5.39158632360426E-13
gfc    62   29  4.60868886745761E-13 -1.01658530882651E-12
gfc    62   30  3.96950777521682E-13 -2.23056490963744E-13
gfc    62   31  1.07926469897640E-12  8.01994811311337E-13
gfc    62   32 -6.50389037080469E-13  6.35145419368455E-13
gfc    62   33 -2.15098247424712E-13  4.88777186577721E-15
gfc    62   34 -2.60333561051202E-13 -8.22819567979354E-13
gfc    62   35  5.74277552743827E-13  6.13071803159547E-13
gfc    62   36 -7.85275041205460E-13  4.71909207163841E-13
gfc    62   37 -9.78458918233812E-13  2.79983078359342E-14
gfc    62   38  8.34913646452231E-13 -9.20003267121233E-13
gfc    62   39 -1.61102084816776E-13  3.24058709543795E-13
gfc    62   40  8.76445185244392E-13  2.39934015929655E-13
gfc    62   41 -1.41990368534390E-12  1.22885370413450E-13
gfc    62   42  1.47176033073899E-12 -1.44610254224291E-12
gfc    62   43 -5.48872075153631E-13  1.23086682843717E-12
gfc    62   44  3.93756095278233E-13 -9.68093171615646E-14
gfc    62   45 -1.25644686051705E-12 -4.85475838227644E-13
gfc    62   46  2.79150780967269E-12 -9.11247453968618E-13
gfc    62   47 -1.15778924024410E-12  2.69802780435813E-12
gfc    62   48 -7.94936995457950E-14 -2.08594993610284E-12
gfc    62   49  5.35016176201398E-13  6.51959455699560E-13
gfc    62   50  3.99055531071035E-13 -2.10870967651953E-13
gfc    62   51 -1.37175826968768E-13  1.01562985878461E-12
gfc    62   52  5.18174303501406E-13 -2.13693570730048E-13
gfc    62   53 -6.74875831484511E-13  2.36069256843060E-13
gfc    62   54  6.28473193208106E-13  9.44962540926287E-15
gfc    62   55 -8.57932340478297E-13  8.95683936663229E-13
gfc    62   56  7.76921897194140E-14 -6.31385734440782E-13
gfc    62   57 -4.83850438753517E-13  8.80374535630817E-13
gfc    62   58 -7.72753224474278E-14 -1.25443599243737E-12
gfc    62   59  2.60765707037745E-13  4.60720331620245E-13
gfc    62   60 -4.43056882378612E-13 -1.26803675314010E-12
gfc    62   61  1.81822727077343E-12  4.61945608913340E-13
gfc    62   62 -3.43222182752714E-13  4.06348939771464E-13
gfc    63    0  9.99241203656740E-13  0.00000000000000E+00
gfc    63    1  5.74361686727292E-14 -2.01641438194038E-12
gfc    63    2  4.58422968061856E-13 -9.69638810344893E-13
gfc    63    3 -3.96126763054367E-13  1.69843541701392E-13
gfc    63    4  8.91545339363981E-13 -5.49471565360866E-13
gfc    63    5 -6.25323772501732E-13 -2.97877949336741E-13
gfc    63    6  1.17333346908894E-12 -9.91673663199977E-13
gfc    63    7  7.47257650067968E-13 -8.24309735838276E-13
gfc    63    8  8.35774168846359E-13 -1.86474998691825E-13
gfc    63    9  1.48031461332942E-12  1.10661965470360E-12
gfc    63   10  8.08739308601084E-13  1.33012661158125E-12
gfc    63   11 -9.38580375544604E-14 -8.11787602814510E-13
gfc    63   12  1.60920698614544E-14 -2.70414730383660E-13
gfc    63   13  4.41381276119040E-13 -3.95390831247995E-13
gfc    63   14  1.57847570220183E-13 -6.45410479838968E-13
gfc    63   15 -1.80842475111766E-12 -1.63799345859287E-14
gfc    63   16 -2.23434902237489E-12  1.40675378193837E-12
gfc    63   17 -1.56971563347369E-12  6.56852076058192E-13
gfc    63   18 -7.14576874335991E-13  9.31696788352677E-13
gfc    63   19 -1.45432905906542E-13  1.12281015838248E-12
gfc    63   20  2.52337113243991E-13  1.61715161623301E-12
gfc    63   21  1.06033445586283E-12  1.00952726061419E-12
gfc    63   22 -6.00721910537649E-14 -8.46558399310613E-13
gfc    63   23 -2.26160702500967E-13 -2.29485477569733E-12
gfc    63   24 -7.94062316491750E-13 -1.45776083431384E-12
gfc    63   25 -5.76983634760021E-13 -3.13903207444653E-13
gfc    63   26 -1.40207863290026E-12  6.86688804206081E-13
gfc    63   27 -1.39316950409314E-12  8.35949848212199E-13
gfc    63   28 -4.39475808037816E-13  5.21403285809262E-13
gfc    63   29  4.71442975352507E-13 -6.89756216459148E-13
gfc    63   30 -2.75704926391056E-14  7.55015303511055E-13
gfc    63   31 -4.29664310532696E-13  3.86368425254073E-13
gfc    63   32 -1.17149940265412E-12 -7.38657388214797E-14
gfc    63   33  3.86910591750978E-13 -1.13471185072369E-12
gfc    63   34  7.43351098628844E-13 -6.91806073951549E-13
gfc    63   35  5.73554241215672E-13  1.18008064526153E-12
gfc    63   36 -1.42445679887886E-12  1.64827266044963E-14
gfc    63   37 -1.44177602491626E-13  1.61457647812731E-13
gfc    63   38  3.35501662372738E-13 -1.37101078062516E-12
gfc    63   39  8.39118017640720E-13  1.37808794734138E-12
gfc    63   40 -1.04173215947989E-12 -6.83320321243024E-14
gfc    63   41 -2.02709017119739E-13 -1.07470815382044E-12
gfc    63   42  1.59626263511454E-12 -1.13771353571089E-12
gfc    63   43  3.56367059968448E-13  2.47123321253395E-12
gfc    63   44 -1.21505667124626E-12 -2.73775471625772E-13
gfc    63   45 -2.29878359870979E-13 -5.89099888616340E-13
gfc    63   46  1.40792286876527E-12 -5.34768155788357E-13
gfc    63   47 -7.22324215605911E-13  2.08052814926696E-12
gfc    63   48 -1.12368223748505E-14 -2.41413477587503E-12
gfc    63   49  1.35659424653075E-12  2.77284948997142E-12
gfc    63   50 -2.34558254444436E-12 -1.21414642874886E-12
gfc    63   51  1.46652161216954E-12 -1.46281322955280E-13
gfc    63   52 -6.99093110501975E-13  3.69427973914380E-13
gfc    63   53  5.82006684486797E-15  6.30744699402958E-13
gfc    63   54 -6.84318970892562E-13 -1.10085103252123E-12
gfc    63   55  7.19307866974590E-13  6.25874128190365E-13
gfc    63   56 -1.11615748331960E-12 -7.57448849078332E-13
gfc    63   57  1.07587243849085E-12  4.06546297261086E-13
gfc    63   58 -9.40182670001166E-13 -5.23307413207830E-13
gfc    63   59  1.00732985455648E-12  1.57863130331566E-13
gfc    63   60 -9.46239332838660E-13  1.41467781290756E-13
gfc    63   61  1.27627204259038E-12 -4.39801242849174E-13
gfc    63   62 -7.57664022961712E-13  1.31726439439728E-12
gfc    63   63 -3.86392151116326E-13 -1.05524178677732E-12
gfc    64    0 -1.42260691973535E-12  0.00000000000000E+00
gfc    64    1  3.16139708552315E-13  6.14933250690994E-13
gfc    64    2 -1.66027846910052E-12  7.17052377758508E-13
gfc    64    3  2.27857991962184E-14  1.19580606001071E-12
gfc    64    4 -2.14956549696531E-13  5.90426021101170E-13
gfc    64    5  2.92662365958720E-13 -1.70002045201930E-13
gfc    64    6  1.17867347644838E-12 -7.63913192704535E-13
gfc    64    7  9.25752754637687E-13 -3.65201879589316E-13
gfc    64    8  1.85034965878425E-12  8.17521927453616E-13
gfc    64    9 -3.57254571025416E-13  1.80746695008781E-12
gfc    64   10  1.33007505074690E-12  4.68364228605855E-13
gfc    64   11 -1.29762726916181E-13 -2.84609534296851E-15
gfc    64   12 -1.00717258607863E-12 -9.96288181046650E-13
gfc    64   13 -5.28689628843425E-13  2.92682445700408E-13
gfc    64   14 -2.64582563698667E-13 -3.23008854890927E-13
gfc    64   15 -2.30074043628528E-12  9.26697630607475E-14
gfc    64   16 -1.65799325383328E-12  8.75889986537346E-13
gfc    64   17 -1.91851612965455E-12  7.17440933942282E-13
gfc    64   18 -3.05892719599845E-13  7.96547231836971E-13
gfc    64   19 -7.47892284170714E-14  1.05618521650094E-12
gfc    64   20  6.10564110955916E-13  2.11934706717043E-12
gfc    64   21 -7.30621169036603E-14  2.11643057381677E-13
gfc    64   22  4.32952707872328E-13 -1.27841483638002E-12
gfc    64   23 -5.35352128173900E-13 -1.79739645772815E-12
gfc    64   24 -6.23582308889754E-13 -1.07425159440667E-12
gfc    64   25 -1.60868532483335E-12 -1.07927808245947E-13
gfc    64   26 -1.89024856163957E-12  9.30115064265702E-13
gfc    64   27 -1.70394443543003E-12 -3.42507208339987E-14
gfc    64   28  5.87211987986750E-13  1.62890104370609E-13
gfc    64   29  5.44645146041673E-13 -7.52149526074868E-13
gfc    64   30  2.36487737890535E-13  1.21839792934502E-12
gfc    64   31 -8.51447139981702E-13 -9.06352089728335E-14
gfc    64   32 -5.37393051094513E-13  1.54134974834476E-13
gfc    64   33  6.31606633027827E-13 -1.30613526405016E-12
gfc    64   34  1.69275922126374E-13  2.32605512496769E-13
gfc    64   35 -1.57578100054900E-13  1.23654533903810E-13
gfc    64   36 -8.31992730262111E-13 -1.91357200576640E-13
gfc    64   37  7.06133072105181E-13 -1.07048074822688E-12
gfc    64   38  7.29862470746386E-13  3.05612299908488E-13
gfc    64   39 -3.71101529285900E-13  1.07318490932864E-12
gfc    64   40 -6.81529974317414E-13 -7.65061862263200E-13
gfc    64   41  6.71461114144169E-13 -4.39120545456774E-13
gfc    64   42  2.95409003408393E-13 -4.31221023740124E-13
gfc    64   43  4.43201273351157E-13  1.27902048943326E-12
gfc    64   44 -9.19155357736074E-13 -8.89763148130513E-13
gfc    64   45  1.44871650808334E-12 -8.16680425830248E-14
gfc    64   46  9.52604215194568E-14  7.36511844820113E-13
gfc    64   47 -5.14757916412565E-13  9.63133548817282E-13
gfc    64   48 -9.93693886411726E-13 -1.48341724760541E-12
gfc    64   49  1.90165578676023E-12  9.80614936160175E-13
gfc    64   50 -1.46045223366253E-12  2.61179307690663E-13
gfc    64   51  1.05423480619177E-12 -2.53202008606868E-13
gfc    64   52 -1.68952382281233E-12  4.80516372338825E-13
gfc    64   53  8.38730255620042E-13 -1.36277546461878E-12
gfc    64   54 -6.05813360917919E-13  6.60058867464939E-13
gfc    64   55  5.53163323168478E-13 -9.19794512565230E-13
gfc    64   56 -7.21628620781800E-14  2.13254913990859E-13
gfc    64   57  6.80178076720061E-13 -7.62096790792233E-13
gfc    64   58 -1.61249425613759E-13  7.72758498223836E-13
gfc    64   59  5.70058599605322E-13 -6.82908676915057E-13
gfc    64   60  1.88781003443422E-13  1.21047449399250E-12
gfc    64   61 -3.22281935456813E-13 -9.18953950835662E-13
gfc    64   62  4.08629886908730E-13  1.29488694740503E-12
gfc    64   63 -1.27495086088283E-12 -3.76535850541973E-13
gfc    64   64  8.63000744250432E-13 -7.25985398986131E-13
gfc    65    0  5.97898092815515E-13  0.00000000000000E+00
gfc    65    1 -1.06760257322468E-12 -5.97292845720254E-13
gfc    65    2 -8.73713561251412E-14 -9.00056970506216E-13
gfc    65    3 -5.61552481021791E-13  7.90447676055092E-13
gfc    65    4 -1.93758580362603E-13 -1.42411692929403E-12
gfc    65    5  1.35978150117114E-13 -4.68947256340700E-13
gfc    65    6 -6.29267481468999E-13 -1.84820859003280E-12
gfc    65    7  6.68606867056395E-13 -1.41390804083341E-13
gfc    65    8 -3.75240717987258E-13 -6.14320836674065E-13
gfc    65    9  9.94242781849422E-13 -9.86805535586216E-14
gfc    65   10  9.65151763186174E-13 -1.58475835133964E-13
gfc    65   11  6.33480936469364E-13 -2.03979494737292E-12
gfc    65   12 -4.98458076641604E-13 -7.50687607337334E-13
gfc    65   13  5.92360185071274E-13  1.58920206911912E-12
gfc    65   14 -5.41465946149987E-13  3.23370289863256E-13
gfc    65   15 -2.14459685586422E-12  2.98294913953447E-13
gfc    65   16 -2.42227651724671E-12 -1.57107040093595E-13
gfc    65   17 -1.57105473660315E-12  8.59455364453045E-13
gfc    65   18  3.83415408807865E-13  1.03047890138642E-12
gfc    65   19  1.29322351954686E-15  1.87801236581136E-12
gfc    65   20 -3.60898614732599E-13  2.14047451658534E-13
gfc    65   21 -3.17998482929573E-13  1.03624446089221E-13
gfc    65   22  5.12126447882439E-14 -1.30231483837911E-12
gfc    65   23  9.41816365507963E-13 -1.98185289246673E-12
gfc    65   24 -7.47910319298929E-13 -1.18024766768900E-12
gfc    65   25 -1.64573473892225E-12  3.35358637867862E-13
gfc    65   26 -1.73558750654912E-12  5.48817487049481E-13
gfc    65   27 -6.00208952695917E-13  4.98559629293195E-13
gfc    65   28  1.03106685467117E-12  2.70264779376217E-13
gfc    65   29  4.71415399098249E-13 -5.00677664026638E-14
gfc    65   30 -4.10499019704408E-13  6.89403827208819E-13
gfc    65   31 -7.53913493658573E-13 -2.28850064695425E-13
gfc    65   32  8.64215191999784E-13 -7.62900581750530E-13
gfc    65   33  1.19777841587572E-12 -4.32144325880958E-13
gfc    65   34  2.43197300744828E-13  8.23224561082143E-13
gfc    65   35 -5.58887156885155E-13  4.52377093779617E-13
gfc    65   36 -8.23874405442523E-13 -3.37629935908011E-13
gfc    65   37  9.34488643068981E-13 -9.53852834924204E-13
gfc    65   38  1.67299655052160E-13  6.77669559798544E-13
gfc    65   39 -2.79370898464661E-14  1.64997855830809E-13
gfc    65   40 -9.01897479570394E-13 -2.26356148288156E-13
gfc    65   41  9.81720306519763E-13 -9.91121157320365E-13
gfc    65   42  1.05404101508715E-12  7.53207661062836E-13
gfc    65   43 -8.55956228390264E-13  1.35937481150716E-12
gfc    65   44 -9.42759516385801E-13 -1.08147703062938E-12
gfc    65   45  1.09767785636884E-12 -4.97944976848532E-13
gfc    65   46  6.91150328881178E-13  9.23222686950315E-13
gfc    65   47 -1.23232366881421E-12  3.38747593019012E-13
gfc    65   48  5.93651553493917E-13 -1.28434762573907E-12
gfc    65   49  8.84576178517248E-13  1.75421730413880E-12
gfc    65   50 -2.25282812868227E-12 -4.77869874463938E-14
gfc    65   51  1.63692496968543E-12 -1.83717760057420E-12
gfc    65   52  2.22123952864624E-13  2.30830041082624E-12
gfc    65   53 -1.10025345017646E-12 -1.79231974740406E-12
gfc    65   54  8.48730589583324E-13  6.52704900782422E-13
gfc    65   55 -1.35745574170313E-13 -6.36440690482667E-13
gfc    65   56  7.92377964842454E-13  8.03474325500121E-13
gfc    65   57 -6.48223232376696E-13 -5.43290709151651E-13
gfc    65   58  7.49147184578689E-13  8.39692915039664E-13
gfc    65   59 -6.82186606228310E-13 -6.92386683442989E-13
gfc    65   60  8.04377610443568E-13  7.91563918498429E-13
gfc    65   61 -9.46120537283980E-13  1.06914967457241E-13
gfc    65   62  9.38594665222224E-13 -6.57687315950045E-15
gfc    65   63 -1.41399190995053E-12  2.01101976327637E-13
gfc    65   64  6.26937505427898E-13 -8.75866035138086E-13
gfc    65   65  1.23490521346343E-13  1.04817117598344E-12
gfc    66    0 -1.80614858227946E-12  0.00000000000000E+00
gfc    66    1 -4.92905322794750E-13 -5.73353430816517E-13
gfc    66    2 -1.79923230888793E-12  7.29513860418900E-13
gfc    66    3 -5.54701266749728E-13 -5.65531046541111E-13
gfc    66    4  3.61543149269883E-13  8.04327395802780E-13
gfc    66    5  6.96897458256273E-13 -4.40683494783803E-13
gfc    66    6 -5.07451980356629E-13 -5.11646236478229E-14
gfc    66    7  4.04547174155615E-13 -5.45898703497662E-13
gfc    66    8  5.66841711852724E-13  1.94430788915368E-13
gfc    66    9 -1.55046076901420E-13 -3.43419244745210E-13
gfc    66   10  1.22026709572696E-12 -1.41102822397943E-12
gfc    66   11  9.84107719194827E-13 -1.67971362212860E-12
gfc    66   12 -1.33371917254667E-12 -4.15976292635465E-13
gfc    66   13  1.57594986697154E-15  8.62641694953440E-13
gfc    66   14 -4.72644062337073E-13 -7.54402186680615E-14
gfc    66   15 -8.52219865450699E-13 -6.78601988392582E-13
gfc    66   16 -9.53176951011414E-13 -4.11929137218262E-13
gfc    66   17 -2.46128990462120E-13  2.10186778825551E-12
gfc    66   18  4.45591417843786E-13  2.19084979102957E-12
gfc    66   19  1.21789277237650E-12  1.51727587642325E-12
gfc    66   20 -4.85431777395336E-13  1.97505670224160E-13
gfc    66   21 -2.02319427145909E-13 -1.21231156686989E-13
gfc    66   22  5.06907979110834E-13 -9.27391204774713E-13
gfc    66   23  8.30504846839200E-13 -3.54035196860774E-13
gfc    66   24 -1.53098620166104E-12 -1.16060312954691E-12
gfc    66   25 -1.81641778965215E-12 -1.76941716979391E-13
gfc    66   26 -2.03476190940728E-12  3.29104153754715E-13
gfc    66   27  8.43737688035167E-13  1.33663068747662E-12
gfc    66   28  1.64843348908916E-12  3.90642269180559E-13
gfc    66   29  3.54682149625869E-13  8.97423814877079E-13
gfc    66   30 -7.54937156698520E-13  1.38068277434468E-13
gfc    66   31 -3.08903729927176E-13  3.73157517230142E-13
gfc    66   32  8.29449504866366E-13 -8.23313763336838E-13
gfc    66   33  7.01069390584473E-13  4.41658320229983E-13
gfc    66   34 -1.13996436718650E-13  3.53142011101862E-13
gfc    66   35 -5.13755414773039E-13 -2.68849742877574E-13
gfc    66   36  4.96171151652774E-13 -4.37364914140438E-13
gfc    66   37  6.96100601540121E-13  5.30766560585301E-13
gfc    66   38 -3.99672753630816E-13  7.27169119997925E-13
gfc    66   39 -9.57450422035142E-13  3.02143363791244E-13
gfc    66   40 -3.00214602243457E-13 -1.13299290096992E-12
gfc    66   41  1.30566749465909E-12  4.81981871518304E-13
gfc    66   42 -8.58711941477082E-13  4.88011768974267E-13
gfc    66   43 -4.60075187803947E-13  1.67432269474206E-13
gfc    66   44  2.82351100527389E-13 -9.86100088608989E-13
gfc    66   45  1.03168409565063E-12  6.34977697254214E-13
gfc    66   46 -6.61074996056423E-13  6.66934654981362E-13
gfc    66   47 -1.23485171549898E-12 -1.03941040870210E-13
gfc    66   48  1.06231384960310E-12 -1.60570634083929E-12
gfc    66   49  5.02405027061839E-13  1.78110422855591E-12
gfc    66   50 -9.01905073273283E-13 -5.73930150498097E-13
gfc    66   51  6.70343104699175E-13 -2.40578210002646E-13
gfc    66   52 -3.22024732768342E-13  4.12753303024491E-13
gfc    66   53 -1.79876343340161E-14 -9.72530026070112E-13
gfc    66   54  1.51609402463644E-12  9.14302873442581E-13
gfc    66   55 -1.47531373606987E-12  3.03223953215742E-13
gfc    66   56  1.12991803194655E-12 -4.93451749380312E-13
gfc    66   57 -6.42644380447301E-13  1.11440801664674E-12
gfc    66   58  2.49691982383833E-13 -2.88279088742233E-13
gfc    66   59 -1.01043410163216E-12  4.33678555244388E-13
gfc    66   60  4.05364496491008E-13 -6.55503730196540E-13
gfc    66   61 -6.82584166181919E-13  9.63088033081768E-13
gfc    66   62 -3.09210710923205E-14 -1.36652392332184E-12
gfc    66   63 -5.21526487871265E-14  7.31608776068933E-13
gfc    66   64 -1.98713255527073E-13 -1.50331066159119E-12
gfc    66   65  1.50466887482816E-12  8.02519356820937E-13
gfc    66   66 -7.36647418546038E-13  4.41595525276266E-13
gfc    67    0  1.40652530736576E-13  0.00000000000000E+00
gfc    67    1 -8.97135372976601E-13  3.15242856595520E-13
gfc    67    2  8.84549768749967E-13 -1.97848486884383E-12
gfc    67    3 -4.55750756560019E-13 -4.43571380353336E-14
gfc    67    4  1.33164390293634E-12 -1.22177485143338E-12
gfc    67    5  1.97376700940877E-13 -4.67813143639334E-13
gfc    67    6 -9.86594733065076E-13 -1.53466647482413E-13
gfc    67    7  2.73662753873419E-13 -5.29954258488443E-13
gfc    67    8  3.08658451511710E-13 -9.97705684084357E-13
gfc    67    9  1.06562702846429E-12 -1.96351513586575E-12
gfc    67   10  1.99660739634452E-12 -5.00057239060156E-13
gfc    67   11  3.30473830081856E-14 -2.01368501063438E-12
gfc    67   12 -3.00780437491016E-13  7.65191785026562E-13
gfc    67   13 -2.65994911913889E-13  7.91361069621587E-13
gfc    67   14  3.91463705985933E-13  1.21492540388553E-12
gfc    67   15 -5.41721895492222E-13 -1.11896189682959E-12
gfc    67   16 -1.52200671670428E-12  5.92435780118811E-13
gfc    67   17 -3.79380901383804E-13  1.97020896184008E-12
gfc    67   18  1.05421011956689E-12  2.99459008023019E-12
gfc    67   19  1.02335665878406E-12  8.65071767022446E-13
gfc    67   20  3.11595639528586E-13 -5.53274445342112E-13
gfc    67   21  3.34450441435386E-13 -4.01092718291196E-13
gfc    67   22  3.31705065805500E-13  1.18483227251247E-12
gfc    67   23  8.90135930034790E-13 -2.44319995199697E-13
gfc    67   24 -1.57126139168889E-12  1.07277660197273E-14
gfc    67   25 -2.48025649297362E-12 -5.17075263396115E-13
gfc    67   26 -1.83935532311521E-12  1.32275924572887E-12
gfc    67   27  8.75780444833472E-13  1.48868045695992E-12
gfc    67   28  5.66583818834152E-13  9.94500131591444E-13
gfc    67   29 -5.27252086202550E-14  1.22243522759081E-13
gfc    67   30 -9.41544301253739E-13 -3.36546269091335E-13
gfc    67   31  8.95940966118539E-13 -1.91934380146825E-13
gfc    67   32  6.69370727952618E-13  8.95703526503030E-14
gfc    67   33  2.57845018243647E-13  9.24662737570278E-13
gfc    67   34 -1.20087296534608E-12  2.68437100492687E-13
gfc    67   35 -6.88342631634038E-13 -7.13839963036807E-13
gfc    67   36  4.91862256073818E-13 -5.59749867089569E-13
gfc    67   37  5.52631155172723E-13 -6.30094619349210E-14
gfc    67   38 -7.05095070282217E-13  6.10872788633903E-13
gfc    67   39 -5.36112486623213E-13 -6.45648526088777E-13
gfc    67   40  4.99640197024795E-13 -1.59049281241204E-13
gfc    67   41  5.64738673146112E-13  3.36564879552360E-13
gfc    67   42 -8.93528509782398E-13  4.57029034945337E-13
gfc    67   43 -3.27027244401622E-13  1.31684722627133E-13
gfc    67   44 -5.09575293574526E-14 -1.58406574447277E-12
gfc    67   45  1.58390881341293E-12  9.70070858527482E-13
gfc    67   46 -1.11276768277251E-12  2.47095349522684E-13
gfc    67   47  1.10559223866337E-13  3.72838288166512E-13
gfc    67   48 -4.10744563237369E-13 -1.05060773412042E-12
gfc    67   49  7.84413298832744E-13  1.93055386095414E-12
gfc    67   50 -1.90278430127849E-12 -1.37323785620195E-12
gfc    67   51  2.23864808734270E-12 -8.13258952115911E-13
gfc    67   52 -9.07833814938192E-13  1.66049359111793E-12
gfc    67   53 -7.49176221123644E-13 -4.80004508513451E-13
gfc    67   54  7.19510610548005E-13 -7.14741891693688E-13
gfc    67   55 -6.03720614992056E-14  1.10101550145652E-12
gfc    67   56 -1.33461413672754E-13 -7.44047579109817E-13
gfc    67   57  2.29111754749554E-14  9.38717541709711E-13
gfc    67   58 -5.79015349524993E-13 -8.92177615145941E-13
gfc    67   59  1.04543965432824E-13  9.68993153886585E-13
gfc    67   60 -6.39183736460464E-13 -1.19373147313003E-12
gfc    67   61  8.12711944372495E-13  5.47228769560252E-13
gfc    67   62 -1.12419554105985E-12 -7.35917564614077E-13
gfc    67   63  1.10143292049694E-12  5.70603885815220E-14
gfc    67   64 -5.75699486963477E-13 -4.13102835105217E-13
gfc    67   65  1.49737089893120E-12 -3.26197765939068E-13
gfc    67   66 -1.06796443403118E-12  1.38856628037202E-12
gfc    67   67  1.28605535571299E-13 -5.26833778406941E-13
gfc    68    0 -2.02654196978374E-12  0.00000000000000E+00
gfc    68    1 -1.72762100610463E-13 -2.48333148808646E-13
gfc    68    2 -6.53705194504145E-13  6.83466410737695E-15
gfc    68    3 -1.24208142458962E-12  8.13403742049094E-14
gfc    68    4  1.26628889659495E-12  9.85770568281497E-13
gfc    68    5 -1.30959148635946E-12  2.40024476828031E-13
gfc    68    6 -1.19811897077371E-12  1.04113915989059E-12
gfc    68    7 -1.10438528039718E-12  9.56702010750528E-16
gfc    68    8  9.40880749946148E-13 -8.08643006425459E-13
gfc    68    9 -9.59039417277902E-14 -3.13555473395541E-13
gfc    68   10  7.62113979757445E-13 -1.32589275829582E-12
gfc    68   11 -4.99496131445092E-13 -1.01955428939839E-12
gfc    68   12 -1.40074313029220E-12  5.16776407418533E-14
gfc    68   13 -1.41163711863437E-12  4.51421670940519E-13
gfc    68   14  1.01002223049826E-12 -4.11239771320981E-13
gfc    68   15 -4.88227958300396E-14 -6.77974123321898E-13
gfc    68   16 -2.38352084888358E-13  6.01879964193210E-13
gfc    68   17 -2.71058385371421E-13  3.09358305488743E-12
gfc    68   18  7.87827579596753E-13  2.53398801107711E-12
gfc    68   19  1.04166955326161E-12  4.64957594403852E-13
gfc    68   20  8.03153425519725E-13 -7.02382059607155E-13
gfc    68   21 -5.85376660346646E-13 -1.71803849353056E-13
gfc    68   22  4.29621781688573E-13  9.21960844386842E-13
gfc    68   23 -1.34189170613732E-13 -9.10116041871689E-14
gfc    68   24 -1.36466267433544E-12 -1.29744420003566E-12
gfc    68   25 -2.04945378770709E-12 -5.76248518731850E-13
gfc    68   26 -9.78794023066812E-13  2.12223971998875E-12
gfc    68   27  1.01311320889983E-12  2.26193323769102E-12
gfc    68   28  4.48190232609436E-15  1.16383546170447E-12
gfc    68   29 -5.46356825093905E-13 -3.52314502977222E-13
gfc    68   30 -1.04381602589120E-12 -7.48510130892831E-13
gfc    68   31  1.18516113189892E-12 -4.30542129083440E-13
gfc    68   32  3.04069485408249E-13  9.91738103443844E-14
gfc    68   33 -3.09625630450842E-13  1.90510165101594E-13
gfc    68   34 -9.45570126528092E-13 -5.75460193269936E-13
gfc    68   35  1.27916145022355E-13 -6.18265052582835E-13
gfc    68   36  1.04262437858335E-12  1.77373307676971E-13
gfc    68   37 -4.63886584260792E-13  3.94084908116962E-13
gfc    68   38 -1.16087512077625E-12 -4.34537146084043E-14
gfc    68   39  5.16006608581466E-14 -1.37792090534851E-12
gfc    68   40  5.82887992839400E-13 -6.18493035645932E-15
gfc    68   41  8.30549187957603E-13  2.84611549217239E-13
gfc    68   42 -1.58989324355704E-12  9.51542665375179E-13
gfc    68   43  6.42050694113240E-13 -1.84234775826350E-12
gfc    68   44  1.00474743790898E-12  3.84536876707809E-13
gfc    68   45  3.56613730708315E-13  1.06438066446158E-12
gfc    68   46 -1.81343975286312E-12 -9.31144880796102E-14
gfc    68   47  1.06188544731083E-12 -1.59244578473922E-12
gfc    68   48  2.06263311127373E-13  5.25236899197767E-13
gfc    68   49  7.48050580357948E-13  1.16294076955315E-12
gfc    68   50 -1.96656684276068E-12 -5.32398311555790E-13
gfc    68   51  2.28455370627456E-12 -5.74280110158216E-13
gfc    68   52 -2.38496644594767E-12  1.46025794148267E-12
gfc    68   53  1.16638223656050E-12 -2.28825742794377E-12
gfc    68   54 -6.71382172257315E-15  1.76437093938641E-12
gfc    68   55 -8.84862533214983E-13 -3.21411016436581E-13
gfc    68   56 -4.76049981027233E-14 -9.63366079296199E-13
gfc    68   57  8.82131046064017E-13  4.13301212691945E-13
gfc    68   58 -1.34746585519284E-12 -3.90202206500289E-14
gfc    68   59  1.20413116161231E-12 -8.31337968298452E-13
gfc    68   60 -7.21839273506662E-13  1.39582491636547E-13
gfc    68   61  1.00176305080122E-12 -6.20312212914686E-13
gfc    68   62 -1.32573819149359E-13  7.35807731576604E-13
gfc    68   63  6.49461683426932E-13 -8.65055798887894E-13
gfc    68   64 -2.48070472011483E-13  1.29357183746194E-12
gfc    68   65  3.65152774031312E-13 -6.37842404283269E-13
gfc    68   66  2.20538344671922E-13  1.50859937762694E-12
gfc    68   67 -1.75912748984435E-12 -1.10595143713216E-12
gfc    68   68  8.52141990901574E-13 -3.88484373983267E-13
gfc    69    0 -6.65201237762282E-13  0.00000000000000E+00
gfc    69    1  4.68992181957812E-13  8.19029656853482E-13
gfc    69    2 -1.31738883304652E-13 -1.91190307246550E-12
gfc    69    3  3.02517998567396E-13  8.54266735101095E-13
gfc    69    4 -6.51263073478759E-14 -9.99672895063647E-13
gfc    69    5 -1.01097636465720E-12 -1.47721561182768E-13
gfc    69    6 -1.37634915464355E-12 -3.94359879961257E-13
gfc    69    7  4.55149854509641E-13 -2.21566286660656E-13
gfc    69    8 -5.69306595541357E-13 -1.69809993290615E-12
gfc    69    9  1.29294926519955E-12 -1.55348901195055E-12
gfc    69   10 -3.26727516326280E-14 -7.65307381515650E-13
gfc    69   11 -9.47567923357102E-13 -1.69222388859761E-13
gfc    69   12 -9.27332044555156E-13 -1.00916356272259E-12
gfc    69   13 -3.52611408016818E-13  5.46853963893712E-13
gfc    69   14  5.87827393250557E-13 -5.12259801566753E-13
gfc    69   15 -3.18800878356472E-13 -2.84401014105305E-13
gfc    69   16 -1.46721621438035E-12  7.13729219271587E-13
gfc    69   17 -3.14095307833067E-13  2.02751306770354E-12
gfc    69   18  1.83843740200769E-12  1.12404565675183E-12
gfc    69   19  1.78093071188843E-12  2.51249738086117E-13
gfc    69   20  1.29374194544092E-12 -1.62703743734639E-12
gfc    69   21 -7.47025753432917E-13  1.16293635417971E-12
gfc    69   22  1.43151164728605E-13  1.33501049957365E-12
gfc    69   23 -6.44749482151927E-13 -3.00557933482826E-13
gfc    69   24 -6.48580185940860E-13 -2.12290993844818E-12
gfc    69   25 -2.33394407720056E-12 -1.51130547229618E-13
gfc    69   26 -2.80384697796226E-13  1.39085780249379E-12
gfc    69   27  5.45739768137839E-13  2.30683702316329E-12
gfc    69   28  8.56541015151372E-13  3.51634853492524E-13
gfc    69   29  4.67197584072084E-14 -7.58292878274370E-13
gfc    69   30  4.44723745484753E-13 -6.35732221465552E-13
gfc    69   31  9.31495811586191E-13  4.46973258267097E-13
gfc    69   32  9.10538374663079E-14  1.94085370151460E-13
gfc    69   33 -1.19496928228727E-12 -4.62317072126665E-14
gfc    69   34 -2.19035567664566E-13 -1.19001544897742E-12
gfc    69   35  3.62644290724771E-13 -3.62636422229206E-13
gfc    69   36  1.31911898928073E-12  2.50777820613780E-13
gfc    69   37 -1.02756057239495E-12  6.38909955583799E-13
gfc    69   38 -4.86780891476825E-15 -3.25568760917492E-13
gfc    69   39  3.13123744742631E-14 -5.88094349728572E-13
gfc    69   40  9.76717764031347E-13  6.97665376120847E-13
gfc    69   41 -9.58163489274213E-13  1.82889697901970E-14
gfc    69   42 -4.95463569698644E-13 -2.18900334068916E-13
gfc    69   43  6.10784875595670E-13 -1.13516738284808E-12
gfc    69   44  9.72054693929606E-13  5.94689341923395E-13
gfc    69   45  6.38148906087225E-13  6.48789269752426E-14
gfc    69   46 -1.32764419475528E-12  7.20188604597291E-13
gfc    69   47  8.84730460119494E-13 -1.50489861542453E-12
gfc    69   48 -4.85455787705315E-14  1.57926606501880E-12
gfc    69   49  3.20114719000649E-14 -8.55035243472011E-13
gfc    69   50 -6.24647645641082E-13  2.27770930124297E-13
gfc    69   51  1.77864104467887E-12 -9.50449671570313E-13
gfc    69   52 -1.06330862832191E-12  2.74757525279370E-12
gfc    69   53 -8.23720870612085E-13 -2.52774846079068E-12
gfc    69   54  1.30553263017035E-12  1.09799775807263E-12
gfc    69   55 -6.47716965954110E-13 -5.50524516147931E-13
gfc    69   56  2.96559695022230E-13  5.38455703868109E-13
gfc    69   57 -4.22277965324743E-13 -7.70422905861551E-13
gfc    69   58  2.56294659357157E-13  5.25630063137690E-13
gfc    69   59  1.48416125544529E-13 -1.09074821728885E-12
gfc    69   60  5.75421554007919E-13  9.00960936417316E-13
gfc    69   61  1.30014813190380E-14 -8.52732553141908E-13
gfc    69   62  6.17801461487614E-13  1.19659559507105E-12
gfc    69   63 -5.95394856359485E-13 -5.49989233325512E-13
gfc    69   64  7.82855443303943E-13  9.56528720296220E-13
gfc    69   65 -9.58103113852134E-13 -2.82195970522078E-13
gfc    69   66  8.73719430470530E-13  4.12580219010016E-13
gfc    69   67 -1.68600758778427E-12  9.36203221227479E-14
gfc    69   68  7.89163511676898E-13 -1.07085495529264E-12
gfc    69   69  1.17871671919232E-13  6.79866817619632E-13
gfc    70    0 -1.03722580372767E-12  0.00000000000000E+00
gfc    70    1  2.52771290770147E-13 -1.25354027465219E-12
gfc    70    2 -1.05589893534695E-12  3.24124859446181E-13
gfc    70    3 -1.14156566390438E-12 -9.73280636990271E-13
gfc    70    4 -7.23184338228643E-14  1.34704850365627E-13
gfc    70    5 -1.62437118539314E-12  1.65323966786441E-13
gfc    70    6 -9.90019014827873E-13  1.56952403101977E-13
gfc    70    7 -3.58230556325319E-13  7.11749278247427E-14
gfc    70    8  3.52952525999007E-13 -4.02329315941122E-13
gfc    70    9 -2.32128201261973E-13 -9.45249463597131E-13
gfc    70   10 -2.01951707331336E-12 -1.23439854348276E-12
gfc    70   11 -2.79793743462679E-13 -1.19688324785315E-12
gfc    70   12 -1.44575419148061E-12 -1.22227809565456E-12
gfc    70   13  2.42514318914828E-13 -7.55390225772928E-13
gfc    70   14  1.11607686662416E-12 -6.43667591189860E-13
gfc    70   15  5.50272798025175E-13 -5.16677082106765E-13
gfc    70   16 -9.45720418294829E-13  8.27578100378241E-13
gfc    70   17  4.99622032502499E-13  1.93012800192196E-12
gfc    70   18  1.28653545430584E-12  1.05644657403464E-12
gfc    70   19  3.06328979885429E-12 -8.14758313321578E-13
gfc    70   20  7.82530088130932E-13 -9.51095498682420E-13
gfc    70   21 -2.12428715723243E-13  7.65404214577214E-13
gfc    70   22 -1.52253352143891E-13  9.77886751517502E-13
gfc    70   23  6.89471049254547E-13  3.00062887310466E-13
gfc    70   24 -5.09469838824772E-13 -1.72698365267743E-12
gfc    70   25 -1.16551926055106E-12  2.67905224693543E-13
gfc    70   26 -1.42376616272132E-12  2.45738696000220E-12
gfc    70   27  4.78773609887812E-13  2.22885229846085E-12
gfc    70   28  7.24054016611531E-13 -1.69033014307879E-13
gfc    70   29  8.71592087516533E-13 -1.06057375755455E-12
gfc    70   30  9.24626866458549E-13 -2.69220331523956E-13
gfc    70   31  1.20183403901440E-12  2.32090431661717E-13
gfc    70   32 -7.03103602156274E-13  1.50029860546175E-13
gfc    70   33 -6.22784289390651E-13 -2.19568834772773E-13
gfc    70   34  2.30665283086864E-13 -7.19159750203908E-13
gfc    70   35  4.90770948960016E-13  7.58191141761395E-13
gfc    70   36  8.67302910609581E-14  3.18291274384348E-13
gfc    70   37 -1.28822798189301E-12  3.88553606302651E-13
gfc    70   38  2.43804049059538E-13 -1.15261672913262E-12
gfc    70   39  8.64900240016585E-13 -1.44744847868127E-13
gfc    70   40  1.06677825034785E-12  1.41053562706407E-12
gfc    70   41 -1.30725868863299E-12  4.12313254985292E-14
gfc    70   42 -7.92956698006357E-14 -1.08571737593977E-13
gfc    70   43  2.45281304332172E-13 -7.42248758682535E-13
gfc    70   44  1.26038623247296E-12  1.20018905079368E-12
gfc    70   45 -1.28832999007291E-12  3.34716402998220E-13
gfc    70   46 -4.19427880611475E-13 -8.32133198615636E-13
gfc    70   47  1.26273564341161E-12 -6.89811246704690E-13
gfc    70   48  1.72769723354729E-13  1.73041582614122E-12
gfc    70   49 -1.34048818800159E-12 -3.03667758934740E-13
gfc    70   50  2.16895504129290E-13 -6.74359824724348E-13
gfc    70   51  5.96035054842415E-13 -6.79081537371435E-13
gfc    70   52 -6.94757867330929E-13  1.51124149206248E-12
gfc    70   53 -7.15851548638589E-14 -2.24064856010486E-12
gfc    70   54  2.47045286627213E-12  2.06558493380599E-12
gfc    70   55 -3.29225932420451E-12 -7.30397380075238E-13
gfc    70   56  2.45600151494517E-12 -1.11001118617021E-12
gfc    70   57 -5.66879110967891E-13  1.38384862846040E-12
gfc    70   58  1.17269196731029E-13 -2.29877039817728E-13
gfc    70   59 -6.41542057077398E-13 -1.98861396894138E-13
gfc    70   60  1.32210122902903E-12  3.40504119999378E-13
gfc    70   61 -8.53388142161423E-13  6.13774020044635E-13
gfc    70   62  5.07959045178296E-13 -2.30803252808741E-13
gfc    70   63 -1.13374590191768E-12  6.51182237913444E-13
gfc    70   64  4.70076780692398E-13 -4.89043001401048E-13
gfc    70   65 -8.44094268118050E-13  5.49158811506961E-13
gfc    70   66  2.51125975661236E-13 -1.05846882758394E-12
gfc    70   67 -2.51253185066119E-13  1.18015816639479E-12
gfc    70   68  8.96134294886430E-15 -1.69567680970435E-12
gfc    70   69  1.06252202913925E-12  9.69020754076019E-13
gfc    70   70 -1.20855257063533E-12  2.32128662172615E-13
gfc    71    0  4.68081188531020E-13  0.00000000000000E+00
gfc    71    1  1.93582335513692E-13  1.70269851759000E-12
gfc    71    2  3.08835750704544E-13 -4.74657948422260E-13
gfc    71    3 -2.60770973836953E-13 -2.30922974687107E-13
gfc    71    4 -4.63075282779287E-13 -4.44357872746472E-13
gfc    71    5 -4.58991030311553E-14 -6.21484029408003E-13
gfc    71    6  3.93114052880909E-14 -1.30268725671248E-13
gfc    71    7  8.59188342595848E-13 -1.32300593420249E-14
gfc    71    8  5.61631998611399E-13 -1.20774045375537E-13
gfc    71    9 -2.73477835684646E-13 -1.90898540515200E-12
gfc    71   10 -1.31828239262316E-12  1.18885705625716E-13
gfc    71   11 -5.69117385914039E-13 -6.00204547199193E-13
gfc    71   12 -4.31857564765382E-13 -1.07536842580304E-12
gfc    71   13  5.32660590244573E-13 -7.12732684332401E-13
gfc    71   14  3.66918736042679E-13  3.91740850224885E-13
gfc    71   15 -3.62495098184408E-13 -3.34368607046090E-13
gfc    71   16 -1.33181442834438E-12  1.32663637804436E-12
gfc    71   17  1.05795639652937E-12  2.97912149093392E-13
gfc    71   18  2.74541554216076E-12  9.17717324424569E-13
gfc    71   19  2.69150723970047E-12 -3.09356989058151E-13
gfc    71   20  4.86334065957973E-13 -1.47681639863489E-13
gfc    71   21 -6.11215011779963E-13  4.73291013770393E-13
gfc    71   22 -7.31674299398076E-13  1.18094495132401E-12
gfc    71   23  1.13742654741722E-12 -5.23663964079575E-13
gfc    71   24  4.16251437657537E-13 -9.30938895390198E-13
gfc    71   25 -9.87318117594191E-13  8.42565545412069E-13
gfc    71   26 -1.26533810864933E-12  2.31747003552852E-12
gfc    71   27  4.61919743777993E-13  1.92674865990410E-12
gfc    71   28  5.65921735550341E-13  2.74681869899249E-13
gfc    71   29  1.27800244707329E-12 -3.03878842196806E-13
gfc    71   30  3.45670450770188E-13  3.03120195390172E-13
gfc    71   31  2.97997137947582E-13 -1.66116632285797E-13
gfc    71   32 -1.56434286254318E-12 -6.26877574691368E-13
gfc    71   33 -6.15551361741619E-14 -7.69482152205835E-13
gfc    71   34  6.30017111880186E-14 -5.99635671760735E-13
gfc    71   35  7.81876436145118E-13  1.07002797255173E-12
gfc    71   36 -8.15020857544336E-13  8.51516399548464E-14
gfc    71   37 -4.07941771687119E-13  5.25755868860121E-14
gfc    71   38  1.10149456765493E-13 -6.91307623076291E-13
gfc    71   39  7.37057130707474E-13  6.64016458016995E-13
gfc    71   40 -4.14194136332207E-13  4.74339056625246E-13
gfc    71   41 -8.61970558900202E-13 -3.66169874879708E-13
gfc    71   42  3.69515388720991E-13 -1.07622890906247E-12
gfc    71   43  1.34519430852918E-12  4.67632782334949E-13
gfc    71   44 -3.08057371864084E-13  9.99852417792019E-13
gfc    71   45 -1.00950235760645E-12 -2.58674323847116E-13
gfc    71   46  3.57446476779538E-13 -1.83471314443510E-14
gfc    71   47  1.77025333955488E-13 -3.34692918138348E-13
gfc    71   48 -2.12683033436365E-13  7.52921451415010E-13
gfc    71   49 -7.30837145266042E-13 -9.52148204774231E-13
gfc    71   50  1.57339958171155E-12 -3.28538083847765E-13
gfc    71   51 -1.54832134762575E-13  8.96623664943937E-13
gfc    71   52 -1.06874555480978E-12  4.41824604256512E-13
gfc    71   53  2.45365653324954E-14 -1.42102315460208E-12
gfc    71   54  1.77052539058479E-12  3.32996810106072E-13
gfc    71   55 -1.40953608943079E-12  5.39631099087459E-13
gfc    71   56  1.28467647792704E-12 -1.06603163876383E-12
gfc    71   57 -7.18529904680804E-13  1.49091131043028E-12
gfc    71   58  7.89947053897484E-14 -1.31677403794538E-12
gfc    71   59  1.58618625184635E-13  1.38368780695104E-12
gfc    71   60 -3.12455954546351E-13 -1.01222284648694E-12
gfc    71   61 -4.18204321638964E-14  1.04375592637125E-12
gfc    71   62 -3.54697284448534E-13 -5.99310475308015E-13
gfc    71   63 -1.43369195566106E-13  6.68032573639831E-13
gfc    71   64 -3.78080539503749E-13 -1.09287621495638E-12
gfc    71   65  1.35296730741466E-13  1.02852832230009E-12
gfc    71   66 -7.23699808098356E-13 -1.37222797846929E-12
gfc    71   67  8.67913840362736E-13  1.21374593341405E-13
gfc    71   68 -9.06759578965933E-13 -5.86556925813715E-13
gfc    71   69  1.81885054453099E-12  1.22537491686562E-13
gfc    71   70 -7.62566645611334E-13  8.70093738852827E-13
gfc    71   71 -3.63516940686753E-14 -6.48648463439586E-13
gfc    72    0  9.46344765392921E-13  0.00000000000000E+00
gfc    72    1 -8.26607289355212E-13  1.73832200994246E-13
gfc    72    2  3.05371004618265E-13  6.09612448902245E-13
gfc    72    3 -2.06341864164946E-12 -6.33337313195672E-13
gfc    72    4 -3.70589676387455E-13  1.81911121793995E-13
gfc    72    5 -8.51985628963529E-13  4.38171444160195E-13
gfc    72    6 -1.69708071741248E-13  4.39268004441282E-13
gfc    72    7 -9.45421152878727E-13  1.56917748645605E-12
gfc    72    8  6.44923083502170E-13  6.01652483196457E-14
gfc    72    9 -1.92556862300865E-12 -4.05470562746206E-13
gfc    72   10 -2.47675931220085E-12 -6.42217790005590E-13
gfc    72   11 -6.86905202820282E-13 -1.01343756442641E-12
gfc    72   12 -1.76617126242252E-13 -7.49564698695204E-13
gfc    72   13 -7.95051442188389E-13 -3.88130823376559E-13
gfc    72   14  3.48712669945377E-13 -4.02706146788484E-13
gfc    72   15 -1.34362900109114E-12 -2.67779550229369E-13
gfc    72   16  3.56243978448491E-13  1.76468621592153E-13
gfc    72   17  7.95725168709405E-13  6.10588086869858E-13
gfc    72   18  2.86845662475413E-12  8.43545903690905E-13
gfc    72   19  1.89895787077487E-12 -5.57226445104595E-13
gfc    72   20  7.64743736389297E-13  2.19385100885723E-13
gfc    72   21 -1.37841064102091E-12 -5.11203664973603E-13
gfc    72   22  1.18565501639758E-13  8.83080715465247E-13
gfc    72   23  6.42918445655086E-13 -1.23784015648819E-13
gfc    72   24  4.54801819526768E-13 -1.79768394352554E-13
gfc    72   25 -1.81127515616191E-12  1.95302371791118E-13
gfc    72   26 -1.15033779848662E-12  2.05510449413417E-12
gfc    72   27 -1.57536888834284E-13  7.19261706452964E-13
gfc    72   28  2.14399998394445E-12  3.09907434890692E-13
gfc    72   29  9.86938324193762E-13 -3.96598676643488E-13
gfc    72   30  8.92117641535170E-13  5.43001357006431E-13
gfc    72   31 -7.56797988654554E-13 -9.46107178213948E-13
gfc    72   32 -8.25875371867232E-13 -5.75459387986296E-13
gfc    72   33 -8.47992357173199E-14 -9.77610424540527E-13
gfc    72   34  2.18679820824413E-13  4.01308965546014E-13
gfc    72   35 -7.44147446116010E-14  4.64504761274084E-13
gfc    72   36 -1.04943263458317E-12 -3.00948269912888E-13
gfc    72   37  7.52940912566286E-14 -9.30748529964691E-13
gfc    72   38  7.15219135646175E-13 -1.82914091124442E-13
gfc    72   39  7.88300445069687E-13  7.52847503551284E-13
gfc    72   40 -7.23399731110024E-13  2.48522085349065E-13
gfc    72   41 -7.81847900298848E-13 -6.50045612105683E-13
gfc    72   42  8.61133257856151E-13 -7.88347035860001E-13
gfc    72   43  5.17322036435941E-13  6.38465251331125E-13
gfc    72   44 -3.71555720094011E-14  2.42473297347385E-13
gfc    72   45 -8.46672076305101E-13 -2.64219194398065E-13
gfc    72   46  8.14548935585247E-13 -5.83378408655730E-13
gfc    72   47  1.17294037910362E-12  5.92598756328171E-13
gfc    72   48 -8.61646706490309E-13  1.50237968917090E-12
gfc    72   49 -5.44930961235862E-13 -1.52256006079079E-12
gfc    72   50  1.00255183798316E-12 -7.39143024428260E-14
gfc    72   51  4.35631644195192E-13  5.99481591839345E-13
gfc    72   52 -8.09153048908724E-13  6.96621804490723E-13
gfc    72   53  5.09788045266416E-13 -1.24461223501081E-12
gfc    72   54  5.20871135338773E-13  1.70064210047046E-12
gfc    72   55 -2.37183964339059E-12 -3.76586811296797E-13
gfc    72   56  1.58945472811045E-12 -2.15005138649664E-12
gfc    72   57  6.14811636324619E-13  2.37586231848127E-12
gfc    72   58 -2.14061584257062E-12 -9.65993627681177E-13
gfc    72   59  1.26229647896499E-12 -3.76394511424518E-13
gfc    72   60 -7.21854928009433E-13 -2.56176677651237E-13
gfc    72   61  8.21099945232406E-13  1.63657615749363E-13
gfc    72   62 -1.03089723221797E-12 -1.63791158368373E-13
gfc    72   63  9.82982795133618E-13 -3.01304635452500E-13
gfc    72   64 -8.09555254143041E-13 -1.52489417683671E-13
gfc    72   65  1.28389512105297E-12 -4.91926024472011E-13
gfc    72   66 -8.28597472274528E-13  5.73133775655974E-13
gfc    72   67  1.04889323588685E-12 -9.05762564161661E-13
gfc    72   68 -3.17335355361041E-13  1.15470232678975E-12
gfc    72   69  6.31180859128114E-13 -9.02053155566963E-13
gfc    72   70 -8.78684469102495E-14  1.84701000270373E-12
gfc    72   71 -1.21590039881470E-12 -1.24218774133988E-12
gfc    72   72  8.15366352056767E-13  1.71990548155467E-13
gfc    73    0  5.79882779269183E-14  0.00000000000000E+00
gfc    73    1 -4.54337756406961E-13  2.53551789209986E-12
gfc    73    2 -6.90933020207850E-13 -1.80124893723998E-13
gfc    73    3 -3.48659631948246E-13 -1.84067533004243E-13
gfc    73    4 -1.21443254276544E-12  4.22970855442153E-13
gfc    73    5  1.07411676250476E-12 -2.61875769444934E-14
gfc    73    6 -1.94733435326706E-13  1.67018237892498E-13
gfc    73    7 -1.59629189821725E-13  1.33140809264710E-12
gfc    73    8 -3.55818950112403E-13 -1.80450407871294E-13
gfc    73    9 -1.83783078399928E-12 -1.22567840989155E-12
gfc    73   10 -1.02861070284176E-12 -5.48157270725471E-13
gfc    73   11 -7.91584370036179E-13  6.01809463817718E-13
gfc    73   12 -2.42778393792684E-13 -1.01922369270772E-12
gfc    73   13 -9.63251451122432E-13  2.46150914008148E-13
gfc    73   14 -1.52318078201844E-12 -2.96624033362992E-13
gfc    73   15 -1.38470488483561E-12  3.69615208000603E-14
gfc    73   16 -2.25190091285775E-13 -5.87512829354806E-13
gfc    73   17  1.21727201528414E-12 -1.97943037019408E-13
gfc    73   18  2.75597153107133E-12 -3.87035229422406E-13
gfc    73   19  1.02865486320671E-12 -1.07879060386619E-13
gfc    73   20  3.97391083813045E-13 -1.04043162461598E-12
gfc    73   21 -4.77770292499856E-13 -9.62492130897446E-13
gfc    73   22  5.71019927938082E-13 -2.14888359389603E-13
gfc    73   23  7.32849239749991E-13  1.35449311508150E-13
gfc    73   24  6.76840471729687E-13  2.47102264185443E-14
gfc    73   25 -1.55957347459272E-12  5.51778233035416E-13
gfc    73   26 -8.13227976578906E-13  2.53438669888003E-13
gfc    73   27  2.23882409770060E-13  8.67583493380524E-13
gfc    73   28  2.06156408988424E-12  4.21772256638175E-13
gfc    73   29  1.31825559747233E-12  1.91571654179611E-13
gfc    73   30  6.88897743701140E-13 -5.05343785658174E-13
gfc    73   31 -5.79588220829672E-13 -1.45843602431499E-12
gfc    73   32 -1.01865633995288E-13 -1.04127369695138E-12
gfc    73   33  6.14417689994674E-13 -2.15651411870970E-13
gfc    73   34  5.65835821354825E-13  1.07819918623693E-12
gfc    73   35 -3.50061963601116E-13  2.09295098310737E-13
gfc    73   36 -5.79677783469303E-13 -1.89450238605066E-13
gfc    73   37  2.87628315975647E-13 -5.66900527116368E-13
gfc    73   38  6.39741441196374E-13  6.92893990159333E-13
gfc    73   39 -1.41358124867169E-13  3.74129513785809E-13
gfc    73   40 -5.77544324244811E-13 -4.66038490690249E-13
gfc    73   41  3.17911530925403E-13 -8.36702607460960E-13
gfc    73   42  1.25241810277049E-12  3.83567123601299E-13
gfc    73   43 -3.20533461401732E-13  1.23675823675583E-12
gfc    73   44 -8.79542608201742E-13  3.77271394281927E-13
gfc    73   45 -7.52294430257540E-13 -1.28164657729185E-12
gfc    73   46  1.60128512132442E-12  3.88185587002346E-13
gfc    73   47 -6.75007041855381E-13  7.29350034390068E-13
gfc    73   48  1.47591818914913E-13 -4.52097098261022E-15
gfc    73   49 -5.46187753191122E-14 -7.34447753085976E-13
gfc    73   50  1.29346359639878E-12  9.85408724014835E-13
gfc    73   51 -1.26535268618964E-12  4.95670395798593E-13
gfc    73   52 -4.81709332439614E-13 -3.61566424759188E-13
gfc    73   53  1.04198223095433E-12 -1.28867944853814E-12
gfc    73   54  8.18752855231589E-13  2.06126655637294E-12
gfc    73   55 -1.95499326203840E-12 -1.13202168985066E-12
gfc    73   56  1.30631793472475E-12  3.62199369194523E-14
gfc    73   57 -6.46219527425788E-13  4.96346409264207E-13
gfc    73   58 -1.36646077996930E-13 -1.10817982887802E-12
gfc    73   59  1.07669371239754E-12 -8.77005268125341E-14
gfc    73   60 -9.64555642015501E-13  6.87011504145508E-13
gfc    73   61  1.08497242892026E-12 -1.24053606019890E-12
gfc    73   62 -2.56159879968674E-13  1.08580667546907E-12
gfc    73   63 -3.09530484569193E-15 -1.06531566505053E-12
gfc    73   64  3.07246621714298E-13  8.59678400452805E-13
gfc    73   65  5.15395448569383E-13 -8.52628924954908E-13
gfc    73   66  4.16484390450522E-13  1.07971310629754E-12
gfc    73   67 -2.26355841970585E-13 -4.95070852392250E-13
gfc    73   68  7.74581735167048E-13  1.32084734769394E-12
gfc    73   69 -1.03245113882946E-12 -4.45916077576994E-13
gfc    73   70  4.39721487447012E-13  8.03662452539415E-13
gfc    73   71 -1.66920078252414E-12 -1.35715575899856E-13
gfc    73   72  1.03167325668499E-12 -1.15106355648941E-12
gfc    73   73  7.17256547391820E-16  4.08257354949355E-13
gfc    74    0  3.92427568399980E-13  0.00000000000000E+00
gfc    74    1 -1.45657608711207E-12 -2.32121312397279E-14
gfc    74    2 -1.85501675595746E-13 -7.85672822941256E-13
gfc    74    3 -1.91040288760007E-12 -1.09224479849144E-12
gfc    74    4 -7.26839992554412E-13  6.54281344184514E-14
gfc    74    5 -1.73954707890843E-13 -7.73826460052441E-14
gfc    74    6 -1.32289693268229E-12  8.16841344130964E-14
gfc    74    7 -1.08805137711526E-12  5.33721855942144E-13
gfc    74    8 -5.46203120471755E-13 -4.64733083847819E-13
gfc    74    9 -1.03390223794377E-12 -8.44140443392949E-13
gfc    74   10 -1.91326618898910E-12 -9.90906452371260E-13
gfc    74   11 -8.52134033408915E-14 -4.14838977241145E-13
gfc    74   12 -6.87953004264536E-13 -3.29644397448226E-13
gfc    74   13 -1.08306806831790E-12 -8.60478012399643E-13
gfc    74   14 -1.30602191378225E-12 -7.38426464281319E-13
gfc    74   15  4.08014691002163E-13 -4.68388924289800E-13
gfc    74   16  8.90840942948808E-13 -8.62686485976759E-13
gfc    74   17  2.08695711952918E-12  9.19834877485283E-13
gfc    74   18  7.98673846416436E-13 -1.90297903611525E-13
gfc    74   19  1.03995102138865E-12 -6.61431442296076E-13
gfc    74   20  8.62290577859524E-14 -1.41143747890371E-12
gfc    74   21  7.00198369465985E-13 -1.14586719316407E-12
gfc    74   22  5.44347212790712E-13 -6.66631884586334E-13
gfc    74   23  1.03212418827759E-12  1.15534437611341E-12
gfc    74   24 -1.77559985458170E-13 -3.76083628336035E-13
gfc    74   25 -4.49153918073373E-13  4.29549404034091E-14
gfc    74   26 -3.89295531174679E-13 -1.28536190955505E-13
gfc    74   27  1.24466932180602E-12  1.87684420725517E-12
gfc    74   28  1.99676888042436E-12  4.58435120085902E-13
gfc    74   29  1.30717530833567E-12  1.42527222191883E-12
gfc    74   30  2.80672499906077E-13 -1.42521340188379E-12
gfc    74   31 -3.33229451104995E-13 -7.93403997599488E-13
gfc    74   32 -1.59826378600281E-13 -1.20226833767376E-12
gfc    74   33  2.57548878430112E-13  1.08628651848810E-12
gfc    74   34  7.87116048657190E-14  2.98565409509812E-13
gfc    74   35 -7.10330332988239E-13  1.36766413133888E-13
gfc    74   36  1.55799770790430E-13 -7.80734847501361E-13
gfc    74   37  8.20352454074668E-13  4.52517439633662E-13
gfc    74   38  3.19297241446162E-13  1.02292429888984E-12
gfc    74   39 -6.47824068300056E-13  7.25270602247554E-13
gfc    74   40 -8.71909346542195E-13 -7.02252477300942E-13
gfc    74   41  4.45506804965246E-13 -1.96524205422747E-13
gfc    74   42  4.26657951570896E-13  9.15101160285519E-14
gfc    74   43 -5.35931225186521E-13  1.20487982072089E-12
gfc    74   44 -6.73704860029667E-13 -7.81276503223494E-13
gfc    74   45 -2.99403904096905E-14  1.39797170656415E-13
gfc    74   46  7.27488621398857E-13  5.23002742221994E-13
gfc    74   47 -9.96376229411387E-13  8.71806174187392E-13
gfc    74   48 -4.12790223210267E-13 -5.50456534238945E-13
gfc    74   49 -5.27622361645676E-13 -1.02086529650196E-12
gfc    74   50  1.86076181326003E-12  4.93190813218676E-13
gfc    74   51 -1.63196631424180E-12  3.82617515881695E-13
gfc    74   52  6.58858489046675E-13 -3.80928940978522E-13
gfc    74   53 -2.09406580559722E-13 -1.97659731463287E-13
gfc    74   54  8.99294605576064E-13  7.58290231587272E-13
gfc    74   55 -2.36790868866057E-12 -9.93685078516844E-13
gfc    74   56  2.98240246495194E-12 -1.03771066720914E-12
gfc    74   57 -5.52030748499384E-13  2.50462414607329E-12
gfc    74   58 -8.34433974933934E-13 -9.64154687123578E-13
gfc    74   59  7.27512445135987E-13 -6.12471073421802E-13
gfc    74   60  7.64725446228068E-13  7.81597665346522E-13
gfc    74   61 -6.82510853826742E-13 -1.38134958066814E-13
gfc    74   62  5.50790254943676E-13  6.63845538333570E-13
gfc    74   63 -7.34188234388641E-13 -2.58233951668161E-13
gfc    74   64  1.00332870614330E-12  3.18282921284352E-13
gfc    74   65 -1.19753635026219E-12  6.71237566438509E-14
gfc    74   66  8.83970578574071E-13  3.89552849884580E-13
gfc    74   67 -1.30219108973304E-12  2.79457672025014E-13
gfc    74   68  7.28053543328637E-13 -4.34846469495272E-13
gfc    74   69 -1.12524315631845E-12  7.47626626744483E-13
gfc    74   70  5.74726703708065E-13 -1.07243211470236E-12
gfc    74   71 -1.03771572719592E-12  8.97821763198595E-13
gfc    74   72  2.38538744965824E-13 -1.73374700221896E-12
gfc    74   73  8.36084835043326E-13  1.48442845697047E-12
gfc    74   74 -7.67911106030553E-13 -1.83101477709660E-13
gfc    75    0 -9.31467221949431E-14  0.00000000000000E+00
gfc    75    1  6.94187253929816E-14  8.09134085196129E-13
gfc    75    2 -1.77726529615809E-13  1.48968060687384E-13
gfc    75    3  6.62047428647251E-15 -1.06991480186394E-13
gfc    75    4 -2.39938844885158E-13  1.58016422169616E-12
gfc    75    5  8.41430026639610E-13 -3.91708973006087E-13
gfc    75    6 -4.49309055223108E-13  4.97865954282681E-13
gfc    75    7 -5.05423101803853E-13 -6.39876498491242E-13
gfc    75    8  1.38403728345747E-13  6.06165627251376E-13
gfc    75    9 -3.27743263051431E-13 -7.30730684677446E-13
gfc    75   10 -1.92510788828730E-13  2.72706988583317E-13
gfc    75   11 -6.80231162298670E-13  1.21966991189318E-12
gfc    75   12 -1.00577117306774E-12 -1.62831659382043E-13
gfc    75   13 -1.80190278485198E-12 -1.18814288932516E-12
gfc    75   14 -1.60560401724118E-12  1.43240796468607E-13
gfc    75   15  7.98788482210065E-13 -5.40878047171332E-13
gfc    75   16  4.63925151738029E-13  6.06153181855018E-14
gfc    75   17  1.90022510546983E-12 -6.71411300657304E-13
gfc    75   18  9.48404886665017E-13 -4.40261905319501E-13
gfc    75   19  6.61595782595071E-13 -9.26181562016903E-13
gfc    75   20  6.45882473437656E-13 -7.86094964723675E-13
gfc    75   21  1.32327796776424E-12 -1.04802687586483E-12
gfc    75   22  3.24207459207733E-14  4.21560301083471E-13
gfc    75   23  2.79321202271276E-13  6.48121965289364E-13
gfc    75   24 -3.17710704078568E-13  6.97746438707451E-13
gfc    75   25  1.49419633325470E-13 -4.99582257975006E-13
gfc    75   26 -4.38028188259019E-13  2.29785593403551E-13
gfc    75   27  1.31107556682266E-12  1.40296851795460E-12
gfc    75   28  3.55377718589883E-13  1.70204701023975E-12
gfc    75   29  1.45742733528536E-12  1.35586515478251E-13
gfc    75   30  8.17753579244425E-14 -1.45959001566588E-12
gfc    75   31  2.00665873367162E-13 -1.21091588337283E-12
gfc    75   32 -3.71934894271224E-13  1.91138853789861E-13
gfc    75   33 -3.49829495575849E-13  1.16803534985957E-12
gfc    75   34 -9.13023873578640E-13  4.14460037484741E-13
gfc    75   35 -1.03581494716622E-12 -7.18690690072553E-13
gfc    75   36 -9.50497524182354E-15 -5.32128065504853E-13
gfc    75   37  2.76907852664235E-13  2.58014072933691E-13
gfc    75   38 -4.83602593431358E-13  5.57786909578320E-13
gfc    75   39 -3.69842716870932E-13 -4.16615631723473E-13
gfc    75   40 -5.21841019917705E-14 -8.95017156072780E-13
gfc    75   41  1.07586374550270E-12  4.92455559706711E-13
gfc    75   42 -4.91725332923752E-13  7.36256890179779E-13
gfc    75   43 -1.03333744451289E-12  4.55588895724931E-13
gfc    75   44 -7.67335155043185E-13 -1.62123639823562E-12
gfc    75   45  4.82011047999249E-13  1.69468844902745E-13
gfc    75   46  8.00262909333637E-13  1.24422112702147E-13
gfc    75   47 -1.18113251976683E-12  1.20334395080178E-12
gfc    75   48 -2.85747493623719E-13 -2.03681650273539E-12
gfc    75   49  9.94450026637909E-13  8.12236205765777E-13
gfc    75   50 -2.11182341389257E-13  3.33199047332290E-13
gfc    75   51 -1.46210044960760E-12  7.38322165288158E-14
gfc    75   52  1.02415844213571E-12 -1.70499355315177E-12
gfc    75   53  7.31176311055447E-13  1.04019402962251E-12
gfc    75   54 -6.85706834201604E-15  4.41460499692759E-13
gfc    75   55 -1.71567920831339E-12 -2.82512993495596E-13
gfc    75   56  2.68530072667792E-12 -1.32379074072270E-12
gfc    75   57 -1.30538007088292E-12  2.29287343483708E-12
gfc    75   58  4.62866832576692E-13 -2.48800038472331E-12
gfc    75   59  1.02730456897952E-12  2.33855974769389E-12
gfc    75   60 -1.10169477364967E-12 -7.19941525944874E-13
gfc    75   61  3.36653728913175E-13 -1.89888762555367E-14
gfc    75   62  4.16119669341107E-13  2.37453750373763E-13
gfc    75   63 -9.85569922719132E-13  8.00539560551893E-13
gfc    75   64  3.78466033509011E-13 -9.00465686001174E-13
gfc    75   65 -5.27714674937464E-13  9.67854806177929E-13
gfc    75   66 -1.64002815196734E-13 -9.06212919163441E-13
gfc    75   67 -4.10936845078272E-13  7.25380607759817E-13
gfc    75   68 -3.98972761695457E-13 -1.08057547710025E-12
gfc    75   69  1.43236061119809E-13  5.01574488304639E-13
gfc    75   70 -3.46366362627312E-13 -1.38622366286679E-12
gfc    75   71  9.02146763953533E-13  4.34412361710569E-13
gfc    75   72 -7.83891683004281E-13 -9.01615754407999E-13
gfc    75   73  1.74712371710317E-12  2.87403819837690E-13
gfc    75   74 -1.07702091802972E-12  7.91773423563913E-13
gfc    75   75 -5.12483371542819E-14 -7.77761746611826E-13
gfc    76    0  1.38154401537357E-12  0.00000000000000E+00
gfc    76    1 -2.17941885322421E-13 -8.01132416208267E-13
gfc    76    2  1.24843304154763E-12 -4.90848559459601E-13
gfc    76    3 -7.47044438662637E-13  7.20271876567579E-13
gfc    76    4 -1.65198002559511E-13 -1.61786448824224E-13
gfc    76    5 -6.49464005696577E-13  6.95369699140469E-13
gfc    76    6 -4.44693097954890E-13 -3.77316876679173E-13
gfc    76    7 -1.11731932397157E-12 -3.66075895341798E-13
gfc    76    8  3.83771611287782E-13  3.25142261117676E-13
gfc    76    9  5.47148166282937E-13  4.19888165488406E-13
gfc    76   10 -1.14961717846176E-12  5.03449112204189E-13
gfc    76   11 -1.03626147352771E-12  5.51585051357627E-13
gfc    76   12 -4.32796305511256E-13  1.96437607474911E-13
gfc    76   13 -1.84297424396574E-12 -8.41446916520903E-13
gfc    76   14 -4.77867661298322E-13  4.38912250862392E-13
gfc    76   15  4.20701703684630E-13  1.73760364488019E-14
gfc    76   16  8.14128817269901E-13  4.99249350007902E-13
gfc    76   17  2.05858097305002E-13  4.23029897763255E-14
gfc    76   18 -2.72826323104392E-13 -4.70797271454273E-13
gfc    76   19  1.92876255496123E-13 -1.50470666746660E-12
gfc    76   20  1.30782027873864E-12 -8.19165314511028E-13
gfc    76   21  5.63729548013895E-13 -1.07238895055503E-12
gfc    76   22 -4.91206848695485E-13  3.79416147697369E-13
gfc    76   23 -5.39796250372975E-13  3.85137072986597E-13
gfc    76   24  1.79071570857889E-14  4.26032809757729E-13
gfc    76   25  5.82640864548368E-13 -1.26663173268748E-12
gfc    76   26 -1.08285615283668E-13  1.03769514139569E-12
gfc    76   27  1.38647340244240E-13  1.28211948634777E-12
gfc    76   28  3.24533177970887E-13  1.68933597189827E-12
gfc    76   29  1.06962679527780E-12 -1.10123715020181E-12
gfc    76   30  1.65323775060125E-13 -1.91256332666095E-12
gfc    76   31  6.38049511082697E-14 -1.71216006171491E-12
gfc    76   32 -9.87823781715022E-13  5.08372044238759E-13
gfc    76   33 -4.24745296140254E-13  3.04075555550988E-13
gfc    76   34 -7.99947366460462E-13 -3.37744150054210E-13
gfc    76   35 -3.12917584158799E-14 -1.04225772244238E-12
gfc    76   36  1.95324814512574E-13  2.30011757023224E-13
gfc    76   37 -1.27308925848655E-13  4.80850601448435E-13
gfc    76   38 -1.10835471938318E-12  5.52420244088340E-13
gfc    76   39 -2.41232931669940E-13 -1.51001198050619E-12
gfc    76   40  2.06858471722088E-13 -4.92796896397655E-13
gfc    76   41  1.08605101968393E-12 -1.16905201804636E-13
gfc    76   42 -5.04958375530208E-13  6.42075900329348E-13
gfc    76   43  9.68312428433741E-14 -7.00200771026805E-13
gfc    76   44 -2.81155318946997E-13 -5.31096097609543E-13
gfc    76   45  1.02648494165200E-12  4.94920319487405E-13
gfc    76   46 -8.36706245730853E-13  1.40953571177087E-13
gfc    76   47 -3.13784649270255E-13 -5.01658441609864E-13
gfc    76   48  3.32042688338156E-13 -1.20753527478010E-12
gfc    76   49  1.10295300540128E-12  7.37013409366031E-13
gfc    76   50  3.92503635947835E-14  1.88782704815212E-13
gfc    76   51 -6.11832133928763E-13  6.61798988340887E-13
gfc    76   52  6.02551022896247E-13 -1.19879340355044E-12
gfc    76   53  3.01943945435168E-13  1.62385999351770E-12
gfc    76   54 -8.54774601146830E-13 -6.28684266274787E-13
gfc    76   55  3.76105583375242E-13  1.98190118451347E-14
gfc    76   56  1.19890858574481E-12 -2.73996000537469E-13
gfc    76   57 -5.77375189278474E-13  2.56859798359332E-12
gfc    76   58 -1.61164171951936E-12 -2.32360520321202E-12
gfc    76   59  1.97160405510694E-12  7.68596609179239E-13
gfc    76   60 -1.38781239676163E-12  1.00673501153507E-13
gfc    76   61  9.70756172360215E-13  4.76158237221360E-13
gfc    76   62 -1.19880768446002E-12 -3.51723313520937E-13
gfc    76   63  4.48660777514993E-13 -8.97193143375329E-14
gfc    76   64 -6.37796798788471E-13 -2.58241511345450E-13
gfc    76   65  6.79972263092648E-13  1.15621238043325E-13
gfc    76   66 -7.67263481478374E-13 -6.64156539443859E-13
gfc    76   67  8.43684577238261E-13  2.11734554998792E-13
gfc    76   68 -7.54744962723768E-13 -3.28812127597056E-13
gfc    76   69  1.22552580416629E-12 -6.61664255885193E-14
gfc    76   70 -1.04051340241349E-12 -9.23634241632711E-14
gfc    76   71  1.37739264968600E-12 -4.27893162355276E-13
gfc    76   72 -5.29520534623096E-13  8.40357722240120E-13
gfc    76   73  1.08049707649900E-12 -9.83945586234000E-13
gfc    76   74 -6.10290331523127E-13  1.92471155564699E-12
gfc    76   75 -5.17867874760831E-13 -1.19729779112894E-12
gfc    76   76  8.63728221795045E-13  2.90014511050737E-13
gfc    77    0  1.22976182473559E-13  0.00000000000000E+00
gfc    77    1  7.89725155270006E-13  2.55445953766542E-13
gfc    77    2 -2.09290040470795E-13  1.62948814441140E-12
gfc    77    3  4.23986254655779E-13  1.52506365219977E-12
gfc    77    4 -7.68926319710423E-13  9.64713001076438E-13
gfc    77    5 -1.82390635448924E-13  8.74048460887882E-13
gfc    77    6 -5.62559316423633E-14 -1.42797833408681E-13
gfc    77    7 -9.56664949196752E-13 -1.14385950953066E-13
gfc    77    8  3.17313815992643E-13  1.60252834292422E-12
gfc    77    9  2.78495274764385E-13  6.49643452477260E-13
gfc    77   10 -5.72382536186633E-13 -4.46647765636964E-14
gfc    77   11 -1.44978978616014E-12  1.65945890199340E-12
gfc    77   12 -1.18271971671997E-12 -6.70286600305730E-13
gfc    77   13 -1.65494774083322E-12 -5.21073505042590E-14
gfc    77   14 -4.80694405851642E-13  4.31008346659081E-13
gfc    77   15  6.19871905460882E-14  9.16153051258283E-13
gfc    77   16  1.75198874058494E-13 -2.74869948410040E-13
gfc    77   17 -7.84538564416490E-13 -9.72566993742251E-13
gfc    77   18  3.55106386975012E-13 -1.39939054634449E-12
gfc    77   19  8.01339249382027E-14 -4.66624964631710E-13
gfc    77   20  1.03971289477328E-12 -1.09600924141936E-12
gfc    77   21 -1.03006540720451E-13 -5.65884796691055E-13
gfc    77   22 -9.55720014570859E-13 -1.05089442469216E-12
gfc    77   23 -1.53338970745904E-12 -2.50589067279361E-13
gfc    77   24  1.22627031610716E-12 -3.11098744694796E-13
gfc    77   25  7.00501007872465E-13 -7.58016339751957E-13
gfc    77   26  4.69443931058929E-13 -2.57355634185106E-13
gfc    77   27 -7.72336047979845E-13  8.54441828598689E-13
gfc    77   28  9.52872578261988E-13  1.01664863606519E-12
gfc    77   29  1.32909430733168E-12 -1.27406438226357E-12
gfc    77   30  1.61009407255849E-12 -2.08042887442434E-12
gfc    77   31 -8.04980407446802E-13 -7.35963382203912E-13
gfc    77   32 -6.32710175435676E-13 -2.52100956775382E-14
gfc    77   33 -1.47023560889533E-12  1.16820472558709E-13
gfc    77   34  3.03040047363456E-13 -1.31153594565900E-12
gfc    77   35  7.34714924805288E-16 -3.88094406773425E-13
gfc    77   36  1.19693765826306E-12  2.06387327539153E-13
gfc    77   37 -6.00843558288776E-13  8.26397717532711E-13
gfc    77   38  1.66363586394517E-13 -9.39627783950574E-14
gfc    77   39 -7.54595849850409E-15 -7.69598772527857E-13
gfc    77   40  8.99592693245662E-13  7.50867857606463E-13
gfc    77   41 -3.77144643346868E-14  6.52256854715367E-13
gfc    77   42 -9.37353505597762E-13  2.83613072596578E-13
gfc    77   43  3.84720966752519E-14 -1.52022373516659E-12
gfc    77   44  7.02070883745571E-13 -3.19843597306497E-13
gfc    77   45  1.08817118840133E-12  6.85539213729882E-13
gfc    77   46 -8.77586233047009E-13  4.68168748823699E-13
gfc    77   47 -7.23981036410804E-14 -3.87724808065453E-13
gfc    77   48 -8.08298167181901E-14 -7.28839260487927E-13
gfc    77   49  1.11070848277087E-12  8.00918061821376E-13
gfc    77   50 -1.30004351492025E-12  6.79720818596861E-13
gfc    77   51  2.36549509850764E-13 -1.24121774019714E-12
gfc    77   52  1.37488920772117E-12  8.27298008752680E-14
gfc    77   53  1.28871544043142E-13  1.77725024529324E-12
gfc    77   54 -1.43918128877883E-12  9.82209368912493E-14
gfc    77   55  9.73894032232458E-14 -7.16748110718198E-13
gfc    77   56  7.61477692971912E-13  1.94428422847718E-13
gfc    77   57 -7.24104004781601E-13  1.51595415151893E-12
gfc    77   58 -8.86857595231503E-13 -2.07126655660863E-12
gfc    77   59  2.13356878712652E-12  1.39382039244295E-12
gfc    77   60 -3.43267626642043E-12  3.47639495577281E-13
gfc    77   61  1.79787351709547E-12 -2.25604198851429E-12
gfc    77   62 -4.49608489215780E-13  1.86191951717924E-12
gfc    77   63 -1.79915106479677E-13 -1.15889465078816E-12
gfc    77   64 -1.21530399921900E-13  9.74190724037071E-14
gfc    77   65  7.39165415063128E-13 -8.48570722606649E-13
gfc    77   66 -3.61963774559622E-13  7.22926005378072E-13
gfc    77   67  8.70858151298024E-13 -8.34676532884450E-13
gfc    77   68 -8.92620567793804E-14  7.17923969503075E-13
gfc    77   69  4.20486832547508E-13 -7.67803730293438E-13
gfc    77   70  1.67724627195117E-13  1.34658709885371E-12
gfc    77   71  1.13586549190781E-13 -7.15948257302727E-13
gfc    77   72  3.53873802208962E-13  1.42383512351886E-12
gfc    77   73 -7.70694397230957E-13 -6.31556148269251E-13
gfc    77   74  6.89650440818986E-13  9.95459469635000E-13
gfc    77   75 -1.92940168327873E-12 -4.59820595601516E-13
gfc    77   76  9.84611016522027E-13 -9.19141997187220E-13
gfc    77   77 -1.63429242080939E-13  6.36021405410237E-13
gfc    78    0  1.32224948336942E-12  0.00000000000000E+00
gfc    78    1 -1.17854269901695E-13 -4.52718204983607E-13
gfc    78    2  6.48886232646806E-13  3.82351308744867E-13
gfc    78    3  1.94739618437363E-13  8.29055710937228E-13
gfc    78    4 -1.09480362461363E-12 -1.00755649756150E-12
gfc    78    5 -1.60708860985493E-13  5.57623103386264E-13
gfc    78    6 -4.06755584433707E-13 -9.81941454519640E-13
gfc    78    7 -7.16810546042047E-13  4.74690828553321E-14
gfc    78    8 -3.67136411332817E-13  1.02937958131176E-12
gfc    78    9  1.11463695691390E-12  3.74678912473266E-13
gfc    78   10 -1.62018349042360E-12 -2.32022328485302E-13
gfc    78   11 -8.63348094892234E-13 -1.26300646891342E-13
gfc    78   12 -4.08245985460070E-13 -4.48569369597769E-13
gfc    78   13 -4.67573083035538E-13 -7.92717541038395E-14
gfc    78   14 -2.33101142780836E-13  6.57317199097259E-13
gfc    78   15  3.98588625827890E-13  8.09333799066241E-13
gfc    78   16  3.82605167680672E-14 -6.22061313462898E-13
gfc    78   17 -1.69586197199621E-13 -4.59001066734266E-13
gfc    78   18 -2.03032986598621E-13 -1.19342683670158E-12
gfc    78   19  1.01445781635136E-12 -7.34722332074136E-13
gfc    78   20  6.17109776848213E-13 -8.58312793921376E-13
gfc    78   21  1.63150791702474E-13 -4.73824851432504E-13
gfc    78   22 -1.26774874694628E-12 -1.41677359805422E-12
gfc    78   23 -5.12627827648744E-13  1.04183016125780E-13
gfc    78   24  1.19010540247399E-12 -2.99265074512792E-13
gfc    78   25  1.15390366797823E-12 -3.77841740080651E-13
gfc    78   26 -3.44187736484174E-13 -1.28210682055074E-13
gfc    78   27 -1.04918487155829E-12  8.86919161049234E-13
gfc    78   28  1.41951776739307E-12 -1.06196322939173E-13
gfc    78   29  1.99714538285030E-12 -8.35568866360640E-13
gfc    78   30  1.67444439778735E-12 -1.95148779370200E-12
gfc    78   31 -5.94265630024579E-13 -2.62260363444263E-13
gfc    78   32 -1.04767408967594E-12  1.79122822721918E-14
gfc    78   33 -7.95015447656813E-13  3.85551833364954E-13
gfc    78   34  2.60580562017559E-13 -6.97093743670731E-13
gfc    78   35 -3.70102827465285E-14  7.65803614646702E-13
gfc    78   36  1.16970083733597E-13  6.23097370767929E-13
gfc    78   37 -9.45238732522251E-13  4.31052635434032E-13
gfc    78   38  5.33344777279618E-13 -8.66383271149906E-13
gfc    78   39  3.02537999604553E-13 -1.91055754080870E-13
gfc    78   40  1.22527856737865E-12  1.14660853208425E-12
gfc    78   41 -7.83226043448116E-13  7.90774695873669E-13
gfc    78   42 -3.29743889196274E-13  3.51890844249263E-14
gfc    78   43 -5.06923689715396E-14 -6.26076392228460E-13
gfc    78   44  5.33780674973016E-13  5.68171741218251E-13
gfc    78   45 -5.92588291150999E-13  5.38651614199352E-13
gfc    78   46 -7.63495552182028E-13 -3.38652222291287E-13
gfc    78   47  3.21909600727956E-13 -1.23376327549805E-12
gfc    78   48  7.23056843770422E-13  3.30700617528135E-13
gfc    78   49 -2.34121472732959E-13  1.25960186053968E-12
gfc    78   50 -1.17540498169177E-12 -3.69580385873048E-13
gfc    78   51  4.65771905930462E-13 -3.85372110826447E-13
gfc    78   52  2.13129526067178E-13 -7.10121730864274E-15
gfc    78   53 -2.41413341303297E-13  7.30122880689479E-13
gfc    78   54 -7.80422790527379E-13 -1.03065282429938E-12
gfc    78   55  9.52799051912149E-13 -5.31144849493240E-14
gfc    78   56  8.94913513854442E-14  9.76134580430116E-13
gfc    78   57 -1.54394661369604E-12  8.07491623982140E-14
gfc    78   58  1.09368626145577E-13 -1.66408139539072E-12
gfc    78   59  1.47578785856046E-12  6.06924698659542E-13
gfc    78   60 -1.06792514096424E-12  6.54399092129324E-13
gfc    78   61  2.92875393087735E-13 -1.22367974717029E-12
gfc    78   62 -1.63097801732784E-13  1.10464036411846E-12
gfc    78   63 -3.71028788524642E-14 -1.48794148491398E-12
gfc    78   64  1.25686134598301E-12  1.18049718883788E-12
gfc    78   65 -9.78178169907013E-13 -6.65861611183283E-13
gfc    78   66  9.28411905453896E-13  5.62606174452266E-13
gfc    78   67 -6.19786838783240E-13 -1.38665167765121E-13
gfc    78   68  7.40358995472123E-13  5.76548215517093E-13
gfc    78   69 -7.57226595925466E-13 -2.25841449043696E-13
gfc    78   70  9.21727841132326E-13  4.43578801562420E-13
gfc    78   71 -1.16185087464960E-12 -2.11275328234996E-14
gfc    78   72  9.41107419644731E-13  3.43326494861618E-13
gfc    78   73 -1.58203110051154E-12  4.41658157932368E-13
gfc    78   74  7.88887567939325E-13 -8.05550001051956E-13
gfc    78   75 -1.34178278392864E-12  5.88113189384904E-13
gfc    78   76  5.62821017942018E-13 -1.71451500107364E-12
gfc    78   77  5.30162607702404E-13  1.11924212908546E-12
gfc    78   78 -4.55005845591270E-13 -4.29575088069554E-13
gfc    79    0 -1.79183566877239E-14  0.00000000000000E+00
gfc    79    1  4.16396551426612E-13 -5.52518292444634E-13
gfc    79    2 -2.90516019577319E-13  1.90518403240224E-12
gfc    79    3  4.91789534404992E-13 -1.74179659746959E-13
gfc    79    4 -2.57271179453172E-13  7.49396959717893E-13
gfc    79    5  2.97979301816344E-13  3.52620332918066E-13
gfc    79    6  2.68250479260080E-13  2.51923538567676E-13
gfc    79    7 -5.73023204443760E-13  1.91092841856776E-13
gfc    79    8  3.86034827951456E-13  2.08390794504151E-12
gfc    79    9  4.56016977230248E-13  1.09895192720526E-14
gfc    79   10 -1.86585093107280E-13 -2.76184501485995E-13
gfc    79   11 -3.79378351365040E-13  3.01908131358449E-13
gfc    79   12 -6.17087790554578E-13  7.40267047984186E-13
gfc    79   13 -1.82551183848339E-13  4.97942493159249E-13
gfc    79   14 -4.84887289659024E-13  1.05029440000909E-12
gfc    79   15  6.68362889960836E-14  6.43826856714548E-13
gfc    79   16 -4.88208938062437E-13 -6.72288991361056E-13
gfc    79   17 -6.84048202650889E-14 -1.47978068007451E-12
gfc    79   18  7.63898361915304E-13 -3.93246061284831E-13
gfc    79   19  9.96503785409354E-13 -1.59332325809572E-13
gfc    79   20 -4.32992784370542E-13 -2.66412169430205E-13
gfc    79   21 -3.27262448254780E-13 -1.39250441234752E-12
gfc    79   22 -1.47953758181343E-12 -1.14190649604073E-12
gfc    79   23  3.34132833727005E-13 -1.14561976762246E-13
gfc    79   24  1.22520108489465E-12  6.76615710658510E-13
gfc    79   25  1.32380198401405E-12  8.72924112553064E-14
gfc    79   26 -1.40441800145160E-12 -4.16523357911668E-13
gfc    79   27 -5.88486010686559E-13  5.10912155555489E-13
gfc    79   28  4.68093435086646E-13  6.73454703777316E-13
gfc    79   29  2.35637594644883E-12 -5.43254963483982E-14
gfc    79   30  4.26536599172833E-13 -1.39734658053768E-12
gfc    79   31 -9.84239232190045E-13 -3.47030935377453E-13
gfc    79   32 -2.12091674837259E-12 -5.34808874527170E-13
gfc    79   33  1.12853519753847E-13  7.81293290161708E-14
gfc    79   34 -6.12686979982491E-13 -2.78736801675532E-13
gfc    79   35  6.38284317567849E-13  1.48253443992979E-12
gfc    79   36 -1.14664729995934E-12  5.23461990844234E-13
gfc    79   37 -2.47417941737151E-13  2.76167350315856E-13
gfc    79   38 -2.80241546292319E-13 -1.00823572179795E-12
gfc    79   39  5.18189323205020E-13  5.95308521236869E-13
gfc    79   40 -4.68903565480405E-13  6.10028818811618E-13
gfc    79   41 -8.74367979200673E-13 -1.94727443630080E-13
gfc    79   42 -1.55327393579899E-13 -1.12309134898394E-12
gfc    79   43  1.06803863163741E-12 -5.32061915223422E-13
gfc    79   44  3.79321003945194E-13  1.02816866038516E-12
gfc    79   45 -6.07329209274540E-13  6.02217105062872E-13
gfc    79   46 -8.98044484995251E-13 -4.11240682233084E-13
gfc    79   47  2.46160251274636E-13 -1.13459762915839E-12
gfc    79   48 -1.86389205599506E-14  4.92599480949188E-13
gfc    79   49  1.60313101620594E-13  4.57033639910296E-14
gfc    79   50 -6.39459401945527E-13 -4.30508626972238E-13
gfc    79   51  7.30685638395785E-13 -5.03523905742806E-13
gfc    79   52  7.45324577924093E-13  7.62753163412561E-13
gfc    79   53 -1.25072448351064E-12  1.00608935143593E-12
gfc    79   54 -7.73028152944019E-13 -1.92720374389178E-12
gfc    79   55  1.31686485999437E-12  1.45462404698356E-13
gfc    79   56 -3.95921093804515E-14  7.40796107861393E-14
gfc    79   57 -7.36492747445443E-13  4.49675050126923E-13
gfc    79   58  2.41949656109194E-13 -1.57338316653852E-12
gfc    79   59  1.44176144666431E-12  1.55015651479324E-12
gfc    79   60 -2.10426510514844E-12 -4.02360428325325E-13
gfc    79   61  1.59424135965416E-12 -1.43934254673359E-12
gfc    79   62  8.59619345160550E-13  1.93346015933387E-12
gfc    79   63 -1.83750155183276E-12 -4.68509918217924E-13
gfc    79   64  1.41083964848079E-12 -3.40439135687886E-13
gfc    79   65 -7.64788316223611E-13  8.51318660782870E-13
gfc    79   66  7.58312444707669E-13 -3.11401903580708E-13
gfc    79   67 -1.02897092260525E-12  8.45456254741499E-13
gfc    79   68  4.22834820006622E-13 -5.89763587656237E-13
gfc    79   69 -8.51085013393676E-13  6.59822312391944E-13
gfc    79   70  1.17216149418720E-13 -8.87001257365908E-13
gfc    79   71 -7.02024169965430E-13  7.22204332323713E-13
gfc    79   72  4.77151817153462E-14 -1.20981489038249E-12
gfc    79   73 -3.68181902284545E-14  5.96796916970485E-13
gfc    79   74 -3.02598352386687E-13 -1.56341765821660E-12
gfc    79   75  8.36163993723818E-13  8.90371322470700E-13
gfc    79   76 -3.53940175598957E-13 -1.19435181557221E-12
gfc    79   77  1.68094667871987E-12  5.47315734105132E-13
gfc    79   78 -1.32776417708143E-12  6.33239043937538E-13
gfc    79   79  1.73374486943553E-13 -4.71856257738201E-13
gfc    80    0  8.89068443560817E-13  0.00000000000000E+00
gfc    80    1  2.23076643796461E-13  3.93244497765751E-13
gfc    80    2  1.31210194171836E-12 -1.48261408160525E-14
gfc    80    3  7.13508615569283E-13 -3.46854697197117E-14
gfc    80    4  3.58834704450374E-13 -6.07938203520350E-13
gfc    80    5  4.65971381465758E-13  4.75580561186928E-13
gfc    80    6  4.79551363896051E-14  3.75011070761166E-13
gfc    80    7 -5.21170962449707E-13  5.92197838992967E-13
gfc    80    8 -2.25625260435554E-13  6.26541532849472E-13
gfc    80    9  8.93011523172847E-13 -2.42575168810913E-13
gfc    80   10  2.64343556308533E-13 -3.20870662485359E-13
gfc    80   11 -5.66197421235786E-13 -3.80532087082196E-13
gfc    80   12  8.82550055855187E-13  1.56606948407904E-12
gfc    80   13  2.88485427680288E-13  1.13498428155054E-12
gfc    80   14 -3.65677024227930E-13  1.12588506509200E-12
gfc    80   15 -3.14589101784494E-13  5.27374109398046E-13
gfc    80   16  2.92856963000280E-13 -2.25914192176187E-13
gfc    80   17 -3.13062076394683E-13 -8.75778030238737E-14
gfc    80   18  4.68540402337912E-13  9.38707348558875E-13
gfc    80   19 -8.65132929273142E-14 -3.98283457664572E-13
gfc    80   20 -5.99710286860395E-13 -2.35439833064560E-13
gfc    80   21 -1.66886915633890E-12 -1.81822084869836E-12
gfc    80   22 -1.14797194554467E-12 -5.84840054915542E-13
gfc    80   23 -1.33331096044791E-13 -2.19383104873442E-14
gfc    80   24  8.50863051772255E-13  9.45507993317708E-13
gfc    80   25  1.76177346181676E-13 -8.77169152076911E-13
gfc    80   26 -9.71749465639722E-13 -7.15298632799740E-13
gfc    80   27 -1.15750601445527E-12 -3.43629754596592E-13
gfc    80   28  1.50653501677437E-12  1.00105186763840E-12
gfc    80   29  1.62735076818047E-12 -6.59776410052409E-14
gfc    80   30 -4.53160603296615E-14 -6.65522409433718E-13
gfc    80   31 -1.52961944574709E-12 -1.54576654639204E-12
gfc    80   32 -1.75843387260786E-12 -2.19536880289292E-13
gfc    80   33 -3.71790295168993E-13 -6.99506140910263E-13
gfc    80   34 -7.22839341128985E-13  8.06311578670722E-13
gfc    80   35 -1.85548832407655E-13  6.48633696901949E-13
gfc    80   36 -5.95103075205764E-13  2.28039173641542E-13
gfc    80   37  1.50296121793436E-13 -9.61085920788705E-13
gfc    80   38  5.81065830484149E-13 -4.70962758494805E-13
gfc    80   39  3.33764004850348E-13  6.45388032328215E-13
gfc    80   40 -7.97288071767669E-13  5.32819802642667E-13
gfc    80   41 -6.20124606649487E-13 -5.89269418427162E-13
gfc    80   42  2.72299569384198E-13 -1.21417486911785E-12
gfc    80   43  7.37211477067940E-13 -3.26850287824281E-14
gfc    80   44 -2.18712593581727E-13  5.96652842586702E-13
gfc    80   45 -4.14306211034450E-13 -6.81676549905409E-13
gfc    80   46  6.08525182845990E-13 -7.87153535871492E-13
gfc    80   47  1.08812364919064E-12 -2.01503301607378E-13
gfc    80   48 -1.19448917575812E-13  1.48840296151894E-12
gfc    80   49 -5.18430108795948E-13 -2.41051593364607E-13
gfc    80   50 -5.53136139688909E-13 -9.86760622336890E-13
gfc    80   51  1.96687326562766E-12 -1.96584100756735E-13
gfc    80   52 -6.77599399998958E-13  1.24622832077482E-12
gfc    80   53  1.01118890401727E-14 -5.51210192976747E-13
gfc    80   54 -5.42768813418817E-14 -3.54237274428052E-13
gfc    80   55  1.56203552112535E-12  8.11530074217897E-13
gfc    80   56 -1.84564998976441E-12  6.27227084345729E-13
gfc    80   57 -2.85591043319614E-13 -7.84815274474455E-13
gfc    80   58  7.38268597668577E-13 -1.20413640077367E-12
gfc    80   59  1.51508999256196E-12  1.97298935460967E-12
gfc    80   60 -2.41745888708253E-12 -5.33850995988417E-13
gfc    80   61  1.81123208328649E-12 -2.93876398231179E-13
gfc    80   62 -1.14376500921694E-12  8.45260709544941E-13
gfc    80   63  1.04312453448611E-13 -1.04752462429623E-12
gfc    80   64  7.14493248376518E-13  4.42657766238571E-13
gfc    80   65 -9.39015456163761E-13  6.52135439336350E-13
gfc    80   66 -1.20094268884876E-13 -1.35722131418243E-12
gfc    80   67  5.70001115888265E-13  1.30895307004338E-12
gfc    80   68 -8.84057334978875E-13 -9.18029289832374E-13
gfc    80   69  5.04661038845068E-13  3.74993146408221E-13
gfc    80   70 -8.10718269504056E-13 -7.23810323248633E-13
gfc    80   71  9.25149259220739E-13  1.99864966627057E-13
gfc    80   72 -6.43467412743014E-13 -7.38359990906761E-13
gfc    80   73  1.11701587829544E-12  8.42056382459251E-14
gfc    80   74 -7.73909258512536E-13 -3.13663610179404E-13
gfc    80   75  1.71290297326376E-12 -1.18559034039101E-13
gfc    80   76 -9.82120124372194E-13  6.62041403497250E-13
gfc    80   77  1.36170535549654E-12 -4.46757820349918E-13
gfc    80   78 -8.11074942015012E-13  1.52753810068074E-12
gfc    80   79 -1.49222246322968E-13 -1.30547254644874E-12
gfc    80   80  5.29503953260395E-13  3.41517615009256E-13
gfc    81    0 -1.09988214925586E-12  0.00000000000000E+00
gfc    81    1  1.97222189798791E-13 -2.92052654967436E-13
gfc    81    2  1.21032355427567E-14  2.95243900753254E-13
gfc    81    3  4.17084063378471E-13 -3.02778786603704E-13
gfc    81    4  1.11666773918348E-12  4.27126428989629E-13
gfc    81    5 -1.74067531950092E-13  9.97561216804369E-13
gfc    81    6  1.40575057873374E-14  1.51197246818599E-12
gfc    81    7 -7.35124146355854E-13  1.14172324225065E-12
gfc    81    8 -1.84341992844301E-13  7.92593357536047E-13
gfc    81    9  4.71868295965158E-13  5.33737605812221E-13
gfc    81   10  7.10115479012190E-13 -1.09901289714507E-12
gfc    81   11 -8.64887975616587E-13  1.02274856802913E-12
gfc    81   12 -3.50122134207124E-13  1.96294936244612E-12
gfc    81   13 -5.36657218615840E-13  9.41115661853763E-13
gfc    81   14 -4.58887890667852E-13 -8.61105221112996E-14
gfc    81   15 -3.24267989099614E-13 -1.70099709133833E-14
gfc    81   16  3.00836231557362E-13 -9.60653601211014E-13
gfc    81   17 -4.58288208034877E-13 -1.72751353496795E-13
gfc    81   18  8.91726564937446E-13  5.19090930006191E-13
gfc    81   19 -3.19952981319348E-13  1.33760207843161E-14
gfc    81   20 -8.79062135961926E-13 -1.06921944668022E-12
gfc    81   21 -1.45013921593671E-12 -1.53517120788314E-12
gfc    81   22 -4.66615449454512E-13 -6.45805491244244E-13
gfc    81   23 -6.32897294470245E-13  7.21476138002584E-13
gfc    81   24  4.45144886695456E-13  7.29077136522250E-13
gfc    81   25 -3.73693367816991E-13 -8.54431300053441E-13
gfc    81   26 -8.51601986821231E-13 -2.02228043947768E-12
gfc    81   27 -6.56651853090292E-13 -6.25094696004724E-13
gfc    81   28  1.17097739726486E-12  9.05365623451215E-13
gfc    81   29  9.16295252065528E-13 -1.29591253369814E-13
gfc    81   30  3.55357188496503E-13 -1.15652426927384E-12
gfc    81   31 -1.16143218080283E-12 -1.89743116502825E-12
gfc    81   32 -1.69314226351014E-13 -6.08775444288803E-13
gfc    81   33 -6.57437377585921E-13 -3.53134942150921E-13
gfc    81   34 -3.87463000508504E-13  1.69756356530025E-12
gfc    81   35 -7.54289323891847E-13  3.03030353385622E-13
gfc    81   36  1.58058529185326E-13  4.62001620443932E-13
gfc    81   37  5.75457065888479E-13 -1.20840585885715E-12
gfc    81   38  9.36850333809305E-13  2.59857382431307E-13
gfc    81   39 -1.11519214920820E-13  1.40936527684617E-13
gfc    81   40 -2.61786532595560E-13  3.74745506395081E-13
gfc    81   41  1.46539855037272E-13 -9.86253195866875E-13
gfc    81   42  1.23716632011833E-12  3.65838487547555E-14
gfc    81   43 -7.58759028399145E-15  8.53769832844322E-13
gfc    81   44 -1.09463405864263E-13  1.02892753409688E-12
gfc    81   45 -1.21513984808999E-12 -9.65289389220325E-13
gfc    81   46  1.11769694187716E-12 -2.99045932119585E-13
gfc    81   47  3.06288443572177E-13 -2.58182387215081E-13
gfc    81   48  3.94573067079774E-14  1.19177968555588E-12
gfc    81   49 -3.69184861867038E-13 -8.13521146539313E-13
gfc    81   50  6.31123496673678E-13  3.75921920807132E-13
gfc    81   51  6.97740090762700E-13  3.43461815454770E-13
gfc    81   52 -8.15402709793274E-13  1.11247951385003E-12
gfc    81   53 -3.64162130977413E-13 -6.85863782235861E-13
gfc    81   54 -5.96281539566299E-14 -5.35052766005924E-13
gfc    81   55  1.68177205259373E-12  6.95996864211529E-13
gfc    81   56 -1.77716952355957E-12  1.04887967851331E-12
gfc    81   57  4.71802951782867E-13 -1.05518778187410E-12
gfc    81   58 -1.46438938453982E-13  4.22562546371188E-13
gfc    81   59  7.27737830999800E-13  3.23398868856216E-13
gfc    81   60 -2.11511388048392E-12 -2.63552046199916E-14
gfc    81   61  2.00150284638259E-12 -1.60589688567929E-12
gfc    81   62 -7.32754800454554E-13  2.60476207103897E-12
gfc    81   63 -1.03270260715991E-12 -1.69698441101049E-12
gfc    81   64  6.07298688111484E-13 -1.92454553058219E-13
gfc    81   65  2.97174349165274E-13 -8.29984575342498E-14
gfc    81   66 -6.02820574172011E-13  1.32990737221113E-13
gfc    81   67  5.73988133843035E-13 -1.51448152245057E-13
gfc    81   68 -6.18390313627906E-13 -2.06390699013474E-13
gfc    81   69  9.84133978182773E-13 -5.03416738284786E-13
gfc    81   70 -4.63945846874230E-13  3.99135596005926E-13
gfc    81   71  1.02925457240022E-12 -6.02710242349720E-13
gfc    81   72 -3.12155079341711E-13  8.70362252010375E-13
gfc    81   73  7.11715478016638E-13 -3.61561718526057E-13
gfc    81   74 -2.43357470310334E-13  1.23000602293618E-12
gfc    81   75  1.25961020110682E-13 -7.11480794369095E-13
gfc    81   76  1.55386316413089E-13  1.60048368815789E-12
gfc    81   77 -6.21537382716776E-13 -8.29781076580022E-13
gfc    81   78  5.02675401128316E-13  1.25989724253002E-12
gfc    81   79 -1.65086334551886E-12 -9.53861204954642E-13
gfc    81   80  1.31857979112721E-12 -3.19450946542864E-13
gfc    81   81 -2.04167958630389E-13  7.08677837666432E-13
gfc    82    0 -7.76623611729012E-13  0.00000000000000E+00
gfc    82    1  6.72996954177336E-13  6.45649437194269E-13
gfc    82    2  4.77890639976169E-13 -1.61561239184638E-12
gfc    82    3  1.36719664206568E-12  1.89986872270202E-13
gfc    82    4  7.60571399486314E-13 -4.30665783766086E-13
gfc    82    5  8.16126395849826E-14  2.42204743977301E-13
gfc    82    6 -3.23088348373275E-13  6.65546552116542E-13
gfc    82    7  8.05365635605005E-14  1.34997389391115E-13
gfc    82    8 -7.20251604226205E-13 -6.03553335632600E-13
gfc    82    9  1.66675139721898E-12 -6.85543202793563E-14
gfc    82   10  8.29494766602376E-13 -6.18534235261212E-13
gfc    82   11 -5.89208869425846E-13  4.89343817111748E-13
gfc    82   12  5.50783331837396E-13  1.26232939137114E-12
gfc    82   13  5.91735920331300E-13  6.11395212237263E-13
gfc    82   14 -1.67478968047606E-13 -5.70445377033018E-14
gfc    82   15  7.94063758284860E-13  1.56049222172974E-13
gfc    82   16  2.93452004416173E-13  6.12168674958183E-14
gfc    82   17  4.14394963886746E-13  1.24544797649257E-12
gfc    82   18 -4.18269689754720E-13  2.14050810488821E-13
gfc    82   19 -2.30166943727836E-13 -5.88433836525216E-13
gfc    82   20 -4.80124997518621E-13 -1.94629729043365E-12
gfc    82   21 -5.68564584720781E-13 -5.13338582568873E-13
gfc    82   22 -2.32296733409116E-13 -3.76189961659978E-13
gfc    82   23 -9.83324998416317E-14  1.15194893730325E-12
gfc    82   24  2.98865803239906E-14 -2.98186846853705E-13
gfc    82   25  3.45958972641282E-13 -7.59541379858634E-13
gfc    82   26 -1.55968747147155E-14 -1.70531707451681E-12
gfc    82   27 -1.21544098242430E-13  8.36175925690235E-13
gfc    82   28  8.95583386004159E-13  4.39943420647246E-13
gfc    82   29  3.02197963136551E-13  7.95762765471953E-13
gfc    82   30  1.50296798486200E-13 -1.83350373325448E-12
gfc    82   31 -5.89281283676807E-13 -1.34932885896010E-12
gfc    82   32  1.04130160906163E-14 -7.91431992871598E-13
gfc    82   33 -1.01059853458280E-12  9.71156055552228E-13
gfc    82   34 -5.63960173349292E-13  7.88727830318604E-13
gfc    82   35 -7.59168391632004E-13  1.09429135053384E-12
gfc    82   36  1.08915001060014E-12 -2.33884874335912E-13
gfc    82   37  8.10106344445475E-13  4.54128639715055E-13
gfc    82   38  3.78660942696876E-13  3.86195168944376E-13
gfc    82   39 -7.45960166008270E-13  1.11206133642999E-12
gfc    82   40 -3.26195586238913E-13 -7.39956639905883E-13
gfc    82   41  4.37116930111305E-13 -3.15489621750939E-13
gfc    82   42  6.51774478486933E-13  3.00828185191726E-14
gfc    82   43 -4.24913559651798E-13  1.38944645776083E-12
gfc    82   44 -2.90516410416898E-13 -1.46120535470140E-13
gfc    82   45 -4.04047375948749E-13 -4.06696983093619E-13
gfc    82   46  1.23984290221142E-12  3.49373145310001E-13
gfc    82   47 -7.79731946299310E-13  9.23477370067247E-13
gfc    82   48 -9.48364383915788E-13  4.45853867649022E-13
gfc    82   49 -8.54560520539583E-13 -1.28716008375030E-12
gfc    82   50  1.03306863501632E-12 -3.28104200819796E-13
gfc    82   51  2.33083748602737E-13  5.41779091433787E-13
gfc    82   52 -7.31372840709753E-13  1.29738637631747E-12
gfc    82   53 -7.29759283454497E-13 -1.73132592968866E-12
gfc    82   54  1.10738308438667E-12  6.18422977089811E-13
gfc    82   55 -7.72857914455572E-13  5.59440979552663E-13
gfc    82   56 -9.28089906069858E-13 -2.32470628738795E-13
gfc    82   57  5.45525444643631E-13 -1.92528466859165E-12
gfc    82   58  1.30162938255409E-12  1.20173059767431E-12
gfc    82   59 -3.45315354550738E-13  3.92929479142703E-13
gfc    82   60 -1.45693061034787E-12 -2.50614132726772E-13
gfc    82   61  1.49117136476133E-12 -1.48924795370152E-12
gfc    82   62 -5.50850738461709E-13  2.35185157583359E-12
gfc    82   63 -3.20910311099354E-13 -3.04918142460155E-12
gfc    82   64  1.78234192374980E-12  2.19690180429484E-12
gfc    82   65 -2.08408000393918E-12 -6.39529656940578E-13
gfc    82   66  1.32433255202864E-12 -3.99775230137563E-13
gfc    82   67  6.56326272115253E-14  1.52240485647616E-13
gfc    82   68 -2.18420077679856E-13  5.29641287475313E-13
gfc    82   69  1.29984790545204E-13 -9.86233745041095E-13
gfc    82   70  5.88950824704303E-13  1.07648114019272E-12
gfc    82   71 -3.22624181009740E-13 -5.98094408627413E-13
gfc    82   72  5.83649455620601E-13  1.11611777857370E-12
gfc    82   73 -7.41384664265297E-13 -4.44016772516214E-13
gfc    82   74  5.68184403505231E-13  7.46350513978355E-13
gfc    82   75 -1.13328510621649E-12 -2.56344914116458E-13
gfc    82   76  7.47346221093807E-13  5.71769784073321E-13
gfc    82   77 -1.63246370052610E-12 -1.68002649915087E-13
gfc    82   78  6.67507181555276E-13 -4.34136216554003E-13
gfc    82   79 -1.58660983523304E-12  3.50960365521510E-13
gfc    82   80  1.10146364600775E-12 -1.63995542320151E-12
gfc    82   81  1.31303109240267E-13  8.95269702826293E-13
gfc    82   82 -4.83475295988372E-13 -5.61404763366900E-13
gfc    83    0 -7.42769392989161E-13  0.00000000000000E+00
gfc    83    1  6.68461397518980E-13 -1.43132498441679E-12
gfc    83    2  1.60692814000735E-13 -5.98718382245001E-13
gfc    83    3  2.51371224242041E-13 -3.73881445975071E-13
gfc    83    4  1.20248264863263E-12  3.32084718441277E-13
gfc    83    5 -9.86380645400978E-13  2.70062214333084E-13
gfc    83    6  2.51117727777858E-13  1.24719425167995E-12
gfc    83    7  5.05494859756381E-13 -1.87983848449662E-13
gfc    83    8  1.46632089359423E-13  3.88059160511691E-13
gfc    83    9  1.27143370003523E-12  5.98193951897525E-13
gfc    83   10  1.92223977329838E-13 -3.47878211338708E-13
gfc    83   11 -1.52333181174515E-13  6.28632771050607E-13
gfc    83   12 -4.52833048236132E-13  1.43709708501769E-12
gfc    83   13  7.64509719824245E-13 -4.18417470927173E-13
gfc    83   14  7.95839331971558E-13 -5.71921580949770E-13
gfc    83   15  1.20020793341731E-12 -1.35818365549339E-13
gfc    83   16  4.02877736791274E-13  7.18029060950299E-13
gfc    83   17  5.86104712000513E-13  7.75713630646539E-13
gfc    83   18  1.11821197108508E-13  5.47796628634113E-13
gfc    83   19  8.07584068961004E-13 -2.21869520971151E-14
gfc    83   20 -8.09620855662569E-13 -8.00960921044008E-13
gfc    83   21 -4.71777590429623E-13  1.24758045818658E-13
gfc    83   22 -9.90366888300890E-13  8.34324327219801E-13
gfc    83   23 -3.22380906031718E-13  6.52019159804684E-13
gfc    83   24 -6.25181295936502E-13 -3.66741530984273E-13
gfc    83   25  8.89573734131090E-13 -9.89867821836049E-13
gfc    83   26 -2.06032458931323E-13 -8.09719847407599E-13
gfc    83   27  4.35163187221270E-13  6.89406404607492E-13
gfc    83   28 -8.05274906476142E-13  1.23277607249897E-12
gfc    83   29  4.95230171500437E-13  3.86560855635539E-13
gfc    83   30  1.43782360017757E-13 -1.31577126983098E-12
gfc    83   31  1.39994611642276E-13 -5.69856063744276E-13
gfc    83   32 -7.45284444894228E-13 -2.23401019890107E-13
gfc    83   33 -1.71164962115286E-12  1.18663768774431E-12
gfc    83   34 -1.71686687731128E-12  6.76524730496929E-13
gfc    83   35 -4.61571091089775E-13  8.17472401346689E-13
gfc    83   36  9.23352709375549E-13 -2.89139372812451E-13
gfc    83   37  4.39742169694722E-13  5.18352067723676E-13
gfc    83   38 -4.42760805689945E-13  3.40877654698128E-13
gfc    83   39 -6.29755958979685E-13  3.10374655040237E-13
gfc    83   40 -4.80783443207033E-14 -1.06842667366460E-12
gfc    83   41  7.71272091091216E-13  2.71392696256546E-13
gfc    83   42 -2.98260728095971E-13  1.72142838174645E-13
gfc    83   43 -1.05231850319472E-12  1.18322276623128E-12
gfc    83   44 -6.30284298358102E-13 -1.56236434334942E-12
gfc    83   45  2.49417150924438E-13 -1.63019604467250E-13
gfc    83   46  9.21362284414820E-13 -5.62087465149782E-13
gfc    83   47 -8.15883502291519E-13  1.14302294162513E-12
gfc    83   48 -3.34450823179207E-13 -7.33562215576954E-13
gfc    83   49 -8.69296512824060E-14 -2.33220189009402E-13
gfc    83   50  5.93025679102789E-13 -1.00292837217114E-13
gfc    83   51 -1.15023823136523E-12  6.27358339528720E-13
gfc    83   52 -3.16312991771854E-13 -7.69620739288232E-13
gfc    83   53  4.46742775833402E-13 -1.23842556898612E-12
gfc    83   54  1.04296671825080E-12  8.12922274420400E-13
gfc    83   55 -3.57135895276335E-13  3.64361445471009E-13
gfc    83   56 -5.26046440450070E-13  4.67609419914331E-14
gfc    83   57  2.87590403995248E-13 -1.34617121054688E-12
gfc    83   58  9.83112734087294E-13  1.25532121463100E-12
gfc    83   59 -7.96980170745819E-13 -6.81519837171506E-13
gfc    83   60  5.06825923582147E-13 -4.27686709043862E-13
gfc    83   61  8.08089271027844E-13  2.96757856434106E-14
gfc    83   62  3.69730962525644E-15  1.79884857222392E-12
gfc    83   63 -1.49747126371874E-12 -1.90729261132016E-12
gfc    83   64  2.38995428628971E-12  4.68302178361121E-13
gfc    83   65 -1.39154582786443E-12  6.46056414873529E-13
gfc    83   66  1.23387913162009E-12 -3.20645960069811E-13
gfc    83   67 -1.11002679184212E-12  9.29719588206745E-13
gfc    83   68  6.36136974055952E-13 -7.58175820546999E-13
gfc    83   69 -3.97563140028413E-13  4.82483793051359E-13
gfc    83   70  2.95287048299511E-13  1.54575964739421E-13
gfc    83   71 -8.74710611172672E-13  3.59336383759666E-13
gfc    83   72  6.50926603515439E-13 -3.24407313530850E-13
gfc    83   73 -1.12867667781060E-12  4.16287349078772E-13
gfc    83   74  3.70102340202821E-13 -7.20517139455752E-13
gfc    83   75 -7.91592506991880E-13  5.65570430611663E-13
gfc    83   76  4.68582317401207E-13 -1.26045550308906E-12
gfc    83   77 -4.69636901197975E-13  7.80087639231739E-13
gfc    83   78  1.86857802231077E-13 -1.61639287620278E-12
gfc    83   79  6.36648777627735E-13  8.55655110812854E-13
gfc    83   80 -2.30819290952777E-13 -1.48370912451258E-12
gfc    83   81  1.70206210121784E-12  1.09119330372198E-12
gfc    83   82 -1.11480140939932E-12  3.08607608352789E-13
gfc    83   83  4.94411903088502E-13 -5.78428393562226E-13
gfc    84    0  1.10807927117292E-13  0.00000000000000E+00
gfc    84    1  1.27923335915381E-12  3.47714004974106E-13
gfc    84    2  4.88123478754769E-13 -7.93637020801741E-13
gfc    84    3  1.41132397982201E-12  3.25942950083825E-13
gfc    84    4  8.35553977037101E-13 -2.63708217678466E-13
gfc    84    5  4.06142933962228E-13 -2.11289249008246E-13
gfc    84    6  1.23719518837008E-12  6.70297062220681E-13
gfc    84    7  1.15132591135557E-12 -2.40140483032631E-13
gfc    84    8  5.78916048630747E-13  5.59217314818393E-13
gfc    84    9  1.28648750413078E-12  5.84789821272843E-13
gfc    84   10  5.97488214685137E-13  6.47061298107071E-13
gfc    84   11 -4.73379784591069E-13  4.31562845209026E-13
gfc    84   12  9.57895010435466E-13  8.39121183484185E-13
gfc    84   13  1.05101534771711E-12  4.99854132177550E-13
gfc    84   14  8.76784287625907E-13  6.15504571959081E-13
gfc    84   15  1.12407923656425E-13  6.88404354465494E-13
gfc    84   16  3.28605940059917E-13  1.51754146858042E-12
gfc    84   17 -8.99121245194607E-14  4.44376105553216E-13
gfc    84   18 -2.84198191898966E-13  4.81212639982297E-13
gfc    84   19  3.53077312109722E-13 -7.23075226607879E-13
gfc    84   20  1.69196471162811E-13 -8.14743008087302E-14
gfc    84   21 -9.97340400557922E-13  5.97773718851651E-13
gfc    84   22 -1.02269187855461E-12  1.36688375960437E-12
gfc    84   23 -9.84503221774342E-13 -3.55501640479856E-13
gfc    84   24 -5.58352684323154E-13  3.07149561028250E-14
gfc    84   25  2.47924697676591E-13 -1.07291296348414E-12
gfc    84   26 -8.17106801149447E-14  5.64248066096680E-13
gfc    84   27 -9.47943624632964E-13  4.17277515527542E-14
gfc    84   28 -1.15952824465553E-12  7.08814745344968E-13
gfc    84   29  2.87726853937642E-13 -9.84192340617209E-13
gfc    84   30  9.18308056383280E-14 -6.19348540651725E-13
gfc    84   31  6.85265704392700E-13 -1.06036826035932E-12
gfc    84   32 -1.28045253174424E-12  1.69079362688172E-13
gfc    84   33 -1.74816919996555E-12  1.98554204656228E-13
gfc    84   34 -1.64452166726277E-12  6.44256273906197E-13
gfc    84   35  4.43028238196822E-13  3.11056370087099E-13
gfc    84   36  6.26047454730622E-13  6.52867868123144E-13
gfc    84   37  3.88886776295223E-13 -1.43466582374837E-14
gfc    84   38 -1.26192414093400E-12  3.21024931488158E-13
gfc    84   39  7.04277972899852E-14 -1.35878828142317E-12
gfc    84   40  3.63865825266698E-14 -5.41865872675521E-13
gfc    84   41  1.49465768522487E-12 -2.88734824595374E-13
gfc    84   42 -9.52192275719951E-13  6.90181150270239E-13
gfc    84   43 -3.05544456850572E-13 -2.97326681862637E-13
gfc    84   44 -2.36084574138631E-13 -9.20223835883824E-13
gfc    84   45  9.84741893379115E-13 -3.26099191230086E-13
gfc    84   46 -4.90894503254674E-14  2.49595328884910E-13
gfc    84   47 -7.38171337591812E-13  1.05275468358405E-13
gfc    84   48 -3.90433533461204E-14 -1.42774481546335E-12
gfc    84   49  1.13274671537714E-12 -4.78295950800111E-13
gfc    84   50  1.02449522919696E-12  5.35535028009543E-13
gfc    84   51 -5.89533492890522E-13  7.50630819745817E-13
gfc    84   52 -4.04347486485161E-14 -4.49658492502483E-13
gfc    84   53  1.72425814770907E-13 -5.47818644286579E-13
gfc    84   54  1.09556442558559E-12  9.78511086309857E-13
gfc    84   55 -1.13732573269165E-12  7.04310488651194E-13
gfc    84   56  9.31394902441918E-14 -1.23167601833751E-12
gfc    84   57  1.44294207029192E-12  1.48606721611142E-13
gfc    84   58 -3.66304686636602E-14  1.73344227008590E-12
gfc    84   59 -1.16302533325836E-12 -2.92828382683923E-13
gfc    84   60 -4.03173972492607E-14 -6.56178937225140E-13
gfc    84   61  1.01720696589959E-12  2.39305037301806E-13
gfc    84   62 -4.53691930508600E-13  1.28856524352466E-12
gfc    84   63 -6.40560745834426E-13 -1.51959192269427E-12
gfc    84   64  1.81538570172614E-12  1.00868670611616E-12
gfc    84   65 -2.58707928989125E-12  8.54981559664134E-13
gfc    84   66  1.40539605984031E-12 -2.41528058077278E-12
gfc    84   67  2.69394736671596E-13  2.65946679762133E-12
gfc    84   68 -1.15363863727425E-12 -1.27831213807286E-12
gfc    84   69  2.59778565061047E-13  3.66057049635199E-13
gfc    84   70 -2.17768751351804E-14 -6.18509237875453E-13
gfc    84   71 -2.28197735158831E-14  8.23978065062968E-13
gfc    84   72 -3.90815539365578E-13 -1.02641417178717E-12
gfc    84   73  6.75500293237052E-14  6.88511971101324E-13
gfc    84   74 -4.00383845875188E-13 -1.10450853966067E-12
gfc    84   75  6.10585701334562E-13  3.88792896413376E-13
gfc    84   76 -6.00622057252916E-13 -9.74669488315155E-13
gfc    84   77  1.16412274077666E-12  3.20401357756390E-13
gfc    84   78 -6.28533751918859E-13 -5.98417659172234E-13
gfc    84   79  1.63749475200022E-12  3.74286308182284E-13
gfc    84   80 -8.65983462100258E-13  4.03795375319818E-13
gfc    84   81  1.48488848447274E-12  6.66576068577433E-14
gfc    84   82 -1.06562575562075E-12  1.35538365063636E-12
gfc    84   83 -1.30395475110932E-13 -9.98196085433315E-13
gfc    84   84  2.10250910809033E-13  4.76257345035515E-13
gfc    85    0  1.03933579067393E-13  0.00000000000000E+00
gfc    85    1 -3.54613513907954E-13 -8.69370929290689E-14
gfc    85    2 -1.42712730751962E-13 -3.53460379433829E-13
gfc    85    3 -9.83591236331400E-13  1.29255756993374E-13
gfc    85    4  2.81318074557339E-13 -6.93394333320200E-13
gfc    85    5 -5.31797431463710E-13  1.75696994093077E-13
gfc    85    6  1.38520286563952E-12  3.91452180449722E-13
gfc    85    7  3.88176521668766E-13  5.14054344252991E-13
gfc    85    8  5.76636694328832E-13  5.62763538664469E-13
gfc    85    9 -1.34815347427295E-13  9.52769894217206E-13
gfc    85   10 -4.37781778387228E-13 -1.68367662270432E-13
gfc    85   11  1.92437158494045E-14 -4.09017981964335E-15
gfc    85   12  4.91420956373192E-13  4.81872928850416E-13
gfc    85   13  8.10874456550627E-13 -4.57143111282488E-14
gfc    85   14  1.23382053505652E-12 -1.71945645414520E-13
gfc    85   15 -4.42264484229756E-13  6.76790113483302E-13
gfc    85   16  4.48092530627558E-13  8.33774156105871E-13
gfc    85   17 -3.45950462280879E-13 -1.51770801378066E-13
gfc    85   18  3.23235907838820E-13 -3.69593475981716E-14
gfc    85   19  3.82600359097018E-13  1.18252711240046E-13
gfc    85   20 -5.66769291615758E-13  2.37101213378738E-13
gfc    85   21 -1.48999637565227E-12  4.28805634339583E-13
gfc    85   22 -7.84086053182004E-13  5.31216434490528E-14
gfc    85   23 -1.07616210539996E-12 -8.98987172149459E-13
gfc    85   24  2.07351056119147E-13 -6.51040175664367E-13
gfc    85   25 -1.07974583085797E-13 -1.11565110673522E-13
gfc    85   26  1.48180316705890E-13  4.11269190610442E-13
gfc    85   27 -1.01355347474213E-12 -9.24135875695413E-14
gfc    85   28 -7.19275920048263E-13 -5.48142043347688E-14
gfc    85   29 -2.46553548132269E-13 -7.23141953317967E-13
gfc    85   30  1.36965983293971E-12 -2.37748575389151E-13
gfc    85   31 -1.97747261707383E-13 -4.37860760486557E-13
gfc    85   32 -7.62380335090952E-13 -6.95342328972883E-13
gfc    85   33 -2.05019303412104E-12 -5.40001081237518E-13
gfc    85   34 -1.03449490769353E-13  5.34611616734498E-13
gfc    85   35  6.88092001542886E-13  3.76413248922074E-13
gfc    85   36  1.49265174328788E-12  1.00499807089370E-12
gfc    85   37 -9.59176701220619E-14  8.17520160925186E-15
gfc    85   38  1.02878091890389E-13  6.74295975640097E-14
gfc    85   39  2.12080778402386E-13 -9.94360571852012E-13
gfc    85   40  1.19046479379126E-12  2.91995486713340E-13
gfc    85   41  2.54584569554598E-13  1.53360964271767E-14
gfc    85   42 -9.61534278167646E-13  6.17058913831073E-13
gfc    85   43  2.19372904574790E-14 -1.08146257904301E-12
gfc    85   44  7.54139868721245E-13 -3.76577110460149E-13
gfc    85   45  1.32319501601567E-12  1.67047560196020E-13
gfc    85   46 -5.61439289818169E-13  9.97983382014799E-13
gfc    85   47  8.43374170447921E-14 -1.04640889335608E-13
gfc    85   48 -4.65374983623275E-14 -4.50651825515387E-13
gfc    85   49  8.61046171227644E-13  3.73215318088878E-13
gfc    85   50 -2.39294666360524E-13  6.95351665830418E-13
gfc    85   51 -6.12060628325382E-13 -2.57358427945561E-13
gfc    85   52  8.16852616378637E-13 -7.18932979775707E-13
gfc    85   53  8.70040331627617E-13  6.57687501652479E-13
gfc    85   54 -2.63042055965384E-13  1.85180433996016E-12
gfc    85   55 -1.65801707931665E-12 -3.18761091790757E-13
gfc    85   56  8.04660545956560E-13 -3.46399661132704E-13
gfc    85   57  1.09955093815593E-13 -2.17438481880106E-14
gfc    85   58 -1.74431433177465E-13  1.15214547509725E-12
gfc    85   59 -9.64291615974552E-13 -7.94155493392385E-13
gfc    85   60  9.56997096357226E-13  1.48317470953696E-13
gfc    85   61 -6.81283412882508E-14  1.09985067874754E-12
gfc    85   62 -1.33237521938618E-12  3.39543652493141E-13
gfc    85   63  1.19873913694689E-13 -1.80342076191964E-12
gfc    85   64  9.26917763041597E-13  9.45923809929760E-13
gfc    85   65 -1.31351235062407E-12  2.66065156501931E-13
gfc    85   66  5.35065108305657E-13 -8.60464275690045E-13
gfc    85   67 -1.78769842009294E-13  9.79020238268109E-13
gfc    85   68 -9.22053010174978E-13 -1.59878769005438E-12
gfc    85   69  1.53462202586291E-12  4.44840918438544E-13
gfc    85   70 -1.27698466094115E-12  1.29727897147612E-13
gfc    85   71  1.10422578030918E-12 -5.55618133245397E-13
gfc    85   72 -6.44000134711979E-13  2.34992810832483E-13
gfc    85   73  8.91041906271413E-13 -2.49749210491172E-13
gfc    85   74 -5.77508197698245E-13  6.20222062093225E-14
gfc    85   75  1.09149260000240E-12 -3.81067379078805E-13
gfc    85   76 -4.71343836228882E-13  7.10534137592280E-13
gfc    85   77  9.84839927593281E-13 -4.28297900211964E-13
gfc    85   78 -6.35208785231399E-13  1.06481695082196E-12
gfc    85   79  5.19332877033698E-13 -6.56332589943250E-13
gfc    85   80 -3.55355261062664E-13  1.78827251631878E-12
gfc    85   81 -3.03143275879361E-13 -1.11628013095827E-12
gfc    85   82 -8.74335041738685E-14  1.43042522447854E-12
gfc    85   83 -1.32685571513727E-12 -1.16453310807452E-12
gfc    85   84  1.42343336833968E-12 -6.34175248421540E-15
gfc    85   85 -3.86925135878821E-13  4.67746242531607E-13
gfc    86    0 -9.06419042696378E-14  0.00000000000000E+00
gfc    86    1 -6.75200291209973E-14  1.56039694039104E-12
gfc    86    2 -7.24741743349756E-13  5.32837152984489E-14
gfc    86    3  3.37269330569478E-13 -2.01047751395714E-13
gfc    86    4 -4.44195304817331E-13 -6.91308328494417E-14
gfc    86    5  1.49698743750954E-12 -7.26194663809650E-13
gfc    86    6  9.92995391965318E-13  1.32193757598113E-13
gfc    86    7  9.96780402973684E-13  4.55103930217338E-13
gfc    86    8 -7.96190234211256E-15  3.01154041284947E-13
gfc    86    9 -6.55893400384935E-15  1.11523914402482E-13
gfc    86   10  1.08485879760872E-13 -1.70642363717026E-13
gfc    86   11  3.14005337736533E-13 -2.95597696180570E-13
gfc    86   12  7.34997417332683E-13 -6.23003208230962E-13
gfc    86   13  1.48336956090444E-12  7.13334732889831E-13
gfc    86   14  4.80536607286532E-13 -2.14457486367449E-13
gfc    86   15 -1.32044078986478E-13  7.24970801584896E-13
gfc    86   16  6.39192978779931E-13 -2.00322480671972E-13
gfc    86   17  8.74678121916372E-13 -3.84004283279443E-13
gfc    86   18  5.18164484673743E-13 -5.27428621489429E-13
gfc    86   19  3.91433211585849E-13  3.29594253325007E-13
gfc    86   20  2.60899720545015E-13  9.87292385970206E-14
gfc    86   21 -7.54237999201803E-13  9.74024657431254E-13
gfc    86   22 -4.64611374470472E-13 -6.26523720572803E-13
gfc    86   23 -3.63563218873532E-13 -4.21527553421759E-13
gfc    86   24  3.59223958306778E-13 -6.02788895518374E-13
gfc    86   25 -3.39900637181562E-13  8.39581487833561E-13
gfc    86   26  2.11030028166902E-13  7.62274446678552E-14
gfc    86   27 -1.03717230198110E-12 -1.19219696257220E-13
gfc    86   28  3.80898657770861E-13 -8.25654694531243E-13
gfc    86   29  6.04338695004063E-13  3.18386771498234E-13
gfc    86   30  1.45567904273921E-12  3.04711254148659E-13
gfc    86   31 -1.87306466286778E-13  8.37174703585822E-14
gfc    86   32 -1.06794088199456E-12 -4.47573816221907E-13
gfc    86   33 -1.47186689407980E-12  1.09401406804599E-13
gfc    86   34  2.67162570413309E-13  8.13178032387492E-13
gfc    86   35  3.24800657558316E-13  1.56353993055950E-12
gfc    86   36  1.04904047545957E-12  7.80523256841326E-13
gfc    86   37 -5.51764529095424E-13  6.99825874410088E-14
gfc    86   38  9.92368243199845E-13 -3.69771290038437E-13
gfc    86   39  3.79868662919166E-13 -2.51931763808376E-13
gfc    86   40  1.62013732015896E-12  7.07339303481069E-13
gfc    86   41 -9.36267363440992E-13  4.70070040484315E-13
gfc    86   42 -3.37554392396748E-13  5.40859495006757E-13
gfc    86   43 -2.69140526848528E-13 -6.78174637913146E-13
gfc    86   44  1.11929903064303E-12  3.73665038947979E-13
gfc    86   45 -3.68956600461820E-13  8.06693462189353E-13
gfc    86   46 -7.19730550678418E-13  4.10629358272533E-13
gfc    86   47 -3.21544090308793E-13 -3.55506984721205E-13
gfc    86   48  8.79564609349372E-13 -2.94193175331504E-13
gfc    86   49  3.29229471269135E-13  1.32810324291607E-12
gfc    86   50 -6.95364894945843E-13  3.63062750790182E-13
gfc    86   51 -1.27146389395219E-12  4.81401097732427E-15
gfc    86   52  4.64373685319015E-13 -9.66729915612653E-13
gfc    86   53 -2.11430358134641E-13  6.51503862720868E-13
gfc    86   54 -3.45738155563273E-13  2.68348634559872E-13
gfc    86   55 -1.15521860515056E-12 -2.28015959115379E-13
gfc    86   56  9.56594240987316E-13 -7.02935164663415E-13
gfc    86   57  3.45843236400236E-14  6.70700876015380E-13
gfc    86   58 -1.12972960429452E-12  1.03259449001421E-12
gfc    86   59 -1.13952945310238E-12 -1.88461457975645E-12
gfc    86   60  1.55258015576651E-12 -1.46951831968303E-14
gfc    86   61 -5.08753747282107E-13  3.86016615962298E-13
gfc    86   62  1.00277276161939E-13  4.57980037370878E-13
gfc    86   63 -5.44609302603048E-13 -1.43591278929139E-12
gfc    86   64  1.24981553248067E-12  1.27771922661713E-12
gfc    86   65 -2.34435700709668E-12 -4.31564881431391E-13
gfc    86   66  1.84131451183091E-12 -1.73861196991475E-12
gfc    86   67  4.48357753342065E-13  1.73345969913460E-12
gfc    86   68 -1.59494165034424E-12 -3.93452950326763E-13
gfc    86   69  1.31045503902956E-12 -1.10065102261041E-12
gfc    86   70 -1.36667745837265E-13  1.10361306065902E-12
gfc    86   71  3.67030079688626E-13 -7.06737088140448E-13
gfc    86   72 -7.91710878098753E-14  8.51379651121769E-13
gfc    86   73  1.30626983202408E-13 -9.16590088675420E-13
gfc    86   74  1.75028805109651E-13  9.91675827435894E-13
gfc    86   75  3.52364441298233E-14 -5.16550070740883E-13
gfc    86   76  3.14563899578409E-13  1.12645544216752E-12
gfc    86   77 -5.99902356148173E-13 -5.28306658157085E-13
gfc    86   78  3.39694072417156E-13  1.14734799673062E-12
gfc    86   79 -1.06809675302766E-12 -4.46313100947896E-13
gfc    86   80  5.65099600136537E-13  5.25941690901801E-13
gfc    86   81 -1.82863897598668E-12 -4.79340115321565E-13
gfc    86   82  9.28513722330170E-13 -2.08904715139318E-13
gfc    86   83 -1.43687048048931E-12 -3.11914902859813E-13
gfc    86   84  1.14904023236524E-12 -1.21366157259253E-12
gfc    86   85 -5.43654579649467E-14  9.36714238086195E-13
gfc    86   86 -2.71659410500050E-13 -3.20334174165177E-13
gfc    87    0  1.08213676911910E-14  0.00000000000000E+00
gfc    87    1 -1.33538499895612E-12 -1.84746188559105E-13
gfc    87    2 -3.54205458003953E-13 -6.32205469974572E-13
gfc    87    3 -1.19397470985785E-12 -1.27258245269549E-12
gfc    87    4 -1.14817159156772E-13 -6.90930751960436E-13
gfc    87    5  1.08950342079097E-12 -9.76512608092026E-13
gfc    87    6  6.45229903845676E-13 -2.46807441736176E-13
gfc    87    7  8.14276624130216E-13  4.11564252308373E-13
gfc    87    8  2.48108148340829E-13 -2.79083050806838E-13
gfc    87    9  9.26831165796050E-14  3.20011103128614E-13
gfc    87   10  2.53040868698481E-13 -4.38291367370316E-13
gfc    87   11  1.53776711125488E-12 -6.64420644942499E-13
gfc    87   12  5.35424192073557E-13  4.70983856474544E-13
gfc    87   13  1.15116311533899E-12  6.93765227049194E-14
gfc    87   14  4.06263951672320E-13 -3.55206158128722E-13
gfc    87   15  4.56678327995199E-13  9.67341224296856E-14
gfc    87   16  1.05467330611786E-12 -3.31924169000451E-13
gfc    87   17  1.53613173100484E-12 -6.82270338689233E-13
gfc    87   18  1.01453386821884E-12 -5.05009787405198E-14
gfc    87   19  8.59010866786606E-13  1.02177623273518E-12
gfc    87   20 -4.55512544048221E-13  7.81095618747569E-13
gfc    87   21  5.31115815316235E-14 -3.65419483414186E-15
gfc    87   22 -1.51278797494531E-13 -2.70331115545817E-13
gfc    87   23  8.76917797940442E-13  2.10722635055753E-13
gfc    87   24 -3.85095741295803E-13  4.75178798848424E-13
gfc    87   25 -1.64536433442690E-13  1.70064318139882E-12
gfc    87   26 -8.14511398130083E-13  2.85837399290522E-13
gfc    87   27 -3.80323125563504E-15 -2.15016287594114E-13
gfc    87   28 -8.16612667012847E-13 -2.87071223806302E-13
gfc    87   29  7.05479924051664E-13  1.19507535962167E-12
gfc    87   30  2.49132396772691E-13  4.87295906698921E-13
gfc    87   31  1.65205205981602E-13  2.40186694401286E-13
gfc    87   32 -1.53042381340035E-12 -1.25366603478569E-12
gfc    87   33 -5.37154693262512E-13  3.91425590048827E-13
gfc    87   34 -5.98558094236204E-13  1.53973248782677E-12
gfc    87   35  5.90702339043618E-13  2.38660993684771E-12
gfc    87   36 -5.25137975257198E-13  4.60815697398557E-13
gfc    87   37  5.72007003174114E-14  4.21336283068235E-13
gfc    87   38  1.28647103234173E-13 -8.17614911797847E-13
gfc    87   39  6.14779965677359E-13  6.36408047232412E-13
gfc    87   40 -3.01937097612255E-13 -7.62168874435966E-14
gfc    87   41 -8.55518938797735E-13  2.59498290313391E-13
gfc    87   42 -5.06979942659818E-13 -8.91407363653695E-13
gfc    87   43  6.48635576646386E-13 -2.76564581465379E-13
gfc    87   44  3.51822389154811E-13  5.38082474202067E-13
gfc    87   45 -8.05765256843507E-13  7.71473003632800E-13
gfc    87   46 -1.19754148754657E-12 -1.71558473394612E-13
gfc    87   47  9.55482476499855E-14 -7.26256274871981E-13
gfc    87   48  4.85817206454665E-13  2.75729560499333E-14
gfc    87   49 -1.44926510396183E-13  5.99321413631954E-13
gfc    87   50 -9.31124760597030E-13 -6.33202024996686E-13
gfc    87   51  2.77743572164101E-14 -5.07239709461892E-13
gfc    87   52  9.40967561627984E-13 -5.78951229762483E-13
gfc    87   53 -5.75972022069851E-13  1.45792101490888E-12
gfc    87   54 -1.24998654124777E-12 -4.61413262575102E-13
gfc    87   55 -7.80830153011414E-13 -1.13114901554057E-12
gfc    87   56  1.76003222202172E-12 -1.06511117227238E-12
gfc    87   57 -7.31283696054597E-13  1.34888768345014E-12
gfc    87   58 -2.09000934110134E-13 -9.61664670817876E-13
gfc    87   59 -1.07078168935955E-14 -4.47094753840409E-13
gfc    87   60  1.37601199616691E-12 -2.37626443870827E-15
gfc    87   61 -1.33345676716694E-12  9.67928132544609E-13
gfc    87   62  4.04990124861530E-13 -1.45804181133162E-12
gfc    87   63  4.71658099811135E-13 -6.00977014205552E-13
gfc    87   64  1.36988143947108E-12  1.24480842177740E-12
gfc    87   65 -1.97864898841902E-12 -9.19588798865565E-14
gfc    87   66  2.27355609728321E-12 -1.08834414218821E-12
gfc    87   67 -1.09775236584332E-12  1.72893494636627E-12
gfc    87   68  2.99687829502327E-13 -1.54341975711786E-12
gfc    87   69  1.00421583437447E-12  1.03001091746545E-12
gfc    87   70 -6.83334108717333E-13  8.18240645413695E-13
gfc    87   71 -3.14810593935057E-13 -9.58130130853632E-13
gfc    87   72  1.00135849581819E-12  7.80154257128018E-13
gfc    87   73 -1.28236769539713E-12  3.08278992115174E-14
gfc    87   74  7.13264656158213E-13  1.06973750514912E-13
gfc    87   75 -8.78863326031333E-13  3.60094064150926E-14
gfc    87   76  6.45758967231660E-13  3.45617199493133E-14
gfc    87   77 -1.19776521105271E-12  1.50324744274932E-13
gfc    87   78  5.87241065844322E-13 -6.13837841754965E-13
gfc    87   79 -9.78896782746718E-13  1.46337637677608E-13
gfc    87   80  6.51866838929670E-13 -9.32978740487579E-13
gfc    87   81 -7.38399100967850E-13  5.83208836135962E-13
gfc    87   82  5.53890144837350E-13 -1.59537341061359E-12
gfc    87   83  1.97903448870427E-13  9.98560626259307E-13
gfc    87   84  3.11809794014168E-13 -1.53552875267856E-12
gfc    87   85  1.24476024949436E-12  1.51178313167758E-12
gfc    87   86 -9.92348834291785E-13 -3.14417297233358E-13
gfc    87   87  6.35449162400072E-13 -4.72492222509739E-13
gfc    88    0 -4.38453734267487E-13  0.00000000000000E+00
gfc    88    1 -5.59102981745810E-13  1.07738701088617E-12
gfc    88    2 -2.86836355201354E-13  2.68894129866483E-14
gfc    88    3 -1.35004471991926E-13 -6.61352150036589E-13
gfc    88    4  7.63668535241039E-13  7.10276690275617E-13
gfc    88    5  1.51081844422917E-12 -1.21528160605435E-12
gfc    88    6  7.28899599319418E-13  5.03242952548240E-13
gfc    88    7  7.85704822013539E-13 -9.74615628021899E-14
gfc    88    8  3.76072272218570E-13  1.97577859565554E-13
gfc    88    9  6.46685129844563E-13 -1.04143857754100E-13
gfc    88   10  1.75024185996237E-12  2.87380344933191E-13
gfc    88   11  1.01232827301944E-12  1.09258482444527E-13
gfc    88   12  8.47171724974357E-13  7.73239832714703E-13
gfc    88   13  8.34398522138865E-13  5.82369436258738E-13
gfc    88   14 -9.87039085198974E-14  5.79928031485346E-13
gfc    88   15  6.93313551981391E-13  5.49344763784617E-14
gfc    88   16  1.11499787123398E-12  2.88313440107014E-13
gfc    88   17  1.48733352436630E-12 -3.81368377216765E-13
gfc    88   18  2.44318491847647E-13  6.84578350973449E-13
gfc    88   19 -4.53426746148529E-13  6.73634624463257E-13
gfc    88   20 -6.75020164104020E-14  6.59779302288852E-13
gfc    88   21  4.42701018946798E-14 -3.08671987360293E-13
gfc    88   22 -3.15223805573319E-13  1.68328084784624E-13
gfc    88   23  2.36625068829289E-13 -2.20325702557702E-13
gfc    88   24 -1.26517846136697E-12  1.17374565535881E-12
gfc    88   25 -5.19350347998388E-13  7.50312290855715E-13
gfc    88   26 -3.76288861692157E-13  7.54442592570411E-15
gfc    88   27  1.36695566784965E-13 -7.84101211980845E-13
gfc    88   28 -5.07973298138436E-13  5.24332320228560E-13
gfc    88   29 -1.18125130805587E-14  1.07412370024712E-12
gfc    88   30 -8.52572865013250E-13  1.02997797368350E-12
gfc    88   31 -2.33699129154248E-13 -1.28283596060296E-12
gfc    88   32 -1.44255572206106E-12 -9.32110618193564E-13
gfc    88   33 -5.61432150476246E-13 -2.48782011627215E-13
gfc    88   34 -8.71389719374728E-13  1.65918132645575E-12
gfc    88   35  1.86556348169021E-13  1.20005534247547E-12
gfc    88   36 -5.89364961126645E-13  2.99426896974639E-13
gfc    88   37  9.62288779492135E-13 -4.42223242566207E-13
gfc    88   38  4.01913029478864E-13 -3.92028597838915E-13
gfc    88   39  6.58550868294525E-13  4.49443921759493E-13
gfc    88   40 -1.02624303241580E-12 -1.99317907203454E-13
gfc    88   41 -7.16703601364748E-13 -4.53377337976321E-13
gfc    88   42 -1.54286655457299E-13 -1.17009049063645E-12
gfc    88   43  8.02492222810671E-13 -2.67576984225025E-13
gfc    88   44 -2.18140887721237E-13  1.10653994370656E-13
gfc    88   45 -5.75021309028315E-13 -3.06590945479444E-13
gfc    88   46 -5.25261551615813E-13 -7.88475625411227E-13
gfc    88   47  1.50083122734419E-12 -3.63269624560438E-13
gfc    88   48 -1.43118508020462E-13  5.55882185258687E-13
gfc    88   49  8.33652355341075E-14  3.73219793063644E-13
gfc    88   50 -1.39528938650235E-12 -9.25023436163193E-13
gfc    88   51  1.33842055083787E-12 -7.50910266004820E-13
gfc    88   52  2.24939388270022E-13 -5.07732955061575E-13
gfc    88   53  3.96350028693792E-13  8.25892933922413E-13
gfc    88   54 -7.13108483601150E-13 -7.60269775246820E-13
gfc    88   55  9.61259505650167E-13 -1.09569538786107E-13
gfc    88   56  3.62812524472415E-13  8.15061323022586E-14
gfc    88   57 -4.97353869756453E-13  9.42308751778528E-13
gfc    88   58 -3.70324405520189E-13 -1.08959245750237E-12
gfc    88   59  5.73400725149956E-13 -2.27999000181071E-13
gfc    88   60  1.72382601454060E-12  2.09896690267815E-13
gfc    88   61 -1.16421905469720E-12  1.68723421004447E-12
gfc    88   62  2.94591080240744E-13 -1.57090539467295E-12
gfc    88   63  9.75576117681792E-14  1.11919268654429E-12
gfc    88   64  9.17159168241743E-14 -1.79765508452944E-13
gfc    88   65 -9.71275349978707E-13  3.84958395304740E-13
gfc    88   66  1.84891016000221E-12 -1.37158051657067E-12
gfc    88   67 -3.29412201557992E-13  3.13507682599874E-12
gfc    88   68 -1.52178374394465E-12 -1.90713426314436E-12
gfc    88   69  1.09101299339832E-12  5.54133113978495E-13
gfc    88   70 -3.23882713239695E-13  1.63623566026117E-13
gfc    88   71 -1.17677375087474E-13  4.02038932894241E-13
gfc    88   72 -2.46247582134161E-13 -4.17755022285512E-13
gfc    88   73 -4.56648439627522E-13  4.03710133688659E-13
gfc    88   74  2.75473951758034E-13 -6.94728511012358E-13
gfc    88   75 -4.81663454055942E-13  5.63607070603223E-13
gfc    88   76  3.82529821129009E-14 -1.06578714805648E-12
gfc    88   77 -2.93912799727201E-14  7.42580941353838E-13
gfc    88   78 -9.34903663993862E-14 -1.29484995693701E-12
gfc    88   79  4.16829594447627E-13  6.28163680486878E-13
gfc    88   80 -6.30403657528939E-14 -1.16380472428743E-12
gfc    88   81  1.13881235571720E-12  7.06134038111850E-13
gfc    88   82 -5.16344009338836E-13 -9.66667579828372E-13
gfc    88   83  1.53949500952071E-12  7.47814934726638E-13
gfc    88   84 -7.77452419317152E-13  1.57345300391792E-13
gfc    88   85  1.59473912121381E-12  4.13355322629130E-13
gfc    88   86 -1.47514743908943E-12  1.26236117646189E-12
gfc    88   87 -1.98099306394061E-14 -7.41361591663838E-13
gfc    88   88  2.67683173582221E-13  5.87233394358270E-13
gfc    89    0  2.11627394106555E-13  0.00000000000000E+00
gfc    89    1 -1.06557002121670E-12  2.96042657272080E-13
gfc    89    2  6.83152021960098E-13 -6.56127677092682E-13
gfc    89    3 -1.07821763108875E-12  4.64754685671562E-14
gfc    89    4  4.23507027918266E-13 -1.62582865131011E-13
gfc    89    5  5.28971619227585E-14 -3.40076320786486E-13
gfc    89    6 -7.55226028876045E-14 -3.86542698788686E-13
gfc    89    7 -1.50848594356319E-13 -3.12916587040315E-14
gfc    89    8  1.23014345099677E-13 -6.01672215309160E-13
gfc    89    9  6.42717348869774E-13  6.09351417845989E-13
gfc    89   10  8.99536870273174E-13 -1.18977850478153E-13
gfc    89   11  2.58452945533850E-13  1.51657767672216E-13
gfc    89   12  5.17171130361394E-13  4.08996876628743E-13
gfc    89   13 -3.56853307710588E-13 -5.74384275529984E-13
gfc    89   14  4.81865973432897E-13 -4.49943582368732E-13
gfc    89   15  8.60359871154348E-13 -4.90034191805846E-13
gfc    89   16  1.47657552841389E-12  1.37587322789781E-13
gfc    89   17  6.56181755809912E-13 -8.85012218888100E-14
gfc    89   18  3.60046490440484E-13 -2.26531268900575E-14
gfc    89   19 -4.54133943787512E-13  6.53365312310578E-13
gfc    89   20  2.26391251645267E-13  2.34569882342930E-13
gfc    89   21  2.06742264745613E-14 -8.22146135269191E-13
gfc    89   22  2.48264362043322E-13  2.02834028162456E-13
gfc    89   23 -8.50018287819674E-13  4.89586260460832E-13
gfc    89   24 -1.18887892280874E-12  6.96369613171995E-13
gfc    89   25 -1.33476483103844E-12  6.02821667491271E-14
gfc    89   26  7.58213793094716E-14 -6.28061060103853E-13
gfc    89   27  2.91601005105277E-13 -9.87761257085154E-13
gfc    89   28  7.71272463852899E-14  4.16117931293591E-13
gfc    89   29 -9.78367260557932E-13  4.72548233058365E-13
gfc    89   30  5.43548580583844E-13  2.92138327472741E-13
gfc    89   31 -8.18420858262104E-14 -1.59988119057495E-12
gfc    89   32  1.88216259426691E-13 -5.85850451504135E-13
gfc    89   33 -8.44081715938659E-13 -3.25792746009428E-13
gfc    89   34 -5.95333212816919E-13  2.15677728027253E-12
gfc    89   35 -4.11600410331263E-13 -3.86309780606951E-14
gfc    89   36  3.77101202445889E-13  3.89160253956394E-13
gfc    89   37  1.37256197401568E-12 -9.77825076994653E-13
gfc    89   38  1.18898367357457E-12  2.27652473328900E-13
gfc    89   39  3.79722250889300E-13 -5.51137017876150E-13
gfc    89   40 -3.53989202129316E-13  1.57019965559729E-14
gfc    89   41  3.80567817218573E-14 -1.23634182367034E-12
gfc    89   42  1.10099412210475E-12  2.59287057801409E-13
gfc    89   43  6.55760369268607E-13 -3.35060385095362E-14
gfc    89   44 -2.69797497170177E-13  8.79003811780593E-13
gfc    89   45 -1.04734779858203E-12 -1.16435376846722E-12
gfc    89   46  5.82719425282967E-13 -9.05037084118413E-14
gfc    89   47  1.00655715018768E-12 -4.20476460225434E-13
gfc    89   48  9.80662425303202E-14  1.16717855249278E-12
gfc    89   49 -2.94819571227730E-13 -4.86666616235872E-13
gfc    89   50  5.42955357002170E-14 -4.24663649026599E-13
gfc    89   51  1.38414863040593E-12  1.75884260796707E-14
gfc    89   52 -2.90354007797771E-13  9.90428756092521E-13
gfc    89   53 -3.60383215471633E-13  4.08310523185164E-13
gfc    89   54 -6.61426956833855E-13 -1.03437708656510E-12
gfc    89   55  1.57293583022559E-12 -2.85936351846336E-13
gfc    89   56  3.64462109521860E-13  7.62637318563234E-13
gfc    89   57 -6.38666675425105E-13  1.37881715969191E-12
gfc    89   58 -8.28507125722407E-13 -1.29958100825693E-12
gfc    89   59  1.49771573219514E-12  9.06594001979123E-13
gfc    89   60 -5.57473194349562E-13  5.51557144493757E-13
gfc    89   61 -7.96586788478891E-13  1.60110585740054E-13
gfc    89   62  3.08329482354189E-13 -1.27594758312680E-12
gfc    89   63  1.00506503652941E-12  1.33360933362517E-12
gfc    89   64 -1.09354558000030E-12  6.83097270658392E-13
gfc    89   65 -9.71702114135997E-13 -1.84912123193144E-13
gfc    89   66  9.19761058154771E-13 -1.15874710884805E-12
gfc    89   67 -4.11799711937680E-13  2.13353073983861E-12
gfc    89   68 -1.40258018865487E-12 -2.57603408455165E-12
gfc    89   69  2.53559968244661E-12  1.53618909760755E-12
gfc    89   70 -2.92865134369392E-12  9.39647540760037E-14
gfc    89   71  1.26061438333555E-12 -1.54158517435549E-12
gfc    89   72 -6.69251365577160E-14  5.66639118493309E-13
gfc    89   73  4.20950640744438E-14  1.13303946250116E-13
gfc    89   74 -4.47871687434230E-13 -8.09666756240085E-13
gfc    89   75  9.16741944577870E-13  1.97848436709016E-13
gfc    89   76 -4.62270891893998E-13 -3.23972990371449E-13
gfc    89   77  9.99001407532755E-13  1.38038860205401E-13
gfc    89   78 -6.69256474988923E-13 -1.00830845681578E-14
gfc    89   79  1.23379598017813E-12  6.07628540454292E-15
gfc    89   80 -6.64715631466685E-13  3.64951295296888E-13
gfc    89   81  9.35593201085700E-13 -2.40568449813490E-13
gfc    89   82 -7.69067580937254E-13  1.05241107306194E-12
gfc    89   83  1.03007922105483E-12 -4.43609036292892E-13
gfc    89   84 -8.01458281953388E-13  1.56482507280071E-12
gfc    89   85 -1.43811104576304E-13 -8.05698113823304E-13
gfc    89   86 -5.52706937522078E-13  1.60740777321614E-12
gfc    89   87 -1.09477765331133E-12 -1.58393842958220E-12
gfc    89   88  8.89319060171543E-13  1.47061092128800E-13
gfc    89   89 -7.76098054000518E-13  2.02337622624049E-13
gfc    90    0 -8.11163773537693E-13  0.00000000000000E+00
gfc    90    1  5.12625710522508E-14  3.98003725986719E-13
gfc    90    2 -4.75716893876374E-13  6.26604802425253E-13
gfc    90    3 -1.14078558808089E-13  5.66588637348331E-13
gfc    90    4 -3.49438393298177E-14  7.01456841038197E-13
gfc    90    5 -2.46380220652835E-13 -4.67501119282619E-13
gfc    90    6 -2.67103025998372E-13 -6.94096673628690E-13
gfc    90    7  3.38524467609085E-13 -6.69721907103246E-13
gfc    90    8  4.51954986677673E-13 -3.51199854666629E-14
gfc    90    9  1.13966624023971E-12  3.47563189916543E-13
gfc    90   10  1.16692653635078E-12 -1.78823196805593E-13
gfc    90   11 -4.49956452036928E-13  6.53313837393476E-13
gfc    90   12 -1.70970327976560E-13 -5.80129136930656E-13
gfc    90   13 -1.17911936650141E-13 -2.91233239789369E-13
gfc    90   14  6.10121206117958E-13 -3.82501761769462E-13
gfc    90   15  9.60666070830390E-13 -6.30814693180191E-13
gfc    90   16  6.16473862564511E-13 -2.82784488060076E-13
gfc    90   17  4.22620614582543E-13 -4.00769028365648E-13
gfc    90   18 -4.26700055383299E-13 -8.20359264867695E-13
gfc    90   19 -2.23157778350498E-13 -2.06182980740174E-13
gfc    90   20  1.55058511129008E-12 -9.71774835945373E-13
gfc    90   21  8.65837305866914E-13 -4.41645292921333E-13
gfc    90   22  4.97165824266412E-14 -1.55748601596303E-13
gfc    90   23 -7.27284816137913E-13  4.39032968861403E-13
gfc    90   24 -4.61929852236874E-13  3.26254286553718E-13
gfc    90   25 -4.75505781420025E-14  1.38194992293962E-13
gfc    90   26  1.03974657352995E-12 -1.11292933319720E-13
gfc    90   27  6.83617319108173E-14  1.34519030644711E-13
gfc    90   28 -1.32848883320005E-13  6.63567719402188E-13
gfc    90   29 -7.56349466643267E-13  7.42160137968284E-13
gfc    90   30  7.69585962884110E-13 -6.60915523192693E-13
gfc    90   31  6.87956498052784E-13 -1.34734852800550E-12
gfc    90   32  8.49218316095942E-13 -3.63460464603448E-13
gfc    90   33 -7.73062480975354E-13  9.01965263754141E-13
gfc    90   34  1.40411373307147E-15  9.94912352569675E-13
gfc    90   35 -3.19494322588862E-13  9.19873277744692E-13
gfc    90   36  1.51126944499429E-12  4.08359635686606E-13
gfc    90   37  1.26939842437637E-12  5.29742515015124E-13
gfc    90   38  1.10687641371093E-12  3.30081663869842E-13
gfc    90   39 -5.01265957829791E-13 -1.86179175011864E-13
gfc    90   40 -1.19680968390124E-13 -7.85549019882103E-13
gfc    90   41  1.50723268981171E-13 -3.22894750264539E-13
gfc    90   42  1.37357470926174E-12  2.45168306247851E-13
gfc    90   43  6.71396266644264E-14  8.42824058627096E-13
gfc    90   44 -5.55902461888042E-14  3.25923303885661E-14
gfc    90   45 -7.50918885982438E-13 -4.19706387169903E-13
gfc    90   46  1.25748566832886E-12  4.29648037391727E-13
gfc    90   47 -1.69849673705017E-13  5.70018310673190E-13
gfc    90   48 -5.93673798511910E-13  1.21440469018632E-12
gfc    90   49 -8.89753293682223E-13 -1.08665797032151E-12
gfc    90   50  5.34956367711344E-13  7.44247069621280E-14
gfc    90   51  5.96660404563170E-13 -1.22117294340386E-14
gfc    90   52 -3.38871174765329E-13  1.38315616339529E-12
gfc    90   53 -8.02586251434554E-13 -5.44703193310244E-13
gfc    90   54  1.21980958146811E-14 -6.26869221910563E-14
gfc    90   55  5.36492117328220E-13  1.95391493521435E-13
gfc    90   56 -1.00615748144906E-12  6.79277320590779E-13
gfc    90   57 -1.00598506619495E-12 -5.60875930389579E-13
gfc    90   58  4.68153669913697E-13 -1.00142418238321E-12
gfc    90   59  9.01723569470883E-13  9.99509591704933E-13
gfc    90   60 -6.66736449731082E-13  1.70032918407637E-13
gfc    90   61 -7.53560435439365E-13  1.88989788834813E-13
gfc    90   62  5.13350660750391E-14 -1.20250300780912E-12
gfc    90   63  6.83221465165193E-13  1.00277489641766E-12
gfc    90   64 -1.39042445470388E-12 -2.67501229802816E-13
gfc    90   65  8.72928161610217E-13 -6.81688142828947E-13
gfc    90   66  3.34479657218875E-13  3.67546263957376E-13
gfc    90   67 -6.19613307114828E-13  1.04387595518815E-12
gfc    90   68 -1.40470630377674E-12 -1.49012505633361E-12
gfc    90   69  2.29083474165840E-12 -1.93785311820982E-13
gfc    90   70 -1.41979039607478E-12  9.36358318658472E-13
gfc    90   71  9.25442082757886E-13 -1.29169913212796E-12
gfc    90   72 -6.25420699890337E-13  1.11590819026478E-12
gfc    90   73  4.07049888374279E-13 -1.36610990903377E-12
gfc    90   74  3.86124958971779E-13  9.95004740649668E-13
gfc    90   75  2.78433550382294E-13 -4.69891929701634E-13
gfc    90   76 -2.97935304264257E-14  5.64046148895209E-13
gfc    90   77  5.02191351315353E-13 -4.89700804573052E-13
gfc    90   78 -3.67560835195583E-13  1.06903688562708E-12
gfc    90   79  2.04322252226835E-13 -6.06507497170667E-13
gfc    90   80 -2.34271354509314E-14  1.25358362325159E-12
gfc    90   81 -2.24476651660578E-13 -5.89125179316823E-13
gfc    90   82 -6.52421609877481E-14  1.25937802626444E-12
gfc    90   83 -9.59703087674826E-13 -8.95856291141708E-13
gfc    90   84  2.21406755826146E-13  8.68550376289168E-13
gfc    90   85 -1.57515813554344E-12 -1.02603594147047E-12
gfc    90   86  7.42013376655883E-13 -5.27433199800067E-14
gfc    90   87 -1.48935793326917E-12 -8.74426201413959E-13
gfc    90   88  1.44821675514775E-12 -1.13953487387278E-12
gfc    90   89  9.39902129493440E-14  9.45937014680114E-13
gfc    90   90 -8.33979308072305E-14 -4.94666230610827E-13
gfc    91    0  5.32105429740386E-13  0.00000000000000E+00
gfc    91    1  5.53443314296150E-14 -5.25387249346663E-13
gfc    91    2  4.51246646639854E-13  2.89048219822742E-13
gfc    91    3 -1.10457738930681E-13  3.95346606250091E-13
gfc    91    4 -6.87510430478563E-13 -6.18596929984845E-13
gfc    91    5 -4.15495271345673E-13 -8.42328194226335E-13
gfc    91    6 -4.53470310042470E-13 -1.62317846700339E-12
gfc    91    7  5.82642387744377E-13 -1.19930238214384E-12
gfc    91    8  3.69568057315516E-13 -2.95196275125741E-13
gfc    91    9  1.67364121304385E-12  2.25287859398571E-13
gfc    91   10  3.42127504306928E-13 -5.03146959131714E-13
gfc    91   11  1.76316089445029E-13 -5.47999366770285E-13
gfc    91   12  3.69894863579116E-13 -7.80805812316582E-13
gfc    91   13  5.65977757516429E-13 -6.04524028307361E-13
gfc    91   14  1.23629690150924E-12 -4.42068058164424E-13
gfc    91   15  1.59569047104377E-12 -2.23574365539045E-13
gfc    91   16  6.04470566129985E-13 -1.30542035886791E-14
gfc    91   17  6.57955859439838E-13 -3.24581944213635E-13
gfc    91   18 -2.01339013323627E-13 -1.07246174333826E-12
gfc    91   19  9.53042068019378E-13  5.50504511538430E-13
gfc    91   20  1.10852968395865E-12 -1.78694668353526E-13
gfc    91   21  7.10373457812021E-13 -1.93053446142731E-13
gfc    91   22 -4.03892229720859E-13 -2.94501066420076E-13
gfc    91   23 -7.29761037583952E-13  6.65211509891429E-13
gfc    91   24 -2.85112577084993E-13 -1.73437539148580E-13
gfc    91   25  9.25107939664827E-13  7.00569377492618E-13
gfc    91   26  9.18788709052157E-13  4.11987071340356E-13
gfc    91   27  5.66076731191195E-13  1.25275533428682E-12
gfc    91   28 -7.88088601349124E-13  6.02559362626919E-13
gfc    91   29 -8.23397410650123E-14  1.25661322621423E-12
gfc    91   30  9.45283609790497E-13 -4.76671421781281E-13
gfc    91   31  1.01081245473093E-12  5.34099786584936E-13
gfc    91   32  7.38288489444555E-14 -2.43048412809347E-13
gfc    91   33 -1.21724600560578E-12  1.04224138456511E-12
gfc    91   34 -9.43073074860520E-13  2.65000518082497E-13
gfc    91   35  1.47973887799615E-13  1.03183966611004E-12
gfc    91   36  1.27579292050036E-12  6.23950310488055E-13
gfc    91   37  1.24995478577439E-12  1.40227914881791E-12
gfc    91   38  4.30640969875957E-13 -1.98740053868855E-13
gfc    91   39 -6.34452058299977E-13 -1.45944296915805E-13
gfc    91   40 -2.84400848033469E-13 -1.06390582187097E-12
gfc    91   41  1.07675351403924E-13  8.75670066258092E-13
gfc    91   42  3.93453717397962E-13  1.93155012339448E-13
gfc    91   43 -1.04498044657946E-12  9.42721218466021E-13
gfc    91   44 -4.74466837338350E-13 -1.40809261565254E-12
gfc    91   45 -3.92699285258214E-13 -8.33503905912181E-14
gfc    91   46  1.28945827956527E-12 -3.40184595387961E-13
gfc    91   47 -6.69315576907958E-13  1.16845585468495E-12
gfc    91   48 -6.13074400834907E-13 -2.98934366020878E-13
gfc    91   49 -5.88999872548019E-13 -3.70645429146567E-13
gfc    91   50  5.82795147696623E-13 -1.94073279687956E-13
gfc    91   51 -2.17026539949634E-13  8.16445182244067E-13
gfc    91   52 -9.29375702354943E-13 -1.01137359365407E-13
gfc    91   53 -5.13616079130040E-13 -1.14542217944581E-12
gfc    91   54  6.36813045608393E-13 -4.46407565215326E-13
gfc    91   55  8.74888450659667E-13  4.20840478183923E-13
gfc    91   56 -1.22638575929985E-12  6.12868784758067E-13
gfc    91   57 -5.72081970926318E-13 -6.13523500698401E-13
gfc    91   58  7.25865674680867E-14 -1.14487739416651E-12
gfc    91   59  1.08205665931665E-12  4.56430597291554E-13
gfc    91   60 -1.20894958903371E-12  1.31262353422619E-13
gfc    91   61  1.96176406257211E-13 -1.08223327806303E-12
gfc    91   62  1.06023605527442E-12 -2.59343935990895E-13
gfc    91   63  2.92138964126199E-14  1.46901278427692E-12
gfc    91   64 -1.25816298182741E-12 -5.58460971347402E-13
gfc    91   65  6.33436258289493E-13 -9.00178485802703E-13
gfc    91   66  8.58416260791129E-13 -4.47860705877632E-15
gfc    91   67 -4.49587350648561E-13  1.05798565934064E-12
gfc    91   68 -1.77155433349263E-13 -1.49534282303864E-12
gfc    91   69  1.71419910080223E-12  1.03089690152329E-12
gfc    91   70 -2.26276680867101E-12  9.29317616085942E-13
gfc    91   71  1.05546326023804E-12 -2.56085459290705E-12
gfc    91   72  1.25265633831723E-12  2.29987685441891E-12
gfc    91   73 -1.58993173423146E-12 -4.57208146061972E-13
gfc    91   74  1.02827870352687E-12  2.28817101438215E-13
gfc    91   75 -4.71234544506961E-13 -2.06590721221724E-13
gfc    91   76  4.72124718811699E-13  6.92019362689870E-13
gfc    91   77 -8.96938774693722E-13 -1.42044566923713E-13
gfc    91   78  5.87666288930428E-13  3.28476654624836E-13
gfc    91   79 -9.58871144749122E-13 -2.43753890860622E-13
gfc    91   80  5.64383526048319E-13  2.46116302750587E-13
gfc    91   81 -1.14584324520982E-12 -9.21605767551608E-14
gfc    91   82  7.33765271213509E-13 -3.68964183703699E-13
gfc    91   83 -1.28420486344968E-12  6.59748634728377E-14
gfc    91   84  8.95703360457913E-13 -8.72627011312479E-13
gfc    91   85 -8.68823595875905E-13  2.86262012745133E-13
gfc    91   86  1.05493505156661E-12 -1.53699467446703E-12
gfc    91   87 -2.09496036066752E-13  1.01872878747384E-12
gfc    91   88  8.52583960918435E-13 -1.38334005543172E-12
gfc    91   89  8.37715971747026E-13  1.44306863380315E-12
gfc    91   90 -8.67339678417264E-13 -3.07222649943404E-13
gfc    91   91  5.89829492097908E-13 -9.82898812989532E-14
gfc    92    0  2.67289153505019E-13  0.00000000000000E+00
gfc    92    1  1.67181993996824E-13 -4.54897752861821E-13
gfc    92    2 -1.47875269149363E-13  1.92468448147882E-12
gfc    92    3 -8.48146839001666E-14  1.25800847917169E-13
gfc    92    4 -3.05856385561298E-13  5.04129663490304E-13
gfc    92    5 -3.53542236904421E-13 -4.97337135206660E-13
gfc    92    6  3.67261675412695E-13 -6.73577378587002E-13
gfc    92    7  6.57405520648878E-13 -6.29148668441800E-13
gfc    92    8  8.50424815075123E-13  9.61494905654894E-13
gfc    92    9  8.13681999325368E-13  9.66830165748300E-14
gfc    92   10  5.93632874273751E-13 -1.91541441082445E-13
gfc    92   11 -2.22991087224312E-13 -2.13167674822625E-13
gfc    92   12  1.77287321267813E-13 -1.65928692155232E-13
gfc    92   13  8.37226749954420E-13  5.39509226229376E-15
gfc    92   14  7.27802543954139E-13  5.11188090350403E-13
gfc    92   15  4.71843100922926E-13 -1.86040740264764E-13
gfc    92   16 -1.40604106780939E-13 -7.17296577269087E-14
gfc    92   17  2.25011274788736E-13 -1.07830696885393E-12
gfc    92   18 -9.15914152605135E-14 -3.62014827232260E-13
gfc    92   19  8.73160163525419E-13 -1.87150959841433E-13
gfc    92   20  1.23332400180781E-12  2.24814229310416E-13
gfc    92   21  4.73421859695556E-13  1.22018041259101E-13
gfc    92   22 -1.21304241770551E-12  2.16189279436112E-13
gfc    92   23 -8.70169180456411E-13  3.55810047036344E-14
gfc    92   24 -3.83671344493185E-13  7.53451184675723E-13
gfc    92   25  7.13730482810793E-13  4.47871123420060E-13
gfc    92   26 -8.36409387515473E-14  1.29605606427703E-12
gfc    92   27 -4.30328724448903E-13  3.82233326949280E-13
gfc    92   28 -1.09924121441767E-12  5.34746706202801E-13
gfc    92   29  6.48709551928417E-13 -2.16526108503974E-13
gfc    92   30  5.46975084613956E-13  2.21326285969912E-13
gfc    92   31  1.03916319803517E-12  1.83545473272826E-14
gfc    92   32 -8.40060073823751E-13  5.49987830830771E-13
gfc    92   33 -8.43094100803560E-13  2.49111803035498E-13
gfc    92   34 -1.30236693385837E-12 -3.47415571966943E-14
gfc    92   35  3.96863349390566E-13  6.53903896432686E-13
gfc    92   36  2.10816618981116E-13  1.44480561796348E-12
gfc    92   37  9.72709733589009E-13  5.32426080332482E-13
gfc    92   38 -4.44481915471304E-13 -7.30967541855421E-13
gfc    92   39  1.99005366265331E-13 -1.59286065828728E-12
gfc    92   40 -5.10374988347494E-13 -6.02740441132040E-13
gfc    92   41  8.49038946802409E-13  4.18306358153546E-13
gfc    92   42 -6.94364017414902E-13  5.74868972978889E-13
gfc    92   43 -2.57009752263662E-13 -2.18784896335041E-13
gfc    92   44 -8.51593825337628E-13 -1.09520857622144E-12
gfc    92   45  8.07495530412492E-13 -2.30825322075196E-13
gfc    92   46 -9.63458079270592E-14  1.05643013797366E-13
gfc    92   47 -4.46945405283303E-13  1.13130077311915E-13
gfc    92   48 -6.55371894264310E-13 -1.21827553153326E-12
gfc    92   49  6.04408466579828E-13 -6.88737530443176E-13
gfc    92   50  1.07707753043454E-12  1.45881933120504E-13
gfc    92   51 -3.64026897576502E-13  6.91622863013165E-13
gfc    92   52 -3.20555254993542E-13 -4.52295277292061E-13
gfc    92   53  9.61987776396893E-14 -7.51838134932377E-13
gfc    92   54  8.42887759788065E-13  2.92540107369198E-14
gfc    92   55  5.30369652334908E-14  3.49835998888530E-13
gfc    92   56 -1.07280140807492E-12 -4.49565403743318E-13
gfc    92   57  1.00011048831796E-12 -9.60702700821390E-13
gfc    92   58  9.09334549666521E-13  5.03712217222199E-14
gfc    92   59  4.67633322082606E-13  1.39849828608883E-12
gfc    92   60 -1.59320509155814E-12 -5.25062096701167E-13
gfc    92   61  1.17481983531846E-12 -5.45691318541513E-13
gfc    92   62 -1.50136193437798E-13  2.31483489791742E-13
gfc    92   63  6.04944884138738E-13  7.97935187681596E-13
gfc    92   64 -9.07465566555115E-13 -4.41287962501753E-13
gfc    92   65  1.28513862671215E-12  2.37739971931038E-14
gfc    92   66 -3.41884199180004E-13  9.74567388666816E-13
gfc    92   67 -1.03899801414760E-12  1.46324168975304E-13
gfc    92   68  4.00682992688812E-13 -1.81411978324797E-12
gfc    92   69  1.46548878823019E-12  1.52587265259789E-12
gfc    92   70 -1.53208934111661E-12  3.77894314647650E-13
gfc    92   71  6.79699378928179E-13 -7.19713267026864E-13
gfc    92   72 -2.05485086474703E-14  1.14253215670443E-12
gfc    92   73 -8.58749231136013E-13 -7.87211485194521E-13
gfc    92   74  1.51300079510717E-12  2.61280567649372E-13
gfc    92   75 -1.67867744975336E-12  8.27162504896554E-13
gfc    92   76  6.14151969945013E-13 -9.56342740097037E-13
gfc    92   77 -4.71527744584908E-13  7.93925612718417E-13
gfc    92   78  8.60329565867266E-14 -6.90057027382492E-13
gfc    92   79 -5.68858318900704E-13  4.04359637120932E-13
gfc    92   80  3.27085795149918E-13 -9.02075643492642E-13
gfc    92   81 -4.57436085877105E-13  3.99056248870321E-13
gfc    92   82  2.54625214790273E-13 -1.11521522809189E-12
gfc    92   83  3.43138228070259E-13  5.90907530768114E-13
gfc    92   84  3.18608073968710E-13 -1.16566988785337E-12
gfc    92   85  6.49425128984604E-13  9.17792717270940E-13
gfc    92   86 -1.00185416600581E-13 -7.89398028886077E-13
gfc    92   87  1.37224691335310E-12  1.01585960080556E-12
gfc    92   88 -7.61807618260341E-13 -2.36856216344413E-13
gfc    92   89  1.26397611609293E-12  9.69452261158291E-13
gfc    92   90 -1.59315407528461E-12  8.25923293102719E-13
gfc    92   91  2.72791941225619E-13 -8.10295191131931E-13
gfc    92   92  1.47319377710034E-13  4.20648709672745E-13
gfc    93    0  1.05664928809731E-12  0.00000000000000E+00
gfc    93    1 -1.41154087414994E-15  5.87065487860992E-13
gfc    93    2  6.10998402440909E-13  7.43325351137884E-13
gfc    93    3  5.84432454026150E-14  2.43685571718200E-13
gfc    93    4 -7.21466438594676E-13 -4.73878800648733E-13
gfc    93    5  1.51305257644436E-13 -3.93450682228441E-14
gfc    93    6 -3.04195522124127E-15 -8.93640401751285E-13
gfc    93    7 -7.79845328266397E-14  2.09010636872780E-14
gfc    93    8  2.25411586478471E-13  1.15933531345112E-13
gfc    93    9  2.08704970631759E-13 -1.77756291705778E-13
gfc    93   10  2.36281630956616E-13 -4.09756196826451E-13
gfc    93   11 -3.61506156600350E-13 -1.02179843964068E-12
gfc    93   12  7.19573352165192E-13  2.55659982090142E-13
gfc    93   13  5.61560745158388E-13  4.15636583409263E-13
gfc    93   14  4.00086956072409E-13  1.60222097006880E-13
gfc    93   15 -6.86383032429582E-14 -1.18109072099718E-13
gfc    93   16  2.28226469723038E-14 -5.08169635471702E-13
gfc    93   17 -3.12413479469587E-13 -9.54093941661161E-13
gfc    93   18  3.99106967996246E-13 -5.57513809818023E-13
gfc    93   19  4.23890870841171E-13 -2.09561652468720E-13
gfc    93   20  3.31921431906180E-13  3.40649377726638E-13
gfc    93   21 -3.91248204402518E-13 -1.10316235598988E-12
gfc    93   22 -6.61637217269090E-13 -9.60967786135529E-13
gfc    93   23 -5.96736671975485E-13  9.88275846182133E-14
gfc    93   24  5.78887258973003E-13  4.29230050824133E-13
gfc    93   25  6.76278276261441E-14  6.72279574587093E-13
gfc    93   26 -3.26601163588265E-13  1.13947033176704E-12
gfc    93   27 -6.82037549734765E-13  1.20120495748356E-13
gfc    93   28 -4.59867852977509E-13 -2.62585407719827E-14
gfc    93   29  5.11368607446025E-13 -5.59613315594145E-13
gfc    93   30  7.35901482676420E-13  8.68727481876299E-14
gfc    93   31  5.31211973370504E-14 -2.13185715757721E-13
gfc    93   32 -7.53092050937742E-13 -2.57052043324906E-13
gfc    93   33 -3.95568153493941E-13 -1.28024923377275E-12
gfc    93   34 -2.45182908384974E-13  4.04429941697383E-14
gfc    93   35  4.44436827399359E-13  1.99521793121729E-13
gfc    93   36  5.59431248617244E-13  1.80469871004047E-12
gfc    93   37  7.07476295660732E-13  1.20452438293123E-13
gfc    93   38  3.39511949552047E-13 -8.29973818750653E-13
gfc    93   39  3.26084393918576E-13 -1.96291553472782E-12
gfc    93   40  3.72883210572884E-14  2.30729299073478E-13
gfc    93   41  1.28546666700774E-13 -1.16205738168321E-13
gfc    93   42 -5.52835307894817E-13  4.85449833611220E-13
gfc    93   43  4.18952700261908E-13 -1.22659710436972E-12
gfc    93   44  3.02955109143331E-13 -5.07380891822594E-13
gfc    93   45  1.42024395509107E-12  7.24495357231385E-14
gfc    93   46 -2.79124034003901E-13  9.08848314745159E-13
gfc    93   47 -8.15698374955306E-14 -2.55230731342309E-13
gfc    93   48 -4.20920919766804E-13 -5.22848039661245E-13
gfc    93   49  1.11267861827211E-12 -1.43232287516912E-13
gfc    93   50  3.08308636948694E-13  7.13409357829055E-13
gfc    93   51 -3.97109693435444E-13 -1.65567248673314E-13
gfc    93   52  1.76588985858540E-14 -2.87649573602571E-13
gfc    93   53  1.04093772278443E-12 -7.52809079293806E-13
gfc    93   54  8.13662416489872E-13  1.41440980817851E-12
gfc    93   55 -3.05946891175598E-13  1.41973695029894E-13
gfc    93   56 -7.94849785605220E-13  2.52328080998860E-13
gfc    93   57  7.34086204652838E-13 -1.12209768078766E-12
gfc    93   58  4.49465850512640E-13  9.27086942444869E-13
gfc    93   59  1.93596556864848E-13  5.75867416144786E-14
gfc    93   60 -7.34874538202355E-13  2.65566297892409E-13
gfc    93   61  8.56341676428530E-13 -4.30200561684432E-13
gfc    93   62 -7.42368677418857E-14  1.37541823631474E-12
gfc    93   63 -5.26042339713352E-13  6.23886314687383E-13
gfc    93   64 -1.16329153958112E-12 -9.03214330634848E-13
gfc    93   65  1.61629769351856E-12  4.54852733050651E-14
gfc    93   66 -1.06772745304681E-12  8.91515631951210E-13
gfc    93   67 -8.30647571452833E-14 -1.45693826924039E-13
gfc    93   68 -5.83060750148668E-13 -5.62750903630355E-13
gfc    93   69  1.18044806691773E-12  8.34297147334603E-13
gfc    93   70 -2.43293800158192E-12 -5.13995856458839E-14
gfc    93   71  1.58832373264158E-12 -1.83587182950106E-12
gfc    93   72  1.84306984982786E-13  2.04890204830750E-12
gfc    93   73 -1.45991600470639E-12 -3.81819355442081E-13
gfc    93   74  5.31565494064765E-13 -1.10256455515591E-12
gfc    93   75  2.53353743856738E-13  6.22009236275833E-13
gfc    93   76 -2.83872750088581E-13 -5.87114581927330E-13
gfc    93   77  2.72856895729947E-13  5.83043234363880E-13
gfc    93   78 -5.89998893251924E-13 -8.87438540455845E-13
gfc    93   79  8.54038126943914E-13  4.56699726907181E-13
gfc    93   80 -4.39741089656851E-13 -6.23995945745216E-13
gfc    93   81  8.91234829283000E-13  2.84543842514000E-13
gfc    93   82 -5.84400250538944E-13 -3.46920225960939E-13
gfc    93   83  1.16664221734999E-12  3.88037937170696E-13
gfc    93   84 -7.36227146809556E-13  4.45459252235868E-14
gfc    93   85  1.23704578246391E-12  1.78303646334663E-13
gfc    93   86 -9.56684958087780E-13  6.50389108823248E-13
gfc    93   87  1.10293655126605E-12 -6.47257390275079E-14
gfc    93   88 -1.24931211182729E-12  1.22165294622379E-12
gfc    93   89  3.94269704554610E-13 -6.14505402839638E-13
gfc    93   90 -9.75867203380491E-13  1.41715896986919E-12
gfc    93   91 -7.90618136940122E-13 -1.68600848780534E-12
gfc    93   92  5.79581506840522E-13  4.08007877376297E-13
gfc    93   93 -7.00695880042869E-13 -1.47055717636642E-15
gfc    94    0 -3.46638414060849E-13  0.00000000000000E+00
gfc    94    1 -3.70537056382299E-13  1.05163172317745E-13
gfc    94    2 -4.48142071470468E-13  9.40058610847222E-13
gfc    94    3 -6.71835678761450E-13 -3.20851583819678E-13
gfc    94    4 -5.51075511517997E-13  4.11831682387733E-13
gfc    94    5 -4.97472758615064E-13  3.01323157118194E-13
gfc    94    6 -5.71467569243634E-13 -1.69891997810917E-13
gfc    94    7 -2.58545855397538E-13  3.10684798964227E-13
gfc    94    8 -3.41423729179767E-13 -4.83733363938829E-13
gfc    94    9 -3.69659155382351E-13 -2.67730644361001E-13
gfc    94   10  3.71070659271905E-13 -1.30714332151375E-12
gfc    94   11 -4.12371448689991E-13 -4.24824167654253E-13
gfc    94   12 -1.50979483290392E-13  3.45342495701139E-13
gfc    94   13  5.05868271659786E-13  2.49437106812751E-13
gfc    94   14 -9.73656706645623E-14 -5.87754095190326E-13
gfc    94   15 -5.26466301573946E-13 -6.23916828129850E-13
gfc    94   16  1.42560806113283E-14 -1.42299602963385E-12
gfc    94   17  1.19685098727911E-13 -8.44724564889049E-13
gfc    94   18  6.92523775073267E-13 -5.42883788447969E-13
gfc    94   19 -1.46750672331802E-13 -4.12854219788528E-13
gfc    94   20  5.94330176288623E-13 -5.64955291658744E-13
gfc    94   21 -1.75044247589841E-13 -1.00140861659142E-12
gfc    94   22 -6.13058067673152E-13 -1.36324509990673E-12
gfc    94   23 -6.18118285683591E-14 -2.04599229333512E-13
gfc    94   24  8.46248792071956E-13  2.34499717832506E-13
gfc    94   25  1.39762494420535E-14  6.28682585705723E-13
gfc    94   26  1.82803981557466E-13  3.71846520569910E-13
gfc    94   27 -2.53330191081179E-13 -1.88560017510232E-13
gfc    94   28  9.97249137125201E-13 -2.72578138708741E-13
gfc    94   29  1.10960006589092E-12  1.28171522915320E-14
gfc    94   30  7.90680141108663E-13  2.63868977878656E-13
gfc    94   31 -5.69891918120419E-13 -6.01173675903333E-15
gfc    94   32 -8.96282550742162E-14 -3.76532551714775E-13
gfc    94   33 -3.07554562524613E-13 -6.86129468501775E-13
gfc    94   34  5.06553756860726E-13 -4.03565041942630E-13
gfc    94   35 -4.34681983406335E-13  9.81359953199171E-13
gfc    94   36  9.27710165359755E-13  1.20968020628718E-12
gfc    94   37  5.97382922868306E-13 -1.64980195895054E-13
gfc    94   38  1.66834797387514E-12 -9.09208850230582E-13
gfc    94   39  2.00627378628315E-13 -9.60037485843514E-13
gfc    94   40  7.28598188632718E-13  7.33899664444729E-13
gfc    94   41 -1.07885728681122E-12  4.38032954314529E-13
gfc    94   42  2.21953310134590E-13  3.36201437484238E-13
gfc    94   43 -1.67879560444467E-13 -9.75706390774664E-13
gfc    94   44  1.16432118736087E-12  4.70540898189797E-13
gfc    94   45  7.72102851561542E-14  4.59614959000947E-13
gfc    94   46  1.42631107557613E-13  6.91221985336981E-13
gfc    94   47 -5.05061177067475E-13 -7.58337704143841E-13
gfc    94   48  9.23712665381224E-13  8.62558430725055E-14
gfc    94   49  4.35711026397823E-13  1.04923373031021E-12
gfc    94   50  7.00304362571085E-14  9.65930561611762E-13
gfc    94   51 -1.32037000837265E-12  2.21671943904284E-13
gfc    94   52  4.54411166975916E-13 -5.42418658730063E-13
gfc    94   53  9.01037393142926E-14  2.03462384854630E-13
gfc    94   54  1.15257006207422E-13  9.91166802146033E-13
gfc    94   55 -8.65373877756934E-13 -3.05030913281629E-13
gfc    94   56  2.89748034100483E-14 -2.04257726254939E-13
gfc    94   57  7.28361660754263E-13 -3.71703168074283E-13
gfc    94   58 -1.00652009003959E-13  1.72820087305486E-12
gfc    94   59 -1.42346175682403E-12 -5.85691038385206E-13
gfc    94   60 -6.15361649122806E-13 -5.05895236864595E-13
gfc    94   61  1.25875497169939E-12 -6.47294149493955E-13
gfc    94   62 -5.76818104155856E-13  1.81219919063408E-12
gfc    94   63 -6.32768147020780E-13 -1.13923305679457E-12
gfc    94   64 -8.85293293644368E-14  2.12757811959734E-13
gfc    94   65  6.04994256360523E-13 -1.93722849367399E-13
gfc    94   66 -1.34955396570270E-12  9.05067941577735E-13
gfc    94   67 -1.57186656406755E-13 -1.68108456022850E-12
gfc    94   68  7.91203774845904E-13 -1.38059767055073E-14
gfc    94   69  7.16595504572953E-13  8.75182100149003E-13
gfc    94   70 -2.34195938997739E-12  1.68417434710081E-13
gfc    94   71  1.73368405812392E-12 -1.77764057252207E-12
gfc    94   72 -7.36798041512114E-13  1.89974125560727E-12
gfc    94   73 -2.03397577466623E-13 -2.18001992651651E-12
gfc    94   74  1.31099286903719E-12  1.04114350900397E-12
gfc    94   75 -9.05011770395968E-13  2.08860274996880E-13
gfc    94   76 -1.26495091796523E-13 -9.79678485766974E-13
gfc    94   77  1.16253644252921E-12  3.90257200654518E-13
gfc    94   78 -8.05359221635328E-13  3.54227791066179E-13
gfc    94   79  8.47237795563319E-13 -5.41768779322321E-13
gfc    94   80 -2.95282191783098E-13  6.00027868372743E-13
gfc    94   81  6.11972416991503E-13 -2.21576374796276E-13
gfc    94   82 -3.64906460500787E-13  7.80210533179354E-13
gfc    94   83  3.59667644621653E-13 -4.71794275663242E-13
gfc    94   84 -4.44099033039335E-13  1.15998498067494E-12
gfc    94   85 -7.65635229805630E-14 -5.51999196711421E-13
gfc    94   86 -2.44269813355408E-13  1.07709197767981E-12
gfc    94   87 -6.03475064096126E-13 -9.15510801806576E-13
gfc    94   88  9.23665693708503E-15  1.01574669210102E-12
gfc    94   89 -1.15832953003253E-12 -1.35299360716935E-12
gfc    94   90  5.08151071307096E-13  1.34423808119255E-13
gfc    94   91 -1.20794892573027E-12 -1.15602861435338E-12
gfc    94   92  1.77267125634140E-12 -8.39076616426650E-13
gfc    94   93 -6.88104089734123E-14  6.52440423858016E-13
gfc    94   94  2.85082447337691E-14 -6.03297876175887E-13
gfc    95    0  4.98931236589387E-14  0.00000000000000E+00
gfc    95    1  2.73763003059131E-13  6.25766534354459E-14
gfc    95    2  3.47257141142187E-13 -4.88514093190290E-13
gfc    95    3  8.53668725254493E-13 -5.68982532894412E-13
gfc    95    4 -1.97763477003577E-13 -6.99074937024733E-14
gfc    95    5  6.37355442155905E-13 -2.03402010703801E-13
gfc    95    6 -8.45691145884749E-13 -5.65042916686772E-14
gfc    95    7  2.64145428946928E-13 -1.20222453329331E-13
gfc    95    8 -8.31097425883564E-13 -1.36578458035464E-12
gfc    95    9  4.87482032922724E-13 -6.07963437650760E-13
gfc    95   10  7.35557795936207E-13 -9.99622562414462E-13
gfc    95   11 -5.38448720173626E-14 -8.40945750901581E-13
gfc    95   12  4.72379960334443E-13  7.34863372180096E-13
gfc    95   13  7.22673645248280E-13  3.21665274507794E-13
gfc    95   14 -3.04856999326463E-13 -8.57505717535554E-13
gfc    95   15  3.64943222565565E-13 -5.45729428007383E-13
gfc    95   16  3.15194892128238E-13 -1.18867456319097E-12
gfc    95   17  7.51982142945746E-13 -1.87148213261955E-13
gfc    95   18  8.24294890782542E-13 -6.75085277901020E-13
gfc    95   19  4.70851018147432E-14 -1.05129937358654E-13
gfc    95   20  1.42670761158337E-13 -2.53873337404421E-13
gfc    95   21  1.86531002942264E-13 -1.28665861107861E-12
gfc    95   22  3.58908155281379E-13 -1.02976840712100E-12
gfc    95   23  4.36473226517256E-13  6.17429727857625E-13
gfc    95   24  3.16662855404024E-13  5.57287449659143E-13
gfc    95   25 -2.74179294336553E-13  1.12529543837025E-12
gfc    95   26 -3.65989512411657E-14  5.48268828844759E-14
gfc    95   27  6.91322462042551E-13  3.51973980222124E-13
gfc    95   28  1.19884909917751E-12 -2.20676015102763E-13
gfc    95   29  1.03770041449436E-12  4.30792269814630E-13
gfc    95   30  1.11313642642697E-13  4.26531507322958E-14
gfc    95   31 -3.45961851950724E-13  2.80591039532213E-13
gfc    95   32  2.05279800777986E-13 -6.60113461216597E-13
gfc    95   33  7.29895565540355E-13 -2.37835581864481E-13
gfc    95   34 -1.12873269476199E-13  5.04973395769828E-13
gfc    95   35 -5.48682781974007E-13  1.59932622807346E-12
gfc    95   36 -1.86386836009185E-13  7.64454974684123E-13
gfc    95   37  7.94116463077998E-13  4.52131969385538E-13
gfc    95   38  1.13652510482465E-12 -1.23138265783882E-12
gfc    95   39  4.00542773989220E-14  4.79481368988025E-14
gfc    95   40 -2.46737961553118E-13 -5.89883403416841E-14
gfc    95   41 -1.05436284894159E-12  5.89718316830977E-13
gfc    95   42  1.60130277112795E-13 -4.46331004778981E-13
gfc    95   43  9.87184830570959E-14  9.95705956477268E-14
gfc    95   44  5.32580239445273E-13  7.91415914325293E-13
gfc    95   45 -5.24302616147726E-13  9.60060378128574E-13
gfc    95   46 -7.88634238654716E-13 -2.08386020453135E-13
gfc    95   47 -3.41418602037588E-13 -6.10759763241088E-13
gfc    95   48  4.10754490858661E-13 -1.10572587173543E-13
gfc    95   49 -1.17382587030219E-13  1.04862239106829E-12
gfc    95   50 -5.19907864478586E-13 -1.45401453411028E-13
gfc    95   51 -7.88660149254543E-13 -1.72302225501536E-13
gfc    95   52  9.13812892940242E-13 -5.60513133213662E-13
gfc    95   53 -5.44311595174385E-13  9.96468818823728E-13
gfc    95   54 -2.84506046532609E-13  3.31949340609114E-13
gfc    95   55 -1.51221430376861E-12 -6.54583552476398E-13
gfc    95   56  7.56393847045567E-13 -9.66137456196716E-13
gfc    95   57  8.99513649484840E-15  3.88108413591090E-14
gfc    95   58  2.62693493761637E-13  3.13477462519214E-13
gfc    95   59 -1.19283670692817E-12 -7.04170290002334E-13
gfc    95   60  7.28627142798998E-13 -3.20938860918288E-13
gfc    95   61  2.78226333463747E-14  1.70833407509998E-13
gfc    95   62 -6.16073878882403E-13  4.63095024422969E-13
gfc    95   63 -5.50180053364471E-13 -1.27443095999616E-12
gfc    95   64  5.93986175485727E-13 -4.43136623904767E-13
gfc    95   65  9.13945480254826E-13 -1.05267695292274E-13
gfc    95   66 -8.90437303334018E-13  9.67261693928481E-13
gfc    95   67  1.39641743702879E-13 -1.66267174612315E-12
gfc    95   68  8.59770411436846E-13  7.69928177746532E-13
gfc    95   69 -3.53301127834491E-13 -1.96691800680203E-13
gfc    95   70 -4.13879132224348E-13  1.50288067677749E-13
gfc    95   71  1.35568815065404E-12 -1.31221989093391E-12
gfc    95   72  2.98850874736977E-13  2.54077075748842E-12
gfc    95   73 -1.87280440798643E-12 -1.61137381452915E-12
gfc    95   74  1.87285676805616E-12  1.81342880447311E-13
gfc    95   75 -7.09207096060826E-13  3.07369506700415E-13
gfc    95   76  5.11946045017757E-13  4.15362639594705E-13
gfc    95   77 -5.33817951264796E-13 -4.21828771171131E-14
gfc    95   78  2.30868934486034E-13  1.37948433039350E-13
gfc    95   79 -8.20335962084342E-14 -2.69389952078984E-13
gfc    95   80  8.73653287141796E-14  8.64328726423018E-13
gfc    95   81 -5.76713067550822E-13 -7.15867009529600E-13
gfc    95   82  2.64120976146303E-13  7.25032127241276E-13
gfc    95   83 -6.98818134753699E-13 -4.87748195585790E-13
gfc    95   84  5.55752458198592E-13  4.49630789386459E-13
gfc    95   85 -1.08963352480824E-12 -4.86665753942759E-13
gfc    95   86  5.99118471274566E-13  1.55047238039812E-13
gfc    95   87 -1.15802093889295E-12 -3.72179729219302E-13
gfc    95   88  9.29129877711222E-13 -5.22134956759509E-13
gfc    95   89 -1.10631565545569E-12 -1.01955080524192E-13
gfc    95   90  1.34201836414257E-12 -9.48607231469571E-13
gfc    95   91 -4.53899960907137E-13  4.95301196822490E-13
gfc    95   92  1.28312361940679E-12 -1.22146825962223E-12
gfc    95   93  6.54165039954372E-13  1.61682660976741E-12
gfc    95   94 -5.15921952324296E-13 -1.16428617715576E-13
gfc    95   95  6.59063868576971E-13  3.32841443753878E-13
gfc    96    0 -3.00006028684555E-13  0.00000000000000E+00
gfc    96    1 -1.12618026567635E-13 -9.69042106296796E-13
gfc    96    2  2.24028000127917E-13 -3.01431775970476E-13
gfc    96    3 -2.01224967591436E-13 -4.67807120409522E-13
gfc    96    4  5.53435851945192E-13  5.47115576614749E-13
gfc    96    5 -7.17312388511083E-13  4.17170343240680E-13
gfc    96    6 -3.04365946980148E-13  4.47840041643931E-13
gfc    96    7 -1.80293090659504E-13 -3.21102216393483E-13
gfc    96    8 -2.45878966144116E-13 -1.09113040811597E-12
gfc    96    9  4.86414331387992E-14 -2.96804396868204E-13
gfc    96   10  9.74968660189283E-13 -4.05198161015176E-13
gfc    96   11 -6.71914596224979E-14 -9.72902334400877E-14
gfc    96   12 -2.53156584443679E-13  1.30801130183561E-12
gfc    96   13  4.46544060743736E-13 -4.32442942373446E-13
gfc    96   14 -3.28423353419706E-13 -5.20693846773785E-13
gfc    96   15  4.03738489387834E-14 -5.51457356954814E-13
gfc    96   16 -7.08862485539021E-14 -1.45421275724185E-13
gfc    96   17  4.86488604658886E-13  2.77173076005516E-13
gfc    96   18  6.91079395168546E-15 -1.55695637298368E-14
gfc    96   19 -5.63267159335957E-13 -8.03523433321581E-13
gfc    96   20 -1.58424615786466E-13 -5.49193916194364E-13
gfc    96   21  7.31398436069316E-13 -8.46382396055691E-13
gfc    96   22 -2.80149722944395E-13 -6.77807725430692E-14
gfc    96   23  2.98334496609411E-13  2.54374181453107E-13
gfc    96   24 -5.82415094171759E-13  8.16665702159122E-13
gfc    96   25 -6.28804033955895E-15  5.95707377302827E-13
gfc    96   26 -1.68060299186801E-13  3.81865018042423E-13
gfc    96   27  1.16892047739796E-12  6.37812347010732E-13
gfc    96   28  7.01374886643146E-13  6.09272387993434E-13
gfc    96   29  4.62252849413382E-13  3.36214017565921E-13
gfc    96   30 -1.14274159057379E-12 -2.01608020611442E-13
gfc    96   31 -3.81196276332577E-13 -4.93175018970449E-13
gfc    96   32 -1.37952817539247E-13 -5.20455218267426E-13
gfc    96   33  8.40414611592549E-13  7.46208020590932E-14
gfc    96   34 -7.11065761831359E-13 -5.48213012430962E-14
gfc    96   35 -4.99202591415852E-13  9.52381261537820E-13
gfc    96   36 -4.73921053284649E-13  3.46607593443734E-13
gfc    96   37  1.56452329062989E-12  1.94260684774225E-13
gfc    96   38  5.11874917429006E-13 -5.95206322207399E-13
gfc    96   39 -6.57371560704798E-15  1.57530788056976E-13
gfc    96   40 -1.58102821619291E-12 -5.22433332678193E-13
gfc    96   41 -6.86370288005276E-13 -1.48548405136102E-13
gfc    96   42 -3.90803641207054E-13 -8.92507674521494E-13
gfc    96   43  6.06643008500167E-13  2.83248294891807E-13
gfc    96   44 -3.19120298748717E-13  2.26689644725922E-13
gfc    96   45 -1.56529797680556E-13  2.76790586356976E-13
gfc    96   46 -8.87928256266150E-13 -9.92844554580702E-13
gfc    96   47  7.56426700590565E-13 -2.20823711126911E-13
gfc    96   48 -3.43105855290847E-13 -3.18204681312455E-14
gfc    96   49 -1.78594074674117E-14  9.01176869726428E-13
gfc    96   50 -1.39431144335043E-12 -1.36740044024861E-12
gfc    96   51  5.56098340929966E-13 -5.77979304658717E-13
gfc    96   52  2.70376881378450E-13 -8.12429531811663E-13
gfc    96   53  5.92037515762039E-13  9.70415553432725E-13
gfc    96   54 -7.14465699256851E-13 -6.35405696847536E-13
gfc    96   55  1.88553070689878E-13 -6.74207764182312E-13
gfc    96   56  8.79625291292341E-13 -4.34710573140723E-13
gfc    96   57  1.86506398403738E-13  7.54426821113180E-13
gfc    96   58 -3.88989337274329E-13 -6.95049161692964E-14
gfc    96   59 -6.84261373470588E-13 -1.03419610523333E-12
gfc    96   60  1.54592726187655E-12 -5.72689021319319E-13
gfc    96   61  5.36268384485612E-13  6.38652697127817E-13
gfc    96   62 -3.35986114195639E-13  7.99380680184000E-13
gfc    96   63 -4.73817470145309E-13 -1.14893418177815E-12
gfc    96   64  1.39124829195471E-12  2.40951553533749E-13
gfc    96   65 -4.33564789745632E-13  6.05816525986863E-13
gfc    96   66 -4.46554367995513E-13 -3.15728553179208E-13
gfc    96   67  6.65183179126107E-13 -1.02640511791038E-12
gfc    96   68  1.13403394480094E-12  1.24547370493057E-12
gfc    96   69 -9.05612897738178E-13  6.53063077465128E-13
gfc    96   70 -3.55356645059172E-13 -3.76250813128317E-13
gfc    96   71  8.68958588895628E-13 -7.79312325092940E-13
gfc    96   72  2.22141367730535E-13  1.94827885269684E-12
gfc    96   73 -1.47035683820547E-12 -1.48924443032349E-12
gfc    96   74  2.43449479803379E-12  8.57320245070133E-13
gfc    96   75 -2.67457395010282E-12  9.99432157176160E-13
gfc    96   76  1.08393178672953E-12 -1.66209528912342E-12
gfc    96   77  1.51447770933525E-13  1.27857338333392E-12
gfc    96   78 -4.76046307622353E-13 -1.78176253702496E-13
gfc    96   79 -5.80878647035416E-13 -1.65887629233166E-13
gfc    96   80  5.45014644892219E-13 -1.17850085411477E-13
gfc    96   81 -7.30172985570482E-13  1.43343242077265E-13
gfc    96   82  4.05781851008296E-13 -4.83273747105100E-13
gfc    96   83 -5.63477403479335E-13  2.21439158774247E-13
gfc    96   84  5.85706199592153E-13 -8.01002347371341E-13
gfc    96   85 -4.93108946435268E-13  3.25608488259315E-13
gfc    96   86  4.91605666675634E-13 -9.83255098206581E-13
gfc    96   87  3.63952063550573E-14  6.82628685308336E-13
gfc    96   88  4.05289302030404E-13 -1.05778929250528E-12
gfc    96   89  4.45902307359978E-13  9.89881893575436E-13
gfc    96   90  2.50688128235320E-13 -9.33039008660198E-13
gfc    96   91  9.89219917984105E-13  1.33950674728279E-12
gfc    96   92 -6.76803110125643E-13 -3.61279203620321E-13
gfc    96   93  1.00367430903557E-12  1.30442413725909E-12
gfc    96   94 -1.52885379875628E-12  4.77201541364755E-13
gfc    96   95  9.95937990188060E-14 -7.55942116834032E-13
gfc    96   96 -1.69769425120815E-13  4.88119691514781E-13
gfc    97    0  2.34196909291650E-13  0.00000000000000E+00
gfc    97    1  7.62976810942269E-13  3.95499008896019E-13
gfc    97    2  6.09291954367662E-13 -5.17606986571643E-13
gfc    97    3  8.88324895963221E-13  6.47461985615530E-13
gfc    97    4  4.75788495011475E-13  6.21916153138984E-13
gfc    97    5 -2.48813876917552E-13  5.34948993184761E-13
gfc    97    6 -2.30004284603632E-13  4.47894400940823E-13
gfc    97    7 -2.30474749495334E-13 -4.61768863064160E-13
gfc    97    8 -3.08063746683348E-13 -7.68199756844569E-13
gfc    97    9  6.38600784641543E-15 -2.87186010051067E-13
gfc    97   10  4.82363838883466E-13  3.93842394763086E-13
gfc    97   11 -8.52582741446775E-13 -1.83459410062544E-13
gfc    97   12 -1.31023852641997E-14  5.60130653634147E-13
gfc    97   13  1.65637504076913E-13 -1.53007805878857E-13
gfc    97   14  5.99944873927389E-14 -6.27911938468906E-13
gfc    97   15 -2.10629355451606E-14 -3.12913285862552E-13
gfc    97   16 -2.70092158462429E-13  5.21712108384532E-13
gfc    97   17 -1.73683810118586E-13  3.07813435958950E-13
gfc    97   18 -3.64864099407182E-13 -4.35344482286831E-13
gfc    97   19 -7.15312081388857E-13 -9.38558503654661E-13
gfc    97   20 -3.99377450939049E-13 -2.23815006187279E-13
gfc    97   21 -1.65644332225273E-13 -1.07537693361101E-12
gfc    97   22  1.00546571062251E-15 -1.82010108670598E-13
gfc    97   23 -7.99802548248531E-13  7.76562332609642E-14
gfc    97   24 -5.86127834365186E-13  3.44436508563735E-13
gfc    97   25 -6.05301886112604E-13 -1.82614634420458E-13
gfc    97   26  5.04228466816125E-13  2.79240978168175E-13
gfc    97   27  1.08384925461942E-12  5.36469660243334E-13
gfc    97   28  8.76047213253415E-13  4.06789139968482E-13
gfc    97   29 -3.85917052817298E-13 -4.61830368617047E-13
gfc    97   30 -4.68109465871675E-13 -5.95760247275996E-13
gfc    97   31 -2.57245530431297E-13 -8.09435832937838E-13
gfc    97   32  4.79702865302597E-13  9.67546425955735E-14
gfc    97   33  1.45244937593089E-13 -5.27308443046721E-13
gfc    97   34 -1.00773920846253E-12  3.62703261640890E-13
gfc    97   35 -8.76536434433049E-13 -5.60552015823344E-13
gfc    97   36  1.85769995859109E-13  1.68262504129200E-13
gfc    97   37  1.68843842918606E-12 -5.04015194448482E-13
gfc    97   38  7.94429367131082E-13 -2.23270583810209E-13
gfc    97   39  1.54697905000673E-15 -8.71651489865153E-13
gfc    97   40 -9.67663386150553E-13 -4.94984515903636E-13
gfc    97   41 -4.63888559814181E-14 -9.96174096794398E-13
gfc    97   42  5.07726584298782E-14  1.80058630575143E-13
gfc    97   43  5.65119580509720E-13  1.28368959621365E-13
gfc    97   44 -4.59327405179030E-13  5.82035676534844E-13
gfc    97   45 -7.43519415305900E-14 -1.04540774158115E-12
gfc    97   46  4.40625385243795E-14 -5.75267880713487E-13
gfc    97   47  1.05142442467621E-12 -8.18556053560347E-13
gfc    97   48 -1.03453668615334E-13  9.24159783739807E-13
gfc    97   49  3.85857073777281E-13 -2.44891637867598E-13
gfc    97   50 -4.23314202864092E-13 -5.71842054608645E-13
gfc    97   51  1.19144921731016E-12 -3.57662078279495E-13
gfc    97   52  1.58760519228874E-14  5.82075465157367E-13
gfc    97   53  1.37538396817783E-13  5.09477986626676E-13
gfc    97   54 -6.60302614490857E-13 -9.34327355267098E-13
gfc    97   55  1.01447077476616E-12 -4.46179318188254E-13
gfc    97   56  9.07561610711293E-13  3.00875316687176E-14
gfc    97   57  3.79529633146261E-13  1.26373538903401E-12
gfc    97   58 -4.61458167835989E-13 -2.79944716713048E-13
gfc    97   59  3.72983059173939E-13 -1.87946064911322E-13
gfc    97   60  7.95650241488836E-13  4.42881524954620E-13
gfc    97   61 -3.16933986380460E-13  7.79739923385024E-13
gfc    97   62 -3.60675123049551E-13 -2.74348903077877E-13
gfc    97   63  6.91307593338440E-13 -6.41696001973655E-13
gfc    97   64  6.45134647449856E-13  1.26417920820477E-12
gfc    97   65 -5.61205778530772E-13  4.36508499380862E-13
gfc    97   66 -4.54625669448081E-13  4.01324015652165E-13
gfc    97   67 -8.49182414841568E-14 -8.79679168239771E-13
gfc    97   68  5.73989809278652E-13  1.30205639404199E-12
gfc    97   69 -1.33213633867922E-12 -1.20681633333646E-13
gfc    97   70  5.45890466675829E-13 -5.69137005930112E-13
gfc    97   71  2.95370885537972E-13  6.14960139479393E-13
gfc    97   72 -9.40356639853273E-13  9.21200528714070E-13
gfc    97   73 -1.09391553333795E-12 -1.44800434357049E-12
gfc    97   74  1.62767398983127E-12 -1.82273427706448E-13
gfc    97   75 -1.02997349510179E-12  1.10728441738672E-12
gfc    97   76  2.49984685014113E-13 -1.19571350451793E-12
gfc    97   77 -3.06284075792180E-13  1.12154540936296E-12
gfc    97   78 -3.34337600720683E-13 -1.61653024617042E-12
gfc    97   79  9.06257946084193E-13  8.11180799630159E-13
gfc    97   80 -6.26622997024102E-13 -5.11205681776585E-13
gfc    97   81  2.15584624446898E-13  2.25163942134305E-13
gfc    97   82  7.26452285925157E-14 -6.03844085477931E-13
gfc    97   83  3.57159560699117E-13  5.42447517564902E-13
gfc    97   84 -2.19496775796516E-13 -6.73235473111789E-13
gfc    97   85  6.17908388614921E-13  6.47774476534161E-13
gfc    97   86 -2.54506251563188E-13 -5.16560396868961E-13
gfc    97   87  9.10192742241265E-13  4.63153174430863E-13
gfc    97   88 -6.08883142882489E-13 -1.02857039175833E-13
gfc    97   89  1.05945845590387E-12  5.97808132627068E-13
gfc    97   90 -9.23911477152285E-13  2.94080812476227E-13
gfc    97   91  8.90722155477501E-13  3.36340390149003E-13
gfc    97   92 -1.27755876706277E-12  8.72853325907713E-13
gfc    97   93  4.65131402016529E-13 -3.88025086283048E-13
gfc    97   94 -1.42563497661119E-12  1.00851322870463E-12
gfc    97   95 -3.14891442370838E-13 -1.46669861478534E-12
gfc    97   96  4.49415634167024E-13  2.52075104252469E-13
gfc    97   97 -3.72361901013353E-13 -3.31385342095869E-13
gfc    98    0 -1.68217735370446E-13  0.00000000000000E+00
gfc    98    1  7.48523676721475E-14 -7.95144334147290E-13
gfc    98    2 -2.18517635693156E-13 -2.52878741487087E-13
gfc    98    3 -3.49450915970888E-13  4.11089230899107E-13
gfc    98    4 -3.51608339876843E-13  3.82252616226408E-14
gfc    98    5 -9.22474572626528E-13  6.99503138007633E-13
gfc    98    6 -3.34558250185688E-13 -3.28652828663640E-13
gfc    98    7 -5.04460827894814E-13 -7.11722380355159E-14
gfc    98    8 -2.59366690329233E-13 -7.39012162343010E-13
gfc    98    9 -9.55339314135447E-13  3.90156214304308E-13
gfc    98   10 -3.97889040257168E-13 -2.41631733829285E-13
gfc    98   11 -7.17183425079645E-13 -2.13608420069981E-13
gfc    98   12 -7.91986405208093E-13 -4.03230464481192E-13
gfc    98   13 -6.61589647053361E-14 -6.73951919771393E-13
gfc    98   14  3.27015717047194E-13 -9.40787811119007E-13
gfc    98   15 -9.20912784080046E-13 -3.59089083013367E-13
gfc    98   16 -5.23259765375038E-13  1.94460273643703E-13
gfc    98   17 -3.99406422131426E-13 -3.37456225180411E-13
gfc    98   18 -3.25025616441645E-13 -1.31205394471001E-12
gfc    98   19 -5.09670488655394E-13 -1.29729898742512E-12
gfc    98   20  2.57347824454936E-13 -8.36000068642272E-13
gfc    98   21  2.14167837194350E-13 -2.55066957342546E-13
gfc    98   22 -3.40758260585386E-13 -2.95142443845291E-13
gfc    98   23 -1.14998622029049E-12 -6.52419360969352E-13
gfc    98   24 -2.03121385082049E-13 -1.42721960212636E-13
gfc    98   25  1.09678861392616E-13 -9.11605177115850E-14
gfc    98   26  9.85477977443142E-13  5.91935906821281E-13
gfc    98   27  9.02132378100877E-13  4.97205953501985E-13
gfc    98   28  5.20874004294418E-13 -1.06390697925100E-13
gfc    98   29 -4.05374575786821E-13 -9.12892519001969E-13
gfc    98   30  2.40009093453374E-13 -1.14852847315868E-12
gfc    98   31  3.31781796444920E-13 -6.53913471544339E-13
gfc    98   32  1.00914411414202E-12  2.73192064791461E-13
gfc    98   33 -1.46376933036734E-13  1.15614238813141E-13
gfc    98   34 -3.43913319568531E-13 -3.21536547338131E-13
gfc    98   35 -4.57813773251952E-13 -1.97246053465794E-13
gfc    98   36  1.05416370795761E-12  6.06641870535878E-13
gfc    98   37  1.09087398625146E-12  4.38290376590928E-14
gfc    98   38  7.89644441101920E-13  1.25925195594953E-13
gfc    98   39 -3.56526722269741E-13 -1.17489227605655E-12
gfc    98   40 -1.59294491968836E-13 -1.02160062216932E-12
gfc    98   41  1.09701089844198E-13 -7.37259415252717E-13
gfc    98   42  7.80048523908258E-13  7.42547710951128E-13
gfc    98   43  1.19742109735182E-13  5.30043164088385E-13
gfc    98   44  3.21012851688502E-13  6.35433105489660E-13
gfc    98   45 -4.04982472248617E-14 -8.26156339220595E-13
gfc    98   46  8.83655820120929E-13  1.64780160110726E-13
gfc    98   47  1.83025904957836E-13 -2.50183634469356E-14
gfc    98   48 -1.13903411326038E-13  1.32538974981644E-12
gfc    98   49 -9.74358114518097E-14 -8.95508958317615E-13
gfc    98   50  4.65002644118899E-13  5.15147608789558E-14
gfc    98   51  9.65911211600969E-13 -8.68471245707346E-14
gfc    98   52  9.55517085133611E-14  1.63016459487503E-12
gfc    98   53 -5.13441190485419E-13 -4.15259525102107E-14
gfc    98   54 -1.22860319920839E-13  1.90783269151937E-13
gfc    98   55  4.63353089919989E-13 -2.24702616156128E-13
gfc    98   56  2.27315423966694E-13  1.06254291958207E-12
gfc    98   57 -9.38543574984843E-13  5.75644159353348E-13
gfc    98   58 -1.82974775773439E-13 -5.41413353597151E-13
gfc    98   59  2.31668682576056E-13 -1.60521088931193E-13
gfc    98   60  9.46778868456045E-13  8.01181035581003E-13
gfc    98   61 -1.01260493540124E-12  9.42109754725837E-13
gfc    98   62 -4.16066358019931E-13 -2.84988149562812E-13
gfc    98   63 -2.87656916229096E-13 -4.04984202527800E-13
gfc    98   64  4.79365214994015E-13  6.55852342040646E-13
gfc    98   65 -1.22399016414687E-12  1.37851640568046E-13
gfc    98   66  5.74094384698136E-14 -6.60837654177217E-13
gfc    98   67  4.91915840984051E-13 -1.02987921185211E-13
gfc    98   68 -1.97337778208153E-13  1.40887215133488E-12
gfc    98   69 -1.61405199768974E-12 -8.36349989771564E-13
gfc    98   70  5.32003108297256E-13 -6.08283828871297E-13
gfc    98   71  3.49424830959319E-13 -1.13784753339075E-13
gfc    98   72 -4.48448961619613E-13  7.73620596217114E-13
gfc    98   73 -7.40701789097022E-13 -1.39918808652873E-12
gfc    98   74  1.48631738835554E-12  4.81321013898035E-13
gfc    98   75 -1.66008058477122E-12  5.21687873121873E-13
gfc    98   76  5.71077614382701E-13 -2.25244748893022E-12
gfc    98   77  1.32527627818881E-12  1.61526262005035E-12
gfc    98   78 -1.53942338514776E-12 -4.12970298797055E-13
gfc    98   79  1.18786304338161E-12 -6.04747242213118E-13
gfc    98   80 -2.80501818929284E-13  2.45085530240349E-13
gfc    98   81  7.06460940284490E-13 -1.35043345118813E-14
gfc    98   82 -5.79140618322476E-13  1.90641983053313E-13
gfc    98   83  8.79507196314251E-13 -1.20244388392815E-13
gfc    98   84 -3.72311873811501E-13  4.27623799655056E-13
gfc    98   85  6.09693547008284E-13 -1.26289901504457E-13
gfc    98   86 -6.55866819581304E-13  6.11224553025893E-13
gfc    98   87  4.98082082573691E-13 -1.57700126418589E-13
gfc    98   88 -6.79047441605954E-13  8.01993124601998E-13
gfc    98   89  7.79093975666149E-14 -5.60348210599850E-13
gfc    98   90 -6.17235694346757E-13  9.91184900990202E-13
gfc    98   91 -1.74584090041611E-13 -9.68082323430987E-13
gfc    98   92 -3.43146419256777E-13  8.12945559603381E-13
gfc    98   93 -5.77340080606301E-13 -1.38727020973698E-12
gfc    98   94  4.39517510620646E-13  4.73469850620554E-13
gfc    98   95 -8.46747231047780E-13 -1.25471063681792E-12
gfc    98   96  1.66836889970409E-12 -3.07153721118286E-13
gfc    98   97 -3.43913384755189E-13  5.54480964794988E-13
gfc    98   98  1.74742003754903E-13 -4.42258348012969E-13
gfc    99    0 -8.08337360906262E-14  0.00000000000000E+00
gfc    99    1  4.01603489968220E-13  4.12674136598258E-14
gfc    99    2 -5.70628238407073E-13  1.30295183729294E-13
gfc    99    3  7.37876222872392E-13  8.21144321201301E-14
gfc    99    4 -5.86969270224673E-13 -3.10040060624408E-14
gfc    99    5  6.48301421844088E-13 -3.00723308162233E-13
gfc    99    6  1.50328566896447E-13 -5.25448711552025E-13
gfc    99    7  2.41773026546337E-13 -3.28588213576993E-13
gfc    99    8 -2.02949325585100E-13 -2.65196564736090E-13
gfc    99    9 -6.07249537722876E-13 -3.25548706766048E-13
gfc    99   10 -2.44446248706439E-13  2.73104885947904E-13
gfc    99   11  8.21517728788235E-14 -8.89759656871929E-13
gfc    99   12 -3.25627034213725E-13 -5.95832264166195E-13
gfc    99   13  1.07419610149378E-12  3.13153292709692E-13
gfc    99   14  1.45505847555137E-13 -5.08780144101781E-13
gfc    99   15 -4.72706882519004E-13  1.69085697860394E-13
gfc    99   16 -6.56404466535886E-13  1.62933649989290E-13
gfc    99   17 -2.04302975343551E-15 -5.42555594948330E-13
gfc    99   18 -3.20594470458995E-13 -1.35108763922971E-12
gfc    99   19  1.37821527742396E-13 -7.58487343584935E-13
gfc    99   20 -3.11183842332728E-13 -2.27286785569323E-13
gfc    99   21 -6.14551515106791E-14 -2.60779431038456E-13
gfc    99   22 -9.10230282517546E-14 -1.18879783739203E-12
gfc    99   23 -7.21821614610814E-13 -4.84691798359392E-13
gfc    99   24  2.63640527980600E-13 -1.27376591178360E-13
gfc    99   25  7.07987257609526E-13  6.31289125682797E-13
gfc    99   26  1.20936167956050E-12  7.44941810296029E-13
gfc    99   27  8.34374904491319E-13  8.74444905310473E-13
gfc    99   28  4.25777479970029E-13 -5.58341077341388E-13
gfc    99   29  1.72538342347105E-15 -5.25356681366309E-13
gfc    99   30  4.51037549808307E-13 -9.50609007917227E-13
gfc    99   31  3.97307938537754E-13  6.09912004403779E-13
gfc    99   32  2.86122606132759E-13  1.08341057882045E-13
gfc    99   33 -4.23273800495237E-13  1.51932975681517E-13
gfc    99   34 -2.80766378516561E-13 -5.26786943094041E-13
gfc    99   35  8.47830095979684E-14  3.60361753157738E-13
gfc    99   36  1.10335036370911E-12  4.65362765387462E-13
gfc    99   37  6.73085392009373E-13  1.42653264170452E-12
gfc    99   38  6.07222579991615E-13 -3.20175261986578E-13
gfc    99   39 -2.48991362147799E-13 -4.51174822134577E-13
gfc    99   40  2.97013859244807E-14 -9.80056018893897E-13
gfc    99   41 -3.98261542145933E-13  5.17985293627399E-13
gfc    99   42 -7.86635845767934E-14  7.13153159125579E-13
gfc    99   43 -7.11455520615076E-13  1.05009480886391E-12
gfc    99   44  4.16529960234673E-13 -5.12158005048186E-13
gfc    99   45  7.68137495175225E-14 -1.66286949141783E-13
gfc    99   46  9.12684406657079E-13 -6.75766856047201E-14
gfc    99   47 -7.00428819701356E-13  1.17044829856810E-12
gfc    99   48 -7.58716401182842E-14  3.78568845144627E-13
gfc    99   49 -7.03583931637389E-13 -1.59759008484591E-13
gfc    99   50  7.81468325190455E-13 -2.01935283869134E-13
gfc    99   51 -3.79903677414802E-13  8.35570506522581E-13
gfc    99   52 -4.09833946217319E-13  4.08938266745268E-13
gfc    99   53 -9.03928246219287E-13 -3.30799031468112E-13
gfc    99   54  4.26954945479294E-13 -4.48115727750638E-13
gfc    99   55  3.14935680555554E-13  5.60924094451295E-13
gfc    99   56 -6.13467748963595E-13  7.26999346416293E-13
gfc    99   57 -9.35875756798399E-13  2.31507303938068E-13
gfc    99   58 -3.85908947828174E-13 -8.73659633998435E-13
gfc    99   59  1.51828737621306E-13  1.24197975167361E-13
gfc    99   60  3.85730558464816E-15  4.06031243410955E-13
gfc    99   61 -1.24895987749587E-12 -3.35587222748768E-13
gfc    99   62  4.06885417741876E-13 -1.20081524847805E-12
gfc    99   63  3.00621374195152E-13  4.12397535904825E-13
gfc    99   64 -1.17256492230940E-13  7.14662466564178E-13
gfc    99   65 -1.67840669584320E-12 -7.70115372020226E-13
gfc    99   66  1.06066203352497E-12 -1.00497968922126E-12
gfc    99   67 -3.21375600208385E-13  2.00143723351430E-13
gfc    99   68  4.93499368574369E-13  1.04807766460174E-13
gfc    99   69 -8.93032662986489E-13 -6.82805728402466E-13
gfc    99   70  1.61626730681669E-12 -4.39248030929335E-13
gfc    99   71 -5.05326453496834E-13  7.85839569232773E-13
gfc    99   72 -5.76178938538618E-13 -2.02880752700420E-13
gfc    99   73  1.68891079216091E-13 -1.32784935233400E-12
gfc    99   74  1.72992816341159E-12  9.45271668442370E-13
gfc    99   75 -1.49602712775652E-12  3.50524837575708E-13
gfc    99   76  9.96854805092622E-13 -8.25680499376077E-13
gfc    99   77 -7.74999659847775E-14  8.80010459647042E-13
gfc    99   78 -3.88415393304766E-13 -8.22407313158260E-13
gfc    99   79  1.30559173516630E-12  2.96811854512664E-13
gfc    99   80 -9.28001054047494E-13  1.22607670373273E-12
gfc    99   81  2.10318298574246E-13 -1.26608275936010E-12
gfc    99   82  2.42316602403344E-13  9.41072434288197E-13
gfc    99   83 -2.44348149508290E-13 -4.12227004232006E-13
gfc    99   84  1.48381721433849E-13  6.65668795726130E-13
gfc    99   85 -3.21727052563056E-13 -4.13752966387883E-13
gfc    99   86  3.12982375010055E-14  7.52967912026710E-13
gfc    99   87 -4.82593358550436E-13 -4.86333886652242E-13
gfc    99   88  2.15326803138606E-13  5.05003289853392E-13
gfc    99   89 -8.50631547433541E-13 -7.61282945571937E-13
gfc    99   90  5.36971743395963E-13  2.58085670450362E-13
gfc    99   91 -9.32295201629221E-13 -7.29970930102306E-13
gfc    99   92  8.58303362727224E-13 -9.26919305727000E-14
gfc    99   93 -9.99629766767380E-13 -4.14121062651638E-13
gfc    99   94  1.36717941785756E-12 -4.98042799695455E-13
gfc    99   95 -5.50539200343667E-13  1.25173224391007E-13
gfc    99   96  1.33999903605081E-12 -7.36383439392804E-13
gfc    99   97  3.57299622139990E-13  1.58661251971859E-12
gfc    99   98 -2.71814967882413E-13 -1.53753018696530E-13
gfc    99   99  3.36824511173851E-13  3.38240576812873E-13
gfc   100    0  6.45899585955777E-13  0.00000000000000E+00
gfc   100    1 -5.86095529805128E-13 -6.61413873353981E-13
gfc   100    2  8.44300438417775E-14  5.76547413543614E-14
gfc   100    3 -4.51784311017110E-13 -6.14696983881933E-13
gfc   100    4 -3.64875000782808E-13 -3.98704844956752E-13
gfc   100    5  4.88508672009590E-13 -1.26576494053606E-13
gfc   100    6  2.84424102824154E-13 -5.47808401996408E-13
gfc   100    7 -2.83645573298216E-13  1.25890872191237E-13
gfc   100    8 -1.02164515375846E-13  9.13420599504992E-15
gfc   100    9 -1.19608427375017E-12 -2.10696096780224E-13
gfc   100   10 -5.08059773935091E-13  8.21932463476155E-14
gfc   100   11  8.76024871644242E-13 -1.23751445656913E-12
gfc   100   12 -5.19381950108499E-13 -3.09701904123402E-13
gfc   100   13  8.19728923956433E-13  1.12546761541576E-13
gfc   100   14  2.00212909541109E-13 -1.48977031617907E-13
gfc   100   15 -7.25253357042277E-13  1.83133053557584E-13
gfc   100   16 -1.75131186874934E-13  1.18163052626263E-13
gfc   100   17  1.63459572952482E-13 -4.49420694712154E-13
gfc   100   18  7.86357011327603E-14 -5.55473508995442E-13
gfc   100   19 -2.29444086200879E-14 -3.88630408036560E-13
gfc   100   20 -6.58270141196863E-13  2.51569156161069E-13
gfc   100   21  3.41051542841017E-13  4.76030157820287E-13
gfc   100   22 -9.27096165036401E-13 -8.10672926451012E-13
gfc   100   23 -8.08078730254138E-13 -5.01677609745315E-13
gfc   100   24  5.72572531305739E-15  2.86686949564383E-13
gfc   100   25  8.64670997807931E-13  9.69794829475891E-13
gfc   100   26  5.94293469554861E-13  1.00165850160817E-12
gfc   100   27  6.41142118502040E-13  1.62077478857435E-13
gfc   100   28  6.58590701516985E-14 -8.05094097608425E-13
gfc   100   29  3.74263914120849E-13 -4.92829621415700E-13
gfc   100   30  2.61920890323792E-13 -7.95545085331669E-14
gfc   100   31  2.27527971592802E-13  6.96921697535731E-13
gfc   100   32 -6.94050068629348E-13  2.34323527358925E-13
gfc   100   33 -7.96579401766570E-13  1.86204538638324E-13
gfc   100   34 -3.73207082277561E-13 -5.27342389395982E-13
gfc   100   35  1.91682659253468E-13  5.56571345871006E-13
gfc   100   36 -1.56031873571561E-14  8.80467109886129E-13
gfc   100   37  1.13251254287630E-13  5.87350375080681E-13
gfc   100   38 -5.56944525324149E-14 -5.85937568144423E-13
gfc   100   39  4.33033454543291E-13 -1.00272520252920E-12
gfc   100   40 -2.76037053912023E-13 -7.24701170318124E-13
gfc   100   41 -3.10004719563371E-13  7.20326129258249E-13
gfc   100   42 -1.18318906140759E-12  8.08581521151937E-13
gfc   100   43 -3.55835329527222E-13  7.59806538440507E-13
gfc   100   44 -2.06002974128189E-13 -8.02643189155235E-13
gfc   100   45  4.12437650989718E-13 -7.89398281315599E-14
gfc   100   46 -3.85521412193759E-13 -2.67546552836204E-13
gfc   100   47 -7.52091631552735E-13  6.64508469287167E-13
gfc   100   48 -5.34387519960800E-13 -8.68736643225194E-13
gfc   100   49  2.46397921091507E-13 -2.28735145066097E-13
gfc   100   50  5.71078163952599E-13 -2.87366495340159E-13
gfc   100   51 -4.95304551592069E-13  9.30143935972306E-13
gfc   100   52 -6.89842858919306E-13 -4.03800897104858E-13
gfc   100   53 -5.56863740236059E-13 -6.71777409677330E-13
gfc   100   54  3.96847179280271E-13 -7.45672242742706E-13
gfc   100   55 -2.44258636296615E-14  6.10207286497905E-13
gfc   100   56 -6.66093233966462E-13 -4.00809674919518E-13
gfc   100   57  3.62800243647608E-15 -3.00877200056920E-13
gfc   100   58  2.83289292825044E-13 -1.26207746845704E-12
gfc   100   59  6.56819718120681E-13  9.50763753768005E-13
gfc   100   60 -5.01724410130221E-13 -2.01718570510187E-13
gfc   100   61 -3.71973017515390E-13 -6.63665335663497E-14
gfc   100   62  2.47447600810683E-13 -1.37744872213423E-12
gfc   100   63  6.61346096403453E-13  6.96638599721922E-13
gfc   100   64 -1.38488410616183E-13 -3.60590079671787E-13
gfc   100   65 -2.18592352825624E-13 -8.58321798524875E-14
gfc   100   66  9.61164546333869E-13 -6.68167099960083E-13
gfc   100   67  9.34245343565875E-14  9.27711959891815E-13
gfc   100   68 -2.81560104262739E-13  1.41948856960109E-13
gfc   100   69 -5.60440752766479E-13 -8.97147375974216E-13
gfc   100   70  2.05733987660114E-12 -4.55360422382773E-13
gfc   100   71 -6.67201675482569E-13  1.31276299740478E-12
gfc   100   72  4.00137302218121E-14 -4.09185106363586E-13
gfc   100   73 -4.49885681593991E-14  9.33174288595096E-14
gfc   100   74  1.10000168999625E-12  3.31813965389716E-13
gfc   100   75 -1.58082411028296E-12  5.56130476089794E-13
gfc   100   76  1.43425812217164E-12 -1.46101634456344E-12
gfc   100   77  1.94861938496793E-13  2.17539104949450E-12
gfc   100   78 -1.31434048250885E-12 -4.63742177928499E-13
gfc   100   79  5.97777572969381E-13 -3.82308878602318E-13
gfc   100   80  2.28081489242781E-13  7.08671268512977E-13
gfc   100   81 -6.20586160759829E-13 -9.10372293289126E-14
gfc   100   82  1.74330510616540E-13  2.27986250253010E-13
gfc   100   83 -6.68979903672466E-13 -3.91702002133954E-13
gfc   100   84  5.88131631701312E-13  7.14900257853475E-14
gfc   100   85 -9.41213807712041E-13  1.01286440864948E-13
gfc   100   86  4.92730380205343E-13 -2.29704572718978E-13
gfc   100   87 -5.99071927674424E-13 -1.57008506075641E-13
gfc   100   88  5.12704292112893E-13 -4.47021136603899E-13
gfc   100   89 -5.02667271082992E-13  1.48323914284496E-13
gfc   100   90  7.86036057654619E-13 -6.86143564977230E-13
gfc   100   91 -3.12130556877182E-13  4.58444844567275E-13
gfc   100   92  5.79749802625367E-13 -8.23677076867955E-13
gfc   100   93  1.05996095488523E-13  9.09161630729612E-13
gfc   100   94  4.92271768441508E-13 -9.34650917472174E-13
gfc   100   95  3.71328105811348E-13  1.39614816748641E-12
gfc   100   96 -1.92459635757918E-13 -5.67879920380996E-13
gfc   100   97  6.91220907849463E-13  1.36516187269596E-12
gfc   100   98 -1.52585688460111E-12  2.02223194815363E-13
gfc   100   99  2.39451302981910E-13 -4.19794225403573E-13
gfc   100  100 -4.04567356197664E-13  3.92243068333298E-13
gfc   101    0  6.66058657584900E-14  0.00000000000000E+00
gfc   101    1 -4.33496400104437E-13  8.37360267857123E-13
gfc   101    2 -1.21200094527848E-16  4.19633317362926E-13
gfc   101    3  8.55490958292798E-14 -1.73019066160498E-13
gfc   101    4  3.61701824239655E-13  3.80728968788301E-13
gfc   101    5  1.08468276762951E-12  3.96674326622896E-14
gfc   101    6  3.50065108150324E-13  2.30435986999068E-13
gfc   101    7 -2.47815103147863E-13  8.00208045359247E-13
gfc   101    8 -8.34893385609745E-14  4.64391361268175E-13
gfc   101    9 -1.32201405538491E-12 -3.42763333733848E-13
gfc   101   10  1.30781042513965E-13  6.28362176336875E-13
gfc   101   11  1.88084472578826E-13 -5.76563247199472E-13
gfc   101   12 -3.36320561877609E-13  6.48660277056040E-14
gfc   101   13 -2.07351190412182E-14  8.58255149274200E-13
gfc   101   14 -4.16563754159648E-13  3.41838333366876E-13
gfc   101   15 -9.56882982437529E-13 -1.74912386763942E-13
gfc   101   16 -4.41449204353812E-13  2.96354575627996E-14
gfc   101   17 -1.59587930250376E-13 -5.53499096886621E-13
gfc   101   18 -1.04953213389811E-13 -3.83633231726354E-14
gfc   101   19 -5.69399674570320E-13 -1.77113831479646E-13
gfc   101   20 -1.05365208768362E-12  7.86401653169730E-13
gfc   101   21 -3.31690649843379E-13 -4.31523073267706E-13
gfc   101   22 -3.97443750032265E-13 -7.94023990063516E-13
gfc   101   23 -4.19164177401648E-13 -1.38317641777014E-13
gfc   101   24 -1.37688199259189E-13  1.27440218568012E-12
gfc   101   25  2.33430155720603E-13  7.35077622496153E-13
gfc   101   26  3.44554204544929E-13  6.30579812640231E-13
gfc   101   27  9.79467318469157E-14 -1.10395868022236E-12
gfc   101   28 -2.37232730981838E-13 -7.96245158540296E-13
gfc   101   29  2.87199817597886E-13 -6.83526909011684E-13
gfc   101   30 -8.60869641781595E-15  2.88753339212196E-13
gfc   101   31 -2.95272745290255E-13 -2.13157016354090E-13
gfc   101   32 -1.19623042146845E-12 -1.37327012095182E-13
gfc   101   33 -2.66824300822806E-13 -6.73523591186606E-13
gfc   101   34 -1.45301817264365E-13  1.26073877073475E-13
gfc   101   35  3.79140819772330E-13  2.24479328911587E-13
gfc   101   36 -5.55556542909044E-13  7.10315095709366E-13
gfc   101   37  5.49841225006798E-14 -4.88837328039402E-15
gfc   101   38 -3.88800575329190E-14 -8.58583164500406E-13
gfc   101   39  7.14393300626811E-13 -1.45964759539702E-12
gfc   101   40 -7.24235876396596E-13 -3.29990113719067E-13
gfc   101   41 -6.38787382733730E-13 -1.90846365744737E-13
gfc   101   42 -1.26119933663387E-12  5.03975650649813E-13
gfc   101   43  6.41521797124576E-13 -4.94986539614489E-13
gfc   101   44  2.39986568069412E-13 -2.85836447668495E-13
gfc   101   45  1.08206529674531E-12 -1.56576450622332E-13
gfc   101   46 -7.81674471366122E-13  2.79964515295951E-13
gfc   101   47 -2.23389389639166E-13 -1.62587046628210E-13
gfc   101   48 -6.41670392359418E-13 -8.47501530349185E-13
gfc   101   49  1.06510561518505E-12 -5.11512400021015E-13
gfc   101   50 -7.09563877306973E-14  1.19890991541722E-13
gfc   101   51  1.72584223367188E-14  1.08132917208871E-13
gfc   101   52 -4.25285228556948E-13 -6.40162678684949E-13
gfc   101   53  8.96071595012604E-13 -9.18073251424371E-13
gfc   101   54  2.25512963090203E-13  4.50785530435146E-13
gfc   101   55  3.41474320633515E-13  3.07928362121830E-13
gfc   101   56 -1.02842166764668E-12  6.55742728269044E-14
gfc   101   57  8.23186176019919E-13 -1.05705274724061E-12
gfc   101   58  3.70381645121415E-13  8.84115595417284E-15
gfc   101   59  7.54145683481701E-13  3.41878424761591E-13
gfc   101   60 -5.66848218748465E-13  4.55278945816309E-14
gfc   101   61  5.43171478784920E-13 -4.09830755918898E-13
gfc   101   62  7.15920204539831E-13 -1.27590754744196E-13
gfc   101   63  4.73423089629319E-13  1.44313586152808E-12
gfc   101   64 -1.17130166262483E-12 -1.27340463544114E-13
gfc   101   65  1.08617862340733E-13 -4.96939013300454E-13
gfc   101   66  1.10097081331546E-12 -2.86324356597316E-13
gfc   101   67  2.31533480569296E-14  1.57924758409898E-12
gfc   101   68 -5.11189696682581E-13 -5.49270568804661E-13
gfc   101   69  3.97553742408880E-13  3.24306712102712E-13
gfc   101   70  3.67837469955089E-13  1.80301569016080E-13
gfc   101   71 -8.95402759369024E-13  1.20015756099998E-12
gfc   101   72 -4.62247868449329E-13 -1.27137743981193E-12
gfc   101   73  9.10986363935453E-13  2.89465793658091E-13
gfc   101   74  3.07114503697163E-13  7.10959742252580E-13
gfc   101   75 -1.66404997400529E-12  6.19759300192862E-13
gfc   101   76  7.81711488736593E-13 -1.69598215212845E-12
gfc   101   77 -1.79636519087968E-13  2.10283492979393E-12
gfc   101   78 -9.57733910135793E-13 -1.86733761455876E-12
gfc   101   79  1.59407501104780E-12  9.43502061432497E-13
gfc   101   80 -1.53925917921964E-12  2.50719454547154E-13
gfc   101   81  3.28892898968421E-14 -8.56703783044595E-13
gfc   101   82  6.97022793508454E-13  1.18672321356841E-13
gfc   101   83 -6.28529271232389E-13  5.00724046187705E-13
gfc   101   84  1.98560978967984E-13 -8.90473406924429E-13
gfc   101   85  4.89849887687566E-15  4.93999495277648E-13
gfc   101   86  5.61034892676651E-15 -7.00504537897522E-13
gfc   101   87  1.58674810015816E-13  5.11415271620602E-13
gfc   101   88  6.16296274193251E-14 -7.01327122417054E-13
gfc   101   89  3.62526310623993E-13  6.27914699378399E-13
gfc   101   90 -1.37392957903324E-13 -6.61359471386078E-13
gfc   101   91  7.15801661970923E-13  7.68636159992511E-13
gfc   101   92 -3.69717831883308E-13 -4.65643756420720E-13
gfc   101   93  8.26330410007662E-13  7.47336557841033E-13
gfc   101   94 -8.06322282807559E-13 -1.82211711035763E-14
gfc   101   95  8.08149663912768E-13  7.11013484882418E-13
gfc   101   96 -1.48491497776070E-12  3.96149563316979E-13
gfc   101   97  4.61793773874339E-13 -1.15455788460022E-13
gfc   101   98 -1.54346196825475E-12  5.57010038485712E-13
gfc   101   99 -1.11892389757216E-13 -1.39756875321313E-12
gfc   101  100  4.35995931674687E-13  2.13642723772152E-14
gfc   101  101 -2.04888809434679E-13 -5.08921941195295E-13
gfc   102    0  3.88374958949025E-14  0.00000000000000E+00
gfc   102    1 -6.90192814024704E-13  1.68544640443836E-13
gfc   102    2  1.79057527391124E-13 -6.09459124069222E-13
gfc   102    3 -4.82288196261917E-13 -2.35609649074886E-13
gfc   102    4  8.23727651986050E-15 -5.17276610501127E-13
gfc   102    5  4.86617893347838E-13  2.20397777215397E-13
gfc   102    6 -4.53024574970766E-13 -3.45972366820483E-13
gfc   102    7 -7.12176282152097E-13  6.77048675498796E-13
gfc   102    8 -4.06639261613362E-13 -3.05847717105230E-13
gfc   102    9 -1.01180036248501E-12 -1.27426465874065E-13
gfc   102   10 -2.12120600971705E-13 -2.13748149871641E-13
gfc   102   11  1.95778666955041E-13 -5.26524748174791E-13
gfc   102   12 -6.02358765038312E-13 -2.42901917093113E-13
gfc   102   13 -8.14601589385164E-13  3.50794729085532E-13
gfc   102   14 -2.89605246629729E-13 -2.71725108549333E-13
gfc   102   15 -6.93965354370395E-13 -1.87628069426646E-13
gfc   102   16  5.12342267436330E-14 -4.77300207180788E-13
gfc   102   17 -4.51849405972030E-13  1.47395667758863E-13
gfc   102   18 -8.94835165790802E-14 -2.94926321059540E-13
gfc   102   19 -1.45158095894604E-12 -2.48027083933615E-14
gfc   102   20 -7.12008717930219E-13  3.81366174624397E-14
gfc   102   21 -4.16422965930453E-14 -4.32302852922786E-13
gfc   102   22 -3.70951713821098E-13 -8.47996024826069E-13
gfc   102   23 -7.47082401910224E-13 -2.92752041475732E-13
gfc   102   24  8.04128613626183E-15  6.37484196189560E-13
gfc   102   25  3.44817411737787E-13  7.02430212903835E-13
gfc   102   26  8.30440109635287E-13 -1.54661932212104E-13
gfc   102   27  2.96578635798892E-13 -1.24363273680989E-12
gfc   102   28  4.12380929436741E-13 -8.83954017624518E-13
gfc   102   29 -3.46640047478318E-14 -1.59873802358411E-13
gfc   102   30  2.18346527474488E-13  1.35288067761593E-13
gfc   102   31 -7.91995207168215E-13 -5.52819334405935E-13
gfc   102   32 -5.14756407617236E-13 -8.38895025257177E-13
gfc   102   33 -4.22470258557782E-13 -2.43898216846983E-13
gfc   102   34  6.95822406256108E-13  4.72555314690917E-14
gfc   102   35  2.98508942521264E-14  2.22023670358004E-13
gfc   102   36 -1.84676599511642E-14  1.64114178226248E-13
gfc   102   37 -5.55301439787339E-14 -6.58107086263914E-13
gfc   102   38  1.22670369718402E-12 -5.30611136051519E-13
gfc   102   39  7.65069150049875E-13 -9.54005291918552E-13
gfc   102   40 -1.91362834001418E-13 -1.11635563799635E-13
gfc   102   41 -1.33638728566221E-12 -1.65933649924458E-13
gfc   102   42 -3.50341660468593E-13  3.98913301499000E-13
gfc   102   43  4.39943500756550E-13 -4.95332272316322E-13
gfc   102   44  1.15462353109226E-12  2.57919496791111E-13
gfc   102   45  5.72303523380683E-13 -4.01872758339382E-13
gfc   102   46 -1.39439536590603E-13  1.71791477432238E-13
gfc   102   47  1.38417411088752E-14 -5.78011009637998E-13
gfc   102   48  6.31726110896646E-13 -2.22149809037916E-14
gfc   102   49  7.83013217381158E-13  1.16360971565569E-13
gfc   102   50  7.07699561784685E-14  8.39036622506755E-13
gfc   102   51 -5.91783840049088E-13 -1.55995478025707E-13
gfc   102   52  3.40102109172612E-13 -3.64099304939013E-13
gfc   102   53  5.52000046971547E-13 -4.13086828273334E-13
gfc   102   54  4.59624212393084E-13  1.18216107014976E-12
gfc   102   55 -1.97931833192085E-13 -4.20518307275077E-14
gfc   102   56 -3.55830262766278E-13  2.55008647625805E-13
gfc   102   57  7.90134714227969E-13 -5.23501348141228E-13
gfc   102   58  1.11748687989689E-13  1.15780030004247E-12
gfc   102   59 -5.71518169257889E-15  2.60015013149872E-13
gfc   102   60 -1.04999383484364E-12  3.23866308024854E-13
gfc   102   61  6.64365415879080E-13 -9.13305852519055E-13
gfc   102   62  2.00916034313431E-14  7.50599221782464E-13
gfc   102   63  9.34202055193558E-14  5.31071996672356E-13
gfc   102   64 -8.97681612962579E-13  7.61529459110696E-14
gfc   102   65  5.61285131774224E-13 -2.69551165307841E-13
gfc   102   66 -1.42051489237296E-13  7.38493228019225E-13
gfc   102   67 -6.90289518199834E-13  5.19889642335860E-13
gfc   102   68 -4.35305093782125E-13 -7.55964758991087E-13
gfc   102   69  4.05584105528620E-13 -8.98217340782352E-14
gfc   102   70  3.02495922719874E-13  2.71595863537523E-13
gfc   102   71 -1.04533078151305E-12  1.06539009069139E-12
gfc   102   72 -5.32652531387619E-13 -1.27833079537403E-12
gfc   102   73  6.78704068937865E-13  6.98410275678791E-13
gfc   102   74 -8.07136294926466E-13 -4.32939491384716E-13
gfc   102   75 -2.49398835028800E-13 -1.82377604117617E-13
gfc   102   76  4.04662987168806E-13 -8.70391990173222E-13
gfc   102   77  2.92945100217236E-13  1.58669092512892E-12
gfc   102   78 -1.74577772477034E-12 -1.39119361029464E-12
gfc   102   79  1.76170293004587E-12 -3.57013246683659E-13
gfc   102   80 -7.13422088565776E-13  4.77108034295119E-13
gfc   102   81  6.34362115746462E-13 -3.45994170701749E-13
gfc   102   82 -5.10119984342575E-13  1.15303777925136E-13
gfc   102   83  4.56238224233694E-13 -3.93751745394867E-13
gfc   102   84  1.75986051303023E-13  4.91924809800061E-14
gfc   102   85  3.63690808653278E-13  3.66929769196503E-13
gfc   102   86 -4.57626541948753E-13 -1.90389631006021E-13
gfc   102   87  7.06574009085057E-13  2.54196035112806E-13
gfc   102   88 -5.35077027992574E-13  5.61377434960579E-14
gfc   102   89  5.75714089600798E-13  6.76309821004392E-14
gfc   102   90 -6.23964649193910E-13  3.75431326619006E-13
gfc   102   91  5.77084740195679E-13 -1.11641223053694E-13
gfc   102   92 -7.10178773360621E-13  5.98561171713253E-13
gfc   102   93  3.03147683664145E-13 -3.81475566790596E-13
gfc   102   94 -7.01386788543561E-13  7.78101533940675E-13
gfc   102   95  8.06081038798622E-14 -9.01255568840645E-13
gfc   102   96 -6.07835731595941E-13  7.57238463757718E-13
gfc   102   97 -2.23689403893418E-13 -1.35107318745560E-12
gfc   102   98  2.83746459707853E-13  5.68782540199323E-13
gfc   102   99 -4.59187031668218E-13 -1.42461041432559E-12
gfc   102  100  1.40119153920421E-12  1.10591599777030E-13
gfc   102  101 -2.22577871605497E-13  4.58504529506923E-13
gfc   102  102  4.77714033319551E-13 -1.99186158276813E-13
gfc   103    0 -6.41352917772676E-13  0.00000000000000E+00
gfc   103    1 -1.33824121261786E-13  1.75656215027494E-13
gfc   103    2 -4.26815678197283E-13  3.03728443167533E-13
gfc   103    3  5.67734130367156E-14 -6.44180192439773E-14
gfc   103    4  3.23762333620470E-14  3.91602097449099E-13
gfc   103    5  1.05811404016864E-13  5.14089564401541E-15
gfc   103    6 -2.94700274512011E-13  3.59183457368083E-14
gfc   103    7 -2.93486994749534E-13 -1.36277576199641E-14
gfc   103    8 -2.88030012127483E-13 -1.59207778453992E-14
gfc   103    9 -2.45722690548512E-13 -4.32640661966384E-13
gfc   103   10  6.48155602032335E-14  2.44563233190614E-14
gfc   103   11 -1.41968977684688E-13  3.01436001958680E-13
gfc   103   12 -7.72638579066043E-13 -4.56466351365881E-13
gfc   103   13 -6.72249307144007E-13  3.21578618731869E-13
gfc   103   14 -2.60488501037944E-13 -3.10904294214723E-13
gfc   103   15 -6.88916397972509E-15 -4.65149473850150E-13
gfc   103   16 -1.70021129821666E-13 -3.52166896088447E-13
gfc   103   17 -9.75366350141363E-14  4.68280337770778E-13
gfc   103   18 -1.73245010417961E-13 -1.16282663359464E-13
gfc   103   19 -9.85764314480707E-13 -5.91985825421823E-14
gfc   103   20 -5.72706379149525E-13  3.27062636649535E-14
gfc   103   21 -1.40078540772031E-13 -4.13763651440145E-13
gfc   103   22  1.49007226421052E-13 -7.34544448471181E-13
gfc   103   23 -3.74274192184001E-13  2.50413623434737E-13
gfc   103   24 -4.71776767469349E-13  9.56623902838510E-13
gfc   103   25  1.06712294859637E-13  3.09675670921114E-13
gfc   103   26  1.11835683013981E-12 -8.32041413877297E-13
gfc   103   27  5.59172300516921E-13 -1.09354807863331E-12
gfc   103   28  8.57017730853326E-13 -5.84360285834568E-13
gfc   103   29  2.90096346998004E-14  1.54362142639420E-13
gfc   103   30  2.07459121193673E-13 -8.66726798945068E-16
gfc   103   31 -4.93306552435102E-13 -5.89188824031839E-13
gfc   103   32 -9.70061689823899E-14 -7.20125843049271E-13
gfc   103   33  1.89458889183317E-13  3.93214358939441E-13
gfc   103   34  5.41495689792378E-13  8.56147001524782E-13
gfc   103   35 -1.91523873999617E-13  4.81400494342492E-13
gfc   103   36 -1.26809929073564E-13 -3.41797807826624E-13
gfc   103   37  3.21865830686849E-13  1.06322816373217E-13
gfc   103   38  1.41179845773031E-12 -4.09861755415359E-13
gfc   103   39  5.39072283970662E-13 -2.64054941159527E-13
gfc   103   40 -1.67887427223689E-13 -3.12446425043436E-13
gfc   103   41 -1.32219876357183E-12  6.47002747019325E-15
gfc   103   42  2.87914581245263E-13  3.61434305269336E-13
gfc   103   43  4.52844011571149E-13  7.62618842739573E-13
gfc   103   44  1.10729864069615E-12  7.34288494013392E-13
gfc   103   45 -3.83594535230689E-13  1.89510106215462E-13
gfc   103   46 -2.10641240011678E-13 -2.32934887034614E-13
gfc   103   47 -2.90706940301002E-13 -3.28781364896627E-13
gfc   103   48  8.33368825678465E-13 -3.56755392359003E-14
gfc   103   49 -6.50579137432419E-14  6.70533709942358E-13
gfc   103   50  3.71307699071503E-14  4.36225931896412E-13
gfc   103   51 -6.70394991492442E-13 -1.38725533331245E-13
gfc   103   52  8.95693530606385E-13 -1.79465449435581E-13
gfc   103   53 -3.72597087582234E-13  5.52336967475913E-13
gfc   103   54  1.09636739579489E-13  1.10429802121843E-12
gfc   103   55 -1.36851607646108E-12 -2.84522252973312E-13
gfc   103   56  4.56215648509104E-13 -2.74888564902154E-13
gfc   103   57 -1.69846859172687E-13 -2.46051897436478E-13
gfc   103   58  4.00515313144559E-13  8.57037884468430E-13
gfc   103   59 -1.16501841592631E-12  4.62678489139774E-15
gfc   103   60 -1.38971343762219E-14 -1.53079210342990E-13
gfc   103   61  1.14209748302574E-14 -3.71969025967166E-13
gfc   103   62 -2.22134537482345E-13  6.01348979663056E-13
gfc   103   63 -8.95422977510258E-13  1.32703419008817E-13
gfc   103   64 -7.65291567350062E-13 -9.59736967191454E-13
gfc   103   65  7.10731430695358E-13 -5.91626223728347E-13
gfc   103   66  1.26197214317305E-13  5.12442034725932E-13
gfc   103   67 -6.22433607054722E-13  4.09661158916688E-13
gfc   103   68 -5.67802321496104E-13 -1.13019837799619E-12
gfc   103   69  8.03023077289557E-13 -2.96867014371787E-14
gfc   103   70 -4.70221203321827E-13  1.74962691423531E-13
gfc   103   71 -6.30383157680791E-13 -5.11402883738359E-13
gfc   103   72  5.96536972748978E-13 -1.07821419020498E-12
gfc   103   73  1.00086807801872E-12  9.95900711353667E-13
gfc   103   74 -7.48436785159681E-13  1.23730516328992E-14
gfc   103   75 -4.33095775733254E-13 -7.01265876781661E-13
gfc   103   76  7.69359247522250E-13 -7.26281184706810E-13
gfc   103   77  4.78941757431599E-13  1.12725607325285E-12
gfc   103   78 -9.77592417121531E-13 -9.43861450075252E-13
gfc   103   79  2.04903269635508E-12  2.09178906671366E-13
gfc   103   80 -1.81816789440073E-12  1.20107800455907E-12
gfc   103   81  7.99962610904010E-13 -2.09597978350591E-12
gfc   103   82  6.92219123310880E-13  1.64862828158317E-12
gfc   103   83 -5.70528590285447E-13 -3.21330129357172E-13
gfc   103   84  1.07709518047928E-13  1.35479664622956E-13
gfc   103   85  3.81119684278675E-13 -1.29621570874715E-13
gfc   103   86 -2.80399573945864E-13  7.35957717444770E-13
gfc   103   87  1.11023891712655E-13 -5.50725795593797E-13
gfc   103   88 -2.64886950130619E-13  5.28512364786422E-13
gfc   103   89 -3.33482727217298E-14 -4.59753958359060E-13
gfc   103   90 -1.03853454041985E-13  7.64023353202700E-13
gfc   103   91 -2.73998953093304E-13 -6.65505106006896E-13
gfc   103   92 -7.29691013985676E-14  6.24693590631965E-13
gfc   103   93 -4.57138960847643E-13 -7.26579394418159E-13
gfc   103   94  3.41171198637189E-13  3.21217288589846E-13
gfc   103   95 -6.10133756808008E-13 -9.48366887954209E-13
gfc   103   96  6.47906253550853E-13  1.73790511747795E-13
gfc   103   97 -6.11970290392426E-13 -7.10349350596635E-13
gfc   103   98  1.25258146934847E-12 -1.45568074168738E-13
gfc   103   99 -5.04764382756994E-13  9.05377000312091E-14
gfc   103  100  1.39154515748767E-12 -2.90188514605521E-13
gfc   103  101 -4.19012191749245E-14  1.41446003912235E-12
gfc   103  102 -3.91402349313041E-13 -1.59795834379943E-13
gfc   103  103  8.35070087303155E-14  3.90023451785841E-13
gfc   104    0  4.31946180683363E-13  0.00000000000000E+00
gfc   104    1  2.24768685631212E-13 -5.28153562237113E-13
gfc   104    2  5.48705790828994E-13 -2.44736808663169E-13
gfc   104    3  4.26755443703050E-13 -9.95656404220769E-14
gfc   104    4  5.88443124006637E-14 -3.98274097252560E-13
gfc   104    5 -8.31939230911779E-14  4.93952678792684E-14
gfc   104    6 -1.09947728849520E-13 -2.98410064891215E-13
gfc   104    7 -2.95472686959807E-13 -5.18356699621661E-13
gfc   104    8  1.27677200621163E-13  2.70455051142616E-13
gfc   104    9  5.64139351172710E-13 -3.54054131626750E-13
gfc   104   10 -5.25670547791528E-13  1.10486752974842E-13
gfc   104   11  1.75434223398284E-14 -4.92950431365431E-14
gfc   104   12 -5.91187573120102E-13 -4.07785843939290E-13
gfc   104   13 -6.96049847661598E-13 -2.11663030947221E-13
gfc   104   14  3.45296259026701E-13 -2.21885757657662E-14
gfc   104   15  6.49812678884420E-13 -4.77140073686574E-13
gfc   104   16 -3.55435588769512E-13  2.16186930440413E-13
gfc   104   17 -1.41982281593798E-13  6.63983759086672E-13
gfc   104   18 -3.95579334755630E-13 -1.22821915564780E-13
gfc   104   19 -5.35325008596878E-13 -2.31437543147487E-13
gfc   104   20 -1.72140137574506E-13 -1.91453568120697E-13
gfc   104   21  7.35195789040744E-13  3.59815627281209E-13
gfc   104   22 -2.98990682582794E-13  1.55044552066177E-13
gfc   104   23 -8.23025824310322E-13  4.07692721465116E-13
gfc   104   24 -6.14314297096409E-13  6.03312392113514E-13
gfc   104   25  7.89516909533735E-13  5.84758413589757E-13
gfc   104   26  6.84096789488996E-13 -5.78421295748609E-13
gfc   104   27  7.74274843656424E-13 -2.03802793966285E-13
gfc   104   28 -6.46147748967293E-14 -3.34178858463545E-13
gfc   104   29 -3.68826341864948E-13  3.31203673911307E-13
gfc   104   30 -2.90157946919761E-13 -3.51247458417651E-13
gfc   104   31 -7.38169540583095E-14 -5.26736395493267E-13
gfc   104   32 -2.06927790296068E-13 -4.47172069395427E-13
gfc   104   33  1.33038457114543E-13  1.15824144404925E-12
gfc   104   34  2.10282548699014E-14  7.43122342227053E-13
gfc   104   35 -1.03214809988955E-15  4.35482143161216E-13
gfc   104   36 -2.85344480204718E-13 -2.50128033193203E-13
gfc   104   37  6.92295907531706E-13  3.86878727476201E-13
gfc   104   38  6.93466628586770E-13  2.50682319429807E-13
gfc   104   39  1.74808868052242E-13  2.74488880076578E-13
gfc   104   40 -1.15572319003637E-12 -9.32917443934908E-13
gfc   104   41 -9.36103446691249E-13  9.68545666492346E-14
gfc   104   42 -2.13036884176022E-13 -3.50715137850183E-14
gfc   104   43  5.93034929477897E-13  1.20670040646488E-12
gfc   104   44  2.42571068109403E-13  3.05030567857165E-13
gfc   104   45 -2.08898788221353E-13  2.84736012549776E-13
gfc   104   46 -3.81029793020522E-13 -7.15869916535668E-13
gfc   104   47  1.72920934728491E-13  2.50998050270692E-13
gfc   104   48 -2.44591966197659E-13 -8.32133621325723E-14
gfc   104   49 -4.91137910811089E-13  8.22370326166455E-13
gfc   104   50 -8.49477447308754E-13 -6.31886374737614E-13
gfc   104   51  3.90975253093449E-14 -2.43323298141874E-13
gfc   104   52  5.53724603850179E-13 -8.12122891377959E-13
gfc   104   53 -1.95043216268620E-13  9.12656259712065E-13
gfc   104   54 -5.83665150192224E-13 -2.91542692493836E-13
gfc   104   55 -5.66651341679376E-13 -1.15399722381099E-13
gfc   104   56  5.67572503720739E-13 -7.91225890117267E-13
gfc   104   57 -1.29289141279510E-14  4.23429098999246E-13
gfc   104   58 -2.86678669906611E-13 -5.36424828266526E-14
gfc   104   59 -8.57770769724225E-13 -6.13491847474393E-13
gfc   104   60  5.31325683424459E-13 -7.16045439509003E-13
gfc   104   61  3.20250139542916E-13 -2.40969485469561E-13
gfc   104   62  9.28224702213711E-14  4.51397907161779E-13
gfc   104   63 -6.11128211310289E-13 -3.88792753850934E-13
gfc   104   64  2.41083993816628E-13 -7.79142937247576E-13
gfc   104   65  5.25741870677810E-13  1.95549298439592E-13
gfc   104   66 -3.51150052558832E-13  1.24518107111183E-13
gfc   104   67 -9.60187175594684E-14 -7.02630752197852E-13
gfc   104   68  7.93838174333278E-13 -1.00326278600193E-12
gfc   104   69  9.08301626250026E-13  9.72543755966277E-13
gfc   104   70 -5.74900755097614E-13  6.96958607056473E-14
gfc   104   71 -7.88503520578486E-14  1.51614574805945E-14
gfc   104   72  3.41327616678881E-13 -9.79641981113983E-13
gfc   104   73  1.05991231125522E-12  8.96246566488980E-13
gfc   104   74 -8.00798352945170E-13 -2.03071869114932E-13
gfc   104   75  7.48045544298892E-13 -3.34742676491827E-13
gfc   104   76  5.00253241683224E-13  7.73137120420818E-13
gfc   104   77 -4.26696480481826E-13  7.09505595248832E-13
gfc   104   78 -5.02899728830740E-13 -8.62101547825368E-13
gfc   104   79  1.51235498075415E-12  2.75903756886070E-13
gfc   104   80 -9.45255804764068E-13  1.09196718926526E-12
gfc   104   81  6.80171134806040E-14 -8.70982147140277E-13
gfc   104   82  1.28084276609872E-13  1.25990835105073E-12
gfc   104   83 -7.35845430067806E-13 -9.14518945923184E-13
gfc   104   84  9.37658281710936E-13  5.47321621241494E-13
gfc   104   85 -1.07961118405503E-12  2.00065126149402E-13
gfc   104   86  2.24803038111172E-13 -1.86951569965719E-13
gfc   104   87 -3.94513163390441E-13 -1.78099338820585E-13
gfc   104   88  3.13789592623633E-13  1.21857934738089E-13
gfc   104   89 -5.54346741506931E-13 -2.29311449134359E-13
gfc   104   90  4.92093332799986E-13 -3.68251520042487E-14
gfc   104   91 -6.35543651566370E-13 -1.51635572424684E-13
gfc   104   92  6.67965596709574E-13 -3.02836275730869E-13
gfc   104   93 -5.33382611924548E-13 -1.90184313485046E-15
gfc   104   94  7.67459050190803E-13 -4.01342029323732E-13
gfc   104   95 -4.21858792307677E-13  3.69042839671953E-13
gfc   104   96  9.15174807687868E-13 -5.83664752323185E-13
gfc   104   97 -2.81586032704336E-13  6.91451597488109E-13
gfc   104   98  7.29917858406486E-13 -7.12923188895576E-13
gfc   104   99  1.26115274606408E-14  1.26900362066916E-12
gfc   104  100  8.79695610137360E-14 -5.70593449145668E-13
gfc   104  101  3.18000362662032E-13  1.31407332676358E-12
gfc   104  102 -1.31417061826967E-12 -6.22375104302542E-14
gfc   104  103  2.84436195501590E-13 -2.50696364573859E-13
gfc   104  104 -3.45274971744874E-13  1.13132756624565E-13
gfc   105    0 -5.84163120155811E-14  0.00000000000000E+00
gfc   105    1  2.50162162632529E-13 -5.61565992898354E-14
gfc   105    2 -1.39335370271052E-13  7.93044680464562E-13
gfc   105    3  6.62025425121461E-14  5.31232896201520E-13
gfc   105    4  1.86892195991135E-15  2.85444410499062E-13
gfc   105    5 -8.97271626704790E-13  4.07200381949681E-13
gfc   105    6  5.79637910748050E-13 -1.14236168748349E-13
gfc   105    7 -4.11567882727878E-13 -2.91621373254860E-13
gfc   105    8  5.76449398196606E-13  9.02854022882080E-13
gfc   105    9  9.82128674635714E-14 -4.30769419031886E-14
gfc   105   10 -5.92066689549925E-13  5.29847930872040E-13
gfc   105   11 -6.63552433751415E-13  6.79801475993280E-13
gfc   105   12 -6.63842207125362E-13 -4.98074543664112E-13
gfc   105   13 -6.79454631522916E-13 -1.68368820116960E-13
gfc   105   14  4.61670123776507E-13  5.84782967879680E-13
gfc   105   15  1.28557027001964E-13 -3.72282798771717E-13
gfc   105   16 -8.57504945350749E-13  7.44014050413301E-13
gfc   105   17 -5.09372394936952E-13  3.61538804167449E-13
gfc   105   18 -3.81144047147872E-13  2.08041994911783E-13
gfc   105   19 -2.27703035498973E-13 -3.31883174262286E-13
gfc   105   20 -3.19093471247372E-13  2.55309594719860E-13
gfc   105   21 -1.88427309094611E-13  3.61002988801667E-13
gfc   105   22 -2.08271653934156E-13  1.62363182854840E-13
gfc   105   23 -6.40010031725611E-13  1.23700672055864E-13
gfc   105   24 -8.26422249410433E-13  8.93598304885987E-13
gfc   105   25  5.96663268402061E-13  2.29313762751835E-14
gfc   105   26  6.17346474258003E-13 -1.50581824818191E-13
gfc   105   27  5.29604263823473E-13 -2.63415858487356E-13
gfc   105   28 -5.40661761631490E-13  2.42272971851311E-14
gfc   105   29 -6.23980055254575E-13 -1.69643168251500E-13
gfc   105   30 -4.82970618296601E-13 -3.11668697931270E-13
gfc   105   31 -8.94415886235945E-14 -5.90639327238693E-13
gfc   105   32 -6.21356713359091E-13  3.33523934321812E-13
gfc   105   33 -3.01809526790039E-13  7.85434095843731E-13
gfc   105   34 -6.04796289724271E-13  6.88920435173610E-13
gfc   105   35 -1.64250738809753E-13 -4.95628434694110E-13
gfc   105   36 -8.24636829468435E-14 -4.84534979489682E-13
gfc   105   37  6.02435636864109E-13  3.57571531860431E-13
gfc   105   38  3.03877190586951E-13  3.53885239376569E-13
gfc   105   39  3.17744012501632E-14 -5.39203346604377E-13
gfc   105   40 -9.44992149937960E-13 -9.84985266747383E-13
gfc   105   41 -5.59339491817295E-13 -5.21338420066979E-13
gfc   105   42 -4.00378482665399E-13  5.66785553417200E-13
gfc   105   43  2.35845444541838E-13  9.27512371320657E-13
gfc   105   44 -3.14221680980644E-13  5.13413040335992E-14
gfc   105   45  3.56944902099227E-14 -7.31935241111056E-13
gfc   105   46 -8.20951160477357E-14 -9.33366646732615E-13
gfc   105   47  6.95142662325978E-13 -2.29549840319900E-13
gfc   105   48 -3.57669302803090E-13  3.01588938440238E-13
gfc   105   49  4.61784582199379E-15  4.28299097874970E-14
gfc   105   50 -5.95938026304109E-13 -5.30709671481075E-13
gfc   105   51  8.73171690627255E-13 -3.02381246788136E-13
gfc   105   52  4.83634848792765E-14 -1.54539830758780E-13
gfc   105   53  2.01603680524143E-14  4.62759650515185E-13
gfc   105   54 -7.71715295310976E-13 -8.62230540797023E-13
gfc   105   55  6.65041114573728E-13 -4.92392577828747E-13
gfc   105   56  6.21118542538936E-13 -6.27368502368966E-13
gfc   105   57  4.45269397904376E-13  9.04614237887019E-13
gfc   105   58 -3.81580445290511E-13 -3.72248835766090E-13
gfc   105   59  2.31453758453187E-13 -2.75519252725265E-13
gfc   105   60  4.85574166109406E-13 -5.04989251888805E-13
gfc   105   61  5.91882737286880E-13  4.25541858479866E-13
gfc   105   62 -5.51017023711184E-13  1.21094210100115E-13
gfc   105   63  4.23439561856060E-13 -6.42395661984460E-13
gfc   105   64  5.29170830543512E-13 -1.31046613807395E-13
gfc   105   65  1.15974229303164E-12  5.18044596749719E-13
gfc   105   66 -6.25574757838707E-13  8.18829545458475E-13
gfc   105   67  1.68235766127363E-13 -4.02977561256920E-13
gfc   105   68  1.85450186459109E-13 -7.38443997484252E-14
gfc   105   69  7.69633549438980E-13  6.18927917710030E-13
gfc   105   70 -8.71732612243433E-13  5.29380150799871E-13
gfc   105   71  3.43037541290354E-13 -3.55048747026677E-13
gfc   105   72  6.01377010890021E-13  2.22016311614584E-13
gfc   105   73  1.12098155307171E-13  1.34570869139614E-12
gfc   105   74 -1.60157198486026E-12 -5.34308264948867E-13
gfc   105   75  7.86468204431024E-13 -3.30410145116116E-13
gfc   105   76 -2.68354822191897E-14  5.00355192874373E-13
gfc   105   77  1.42403229006527E-13  6.86238560645105E-13
gfc   105   78 -9.15426645178773E-13 -6.48705761761497E-13
gfc   105   79  9.89370682019211E-13  4.76482483153932E-13
gfc   105   80 -1.62458660014298E-12  5.64929400068826E-13
gfc   105   81  3.95203868540024E-13 -1.55652089540678E-12
gfc   105   82  9.87667871036372E-13  1.29614422503038E-12
gfc   105   83 -1.78896585382203E-12  8.98240745916562E-14
gfc   105   84  6.74898511786070E-13 -9.93322879465984E-13
gfc   105   85 -2.62748087853340E-13  5.61079341900818E-13
gfc   105   86  1.54598991603962E-13 -4.08455779364519E-13
gfc   105   87 -5.53800233766285E-13  3.18577506426303E-13
gfc   105   88  3.62970673389429E-13 -7.17534605773370E-13
gfc   105   89 -1.37046619863612E-13  3.53080860275731E-13
gfc   105   90  2.98882552706362E-13 -5.55105662827302E-13
gfc   105   91 -3.31576945263793E-14  3.60717749615050E-13
gfc   105   92  2.63118707565706E-13 -5.92762507728884E-13
gfc   105   93  1.20434438383929E-13  5.74210464216141E-13
gfc   105   94  1.31588442146204E-13 -4.65371184482854E-13
gfc   105   95  3.66172641755085E-13  7.76789418055244E-13
gfc   105   96 -1.91108486053018E-13 -4.31584438112582E-13
gfc   105   97  5.18819421673895E-13  9.35413424638750E-13
gfc   105   98 -6.07479211111474E-13 -3.12490194631439E-13
gfc   105   99  4.99707740053920E-13  7.58381300059572E-13
gfc   105  100 -1.28331460662652E-12 -3.32242163788302E-14
gfc   105  101  4.13316500293824E-13  1.75815703717361E-13
gfc   105  102 -1.33792295035164E-12  1.15135044221265E-13
gfc   105  103  1.23270441097489E-13 -1.26804100025248E-12
gfc   105  104  2.56568151521935E-13  1.06149957871559E-13
gfc   105  105  6.35748357650548E-15 -3.86262410664078E-13
gfc   106    0  7.53427631548632E-13  0.00000000000000E+00
gfc   106    1  5.51556585867916E-13  2.27998741964878E-13
gfc   106    2  2.17527375270868E-13  2.29892133946838E-13
gfc   106    3  4.72245526970508E-13  4.40820335172003E-13
gfc   106    4 -5.52246362030452E-13 -6.31485472337858E-13
gfc   106    5 -3.31127627025302E-13  2.83719539279934E-13
gfc   106    6  3.48390628627352E-13 -5.99332848000986E-13
gfc   106    7 -1.35972037734356E-13 -2.18377026776834E-13
gfc   106    8  1.91652424547795E-13  5.69033713966536E-13
gfc   106    9  2.86172273813088E-13 -5.16262004509238E-15
gfc   106   10 -1.27744865115499E-12  1.23830978206067E-13
gfc   106   11 -4.68257340057128E-13  8.30120409925466E-14
gfc   106   12 -1.70523414599297E-13 -6.60565239140121E-13
gfc   106   13 -4.98010426011631E-13  1.18895843358911E-13
gfc   106   14  5.80793944055769E-13  2.63690484200451E-13
gfc   106   15 -1.36947001510990E-13 -1.58768620537387E-13
gfc   106   16 -7.49137924807032E-13  2.62598077497683E-13
gfc   106   17 -7.29682912363510E-13  1.34958895070382E-13
gfc   106   18  8.36520724728584E-14  4.94099541786176E-14
gfc   106   19  1.62399599423843E-14 -2.05915100667212E-13
gfc   106   20 -2.02597464366504E-13  2.41719768146760E-13
gfc   106   21 -2.74522432198051E-13  8.36675817796585E-13
gfc   106   22 -4.01421698676511E-13  3.29671146110436E-13
gfc   106   23 -1.24783295877476E-12 -2.70487834573775E-13
gfc   106   24 -1.04610891962415E-13  7.59271319712345E-14
gfc   106   25  7.42316715432865E-13  1.81487283777641E-13
gfc   106   26  4.22849440051960E-13 -3.84713293169943E-15
gfc   106   27 -1.09507330644801E-13 -4.54528667752568E-13
gfc   106   28 -6.30752332728496E-13 -4.91802929211027E-13
gfc   106   29 -5.80230910128345E-13 -9.70881011618764E-13
gfc   106   30  6.13866483318201E-14 -4.87057454468035E-13
gfc   106   31 -4.01522875326742E-14 -5.11090633843219E-13
gfc   106   32 -2.20226049592944E-13  7.25728604377647E-13
gfc   106   33 -8.33194110998811E-13  4.07361376761825E-13
gfc   106   34 -1.04845915220745E-13  3.84309409524184E-13
gfc   106   35  1.62738780131835E-13 -9.59697185289932E-13
gfc   106   36  3.84740301376711E-13  1.03803878563543E-13
gfc   106   37  1.21211507883249E-13 -1.18610590307623E-13
gfc   106   38  1.37282891068037E-13  3.91005354622089E-13
gfc   106   39  2.65618251844449E-15 -1.37779054264080E-12
gfc   106   40 -2.83695172911962E-13 -1.12968516541127E-12
gfc   106   41 -7.70722244643174E-14 -6.42205442163885E-13
gfc   106   42 -9.97872040471170E-15  9.33644949028917E-13
gfc   106   43 -9.47646832847683E-15  5.04967913169007E-13
gfc   106   44  2.15638237374403E-13  3.04125236076358E-13
gfc   106   45  4.20657612883658E-13 -1.03563816626190E-12
gfc   106   46  5.60971611220387E-13 -1.16342472871089E-13
gfc   106   47  2.23868563748222E-13 -3.89109510582867E-13
gfc   106   48 -1.52946934734521E-13  7.37395079088494E-13
gfc   106   49 -1.09869265163786E-13 -7.76719693888700E-13
gfc   106   50  4.56662259087642E-13  8.90230867078848E-14
gfc   106   51  1.21771989951484E-12 -4.60773685661288E-13
gfc   106   52  1.60715010235803E-13  1.01609374036391E-12
gfc   106   53 -8.27152198755233E-14 -5.32926612737979E-14
gfc   106   54 -2.51144116053970E-13  1.07558390691290E-13
gfc   106   55  9.29462556016703E-13 -4.66783951887487E-13
gfc   106   56  1.23156571494127E-13  6.59095713167814E-13
gfc   106   57 -1.07671811886685E-13  4.20001278203312E-13
gfc   106   58 -2.81577554168217E-13 -3.01605716352714E-14
gfc   106   59  5.48308140815742E-13 -5.37295143986594E-13
gfc   106   60  8.33138351065171E-13  7.63979801463946E-13
gfc   106   61 -2.15099153150185E-13  5.52388790570084E-13
gfc   106   62 -4.81319917174266E-13  4.94517100826857E-13
gfc   106   63 -6.92316604195044E-14 -4.33160747428313E-13
gfc   106   64  5.51717727904001E-13  5.00072648542182E-13
gfc   106   65  8.40984964601313E-15  4.99907059837089E-13
gfc   106   66 -8.47366619693101E-13  2.51053878566285E-13
gfc   106   67  4.91559424204850E-13 -8.19870583367208E-13
gfc   106   68  3.55063032944525E-13  1.02364565673620E-12
gfc   106   69 -3.66256382836451E-13  7.91539208535268E-13
gfc   106   70 -1.47262462901952E-12  1.15716161976249E-13
gfc   106   71  6.03721257488118E-13 -9.39126105841232E-13
gfc   106   72 -2.09472954480499E-13  6.68567773953612E-13
gfc   106   73  8.96744535977259E-14  2.17393914044396E-13
gfc   106   74 -1.18179634578440E-12 -1.49015136919378E-13
gfc   106   75  7.47389024534660E-13 -5.51095413304878E-13
gfc   106   76 -8.09262648475581E-13  1.05082055802867E-12
gfc   106   77 -4.55544155295449E-13 -6.21753170964049E-13
gfc   106   78 -2.55822343696870E-14 -9.93841373039257E-13
gfc   106   79  1.06014465440351E-12  5.94982805752117E-13
gfc   106   80 -1.67167674039927E-12  3.31777346637758E-13
gfc   106   81  7.70525249969572E-13 -1.30381510919088E-12
gfc   106   82 -7.45652850947531E-14  9.04040829682691E-13
gfc   106   83 -4.90036923440712E-13 -1.03903985828567E-12
gfc   106   84  1.03492628558914E-12 -4.82174997495573E-14
gfc   106   85 -5.96277612705873E-13  7.41050543123762E-13
gfc   106   86 -8.59144091097817E-14 -1.09391240043665E-12
gfc   106   87  7.57524763838713E-13  5.71932197668346E-13
gfc   106   88 -4.96660263961998E-13 -2.80530695377640E-13
gfc   106   89  5.01901661349811E-13  1.82407196418022E-13
gfc   106   90 -2.34940429310441E-13 -1.11998356407899E-13
gfc   106   91  5.97850994488768E-13  2.64704369487003E-13
gfc   106   92 -4.51532860475239E-13 -6.73300677426125E-14
gfc   106   93  5.55245871230208E-13  3.35137462831931E-13
gfc   106   94 -5.92151785686075E-13  4.67051911406252E-14
gfc   106   95  5.30041301094516E-13  9.83521178965845E-14
gfc   106   96 -8.88968637877806E-13  2.83469141162838E-13
gfc   106   97  5.31528516839582E-13 -8.50002142506239E-14
gfc   106   98 -8.63498992340467E-13  4.58624828131631E-13
gfc   106   99  3.62359252984586E-13 -6.63006136453618E-13
gfc   106  100 -8.54696946294448E-13  5.81589909993279E-13
gfc   106  101  2.41229511272094E-13 -1.16809419685788E-12
gfc   106  102 -1.59101347681124E-13  5.47892861464384E-13
gfc   106  103 -9.61161351097286E-14 -1.36626654105829E-12
gfc   106  104  1.20351620099812E-12  3.11103251426538E-13
gfc   106  105 -1.64874431034567E-13  2.28670475688698E-13
gfc   106  106  4.73237611791932E-13  4.52674973934209E-15
gfc   107    0 -8.36946828898377E-14  0.00000000000000E+00
gfc   107    1  1.12745055720294E-13 -3.96242456180684E-13
gfc   107    2 -5.44678522587371E-13  6.74719583348861E-13
gfc   107    3 -5.74359345302855E-14 -1.54308125397728E-13
gfc   107    4 -6.44998532414652E-13 -1.56030990102736E-13
gfc   107    5 -4.51919896691536E-13  3.01778119587696E-13
gfc   107    6  4.17222471840996E-13 -2.26373167900942E-13
gfc   107    7 -1.09696562877174E-13  8.12859143587846E-14
gfc   107    8 -7.73088835686208E-14  5.12495781641493E-13
gfc   107    9 -2.10685252905518E-13  2.13261186572903E-15
gfc   107   10 -9.37385065898076E-13 -3.16712346268549E-13
gfc   107   11 -3.49998619720506E-13  4.71397314946022E-13
gfc   107   12 -3.63549691163637E-13 -4.20204073699956E-13
gfc   107   13 -2.22293647694888E-13  1.93003209573575E-13
gfc   107   14  8.33682915985682E-15  3.14599050922340E-13
gfc   107   15 -5.25803635357950E-13 -8.78234763477453E-14
gfc   107   16 -7.38797685888507E-13 -2.42231484145672E-13
gfc   107   17 -4.24795100430066E-13 -7.62849798032759E-15
gfc   107   18  4.51772350769136E-13  1.66481980143259E-13
gfc   107   19  4.70831993886520E-13 -3.60903007900389E-14
gfc   107   20 -4.72711280465212E-13  1.32931351266020E-13
gfc   107   21 -6.67006882929851E-13  8.84966702899655E-13
gfc   107   22  2.20453198565458E-13 -3.71796509756650E-13
gfc   107   23  1.84762519894923E-15  4.89047290871518E-14
gfc   107   24  1.25904335642908E-13  5.16351841668174E-13
gfc   107   25  4.38468004571281E-13  3.85275964226831E-13
gfc   107   26  3.67577749985327E-13 -1.16928957572531E-13
gfc   107   27 -2.08742725475046E-13 -5.58792561257586E-13
gfc   107   28 -3.65013053869430E-13 -8.15222837638502E-13
gfc   107   29 -3.18345709407290E-13 -8.23123089555079E-13
gfc   107   30  2.37065240954522E-15 -4.17620383727290E-13
gfc   107   31 -8.01441363655773E-14  7.80134141540078E-14
gfc   107   32 -2.71633596234490E-13  2.67557042624005E-13
gfc   107   33 -3.69749645077438E-13  2.22471605049270E-13
gfc   107   34  4.25630176835763E-13 -1.85793412056122E-13
gfc   107   35  6.31428826772432E-13 -2.16458844463258E-13
gfc   107   36  7.48097542739937E-13  2.83380239562547E-14
gfc   107   37  4.44436488816573E-14  8.32997672658588E-13
gfc   107   38  2.37404874092201E-13 -1.83315393599084E-13
gfc   107   39  5.56946715506069E-14 -9.79979383771352E-13
gfc   107   40  3.92462876314358E-13 -7.86016599879766E-13
gfc   107   41 -4.84206297099403E-13  9.34238049078404E-14
gfc   107   42 -2.97133793467447E-13  7.97192729883613E-13
gfc   107   43 -3.81565853009609E-13  7.08954093041953E-13
gfc   107   44  7.30482437618201E-13 -1.47750221800504E-13
gfc   107   45  6.28573211100944E-13 -2.82331769799756E-13
gfc   107   46  9.89531961963658E-13  1.00936534140040E-13
gfc   107   47 -4.12689457529357E-13  3.90973707828180E-13
gfc   107   48 -8.54372539486568E-14  4.39123063696424E-13
gfc   107   49 -5.98472994283425E-13 -8.82408532245965E-14
gfc   107   50  7.23735594314568E-13  3.62489831522155E-13
gfc   107   51  2.16985756837800E-13  9.07873196991627E-14
gfc   107   52 -5.83537297636112E-14  6.56395684336542E-13
gfc   107   53 -7.03875632838553E-13 -3.23733170078360E-13
gfc   107   54  4.41172477533159E-13 -4.50846852572396E-14
gfc   107   55  5.37026157165710E-13  2.68371128147002E-13
gfc   107   56 -1.43400494732023E-13  1.01292879427841E-12
gfc   107   57 -7.70693042652296E-13  3.61115896475519E-13
gfc   107   58 -3.40848742721400E-13 -1.72150596772990E-13
gfc   107   59 -2.01410418057223E-14 -1.60539656070690E-13
gfc   107   60  2.72852694390024E-13  7.77423601479252E-13
gfc   107   61 -9.51060629019881E-13  9.18278264674347E-14
gfc   107   62 -1.74678056061673E-13 -5.31400549465733E-14
gfc   107   63 -1.09146514123255E-13 -5.94375903312507E-13
gfc   107   64  5.45672447505015E-13  9.20614506181990E-13
gfc   107   65 -1.26452000138507E-12  4.97014390873921E-14
gfc   107   66 -3.58970489984530E-13 -9.08555207148758E-14
gfc   107   67 -3.14853591161280E-13 -1.18124129769679E-12
gfc   107   68  4.00283371455182E-13  6.09507746294304E-13
gfc   107   69 -7.99775915795107E-13 -2.56650039720513E-13
gfc   107   70 -1.01145309328839E-13 -4.34462445266329E-14
gfc   107   71  2.10184930933334E-13 -6.53840763026429E-13
gfc   107   72 -6.87396109303760E-14  5.84026156829718E-13
gfc   107   73 -5.74374919188368E-13 -3.00861134346041E-13
gfc   107   74 -5.44835910916194E-13 -8.64960954717423E-13
gfc   107   75  1.26637549526021E-12 -7.41097835226703E-13
gfc   107   76 -3.65757809517175E-13  1.17784986071264E-12
gfc   107   77 -4.88562611473745E-14 -1.00455587955807E-12
gfc   107   78  5.56662106911356E-14  6.11044557447258E-14
gfc   107   79  4.67616558023498E-13 -2.87824611324353E-13
gfc   107   80 -7.63004450616071E-13  2.84208705705320E-13
gfc   107   81  9.52840435689271E-13 -1.55937459164576E-12
gfc   107   82  5.70109002873339E-13  1.88697740967691E-12
gfc   107   83 -1.13581748555650E-12 -8.10141163457413E-13
gfc   107   84  8.67187407207790E-13 -4.69758550346575E-13
gfc   107   85  2.86724776336725E-13  4.09149127635868E-13
gfc   107   86 -1.73892645101644E-13  1.14373585252846E-13
gfc   107   87  3.52298077221632E-13 -7.06824415505247E-14
gfc   107   88 -3.65250887208483E-13  1.17924980887530E-13
gfc   107   89  6.33238584069683E-13 -2.32589758416234E-14
gfc   107   90 -4.64974240578683E-13  5.66599897599307E-13
gfc   107   91  2.90954380833996E-13 -3.55584972051350E-13
gfc   107   92 -3.42989514199873E-13  4.80761223758053E-13
gfc   107   93  1.63659865664459E-13 -2.99093046990283E-13
gfc   107   94 -3.82332779597289E-13  5.36879611592638E-13
gfc   107   95 -6.96779457419963E-14 -5.16652807053420E-13
gfc   107   96 -1.86817880923099E-13  5.51772559016916E-13
gfc   107   97 -2.40400608290459E-13 -8.38507610988179E-13
gfc   107   98  1.04425484209409E-13  4.90997970826528E-13
gfc   107   99 -4.01590086097870E-13 -8.96911064773423E-13
gfc   107  100  5.90415744899011E-13  3.06733073043197E-13
gfc   107  101 -4.47297054244432E-13 -9.24161055306224E-13
gfc   107  102  1.12010699603287E-12  1.73709034859576E-13
gfc   107  103 -4.12459030074346E-13 -3.21835353635900E-14
gfc   107  104  1.30670102718275E-12  3.54278037575185E-14
gfc   107  105 -3.77773907442068E-13  1.15323518870445E-12
gfc   107  106 -3.64451388991329E-13 -1.16981635115394E-13
gfc   107  107 -1.48231415283157E-13  4.27296842755776E-13
gfc   108    0  4.42202031268165E-13  0.00000000000000E+00
gfc   108    1  3.21737583772424E-13  1.38069239899524E-13
gfc   108    2  2.80817035617277E-13 -2.17942074256281E-13
gfc   108    3  6.19874228959580E-13 -2.60006053659504E-13
gfc   108    4  8.60402890668304E-14 -2.74450086398901E-13
gfc   108    5  3.61828669617387E-13 -1.28019675438420E-13
gfc   108    6  3.24001474439246E-13  2.34392526551145E-13
gfc   108    7  2.54649809327022E-13 -2.78458493623408E-13
gfc   108    8 -2.72858078476122E-13  2.69909672495236E-13
gfc   108    9  3.16205207507055E-13 -2.70971575838162E-13
gfc   108   10 -4.08676185796312E-13 -7.48882487807093E-14
gfc   108   11  1.60889710436325E-13 -1.12251712908869E-13
gfc   108   12  3.87997860871909E-13  3.95384183773295E-13
gfc   108   13  6.76560808475571E-14  2.90161172316513E-13
gfc   108   14 -3.03238527817764E-13  2.32414959548947E-13
gfc   108   15  7.35755034842995E-14 -6.08039470128358E-14
gfc   108   16 -4.32693695004614E-13 -3.76143779490907E-13
gfc   108   17  1.59866476270752E-14  3.35477514451691E-13
gfc   108   18  5.86692426179487E-13  6.86219894103538E-13
gfc   108   19  4.87600871739777E-13  6.97432569314192E-14
gfc   108   20 -7.94705988972899E-13  3.01929903753239E-13
gfc   108   21 -7.26430762720237E-14  8.20647059245060E-13
gfc   108   22  2.00824499582359E-13  2.16758055401027E-13
gfc   108   23 -7.40232309447923E-14  2.01884940994142E-15
gfc   108   24  3.89519570403235E-13  2.42339903842565E-13
gfc   108   25  6.38302331872503E-13  9.43908165051886E-13
gfc   108   26  1.40177265738852E-13 -1.14065242638018E-14
gfc   108   27 -1.26893031277704E-13 -5.08826723539176E-13
gfc   108   28 -2.06076510456330E-13 -1.05599303304083E-12
gfc   108   29 -9.88144444682628E-14 -3.86422318150242E-13
gfc   108   30 -1.37046664089324E-13  1.55053807723533E-13
gfc   108   31 -3.52314075428782E-13  7.73861006182949E-13
gfc   108   32 -3.00497459201055E-13  2.78743100734447E-13
gfc   108   33 -4.39933628757831E-13  2.31525895282219E-13
gfc   108   34  5.97441528784200E-13 -1.80871671077117E-13
gfc   108   35  5.70732617229913E-13  2.62325184688664E-13
gfc   108   36  3.20385072764015E-13  3.70970243335316E-13
gfc   108   37 -2.21109692514037E-13  2.70901418218637E-13
gfc   108   38  2.54675068415808E-13 -3.67088253383089E-13
gfc   108   39  4.16379299573148E-13 -5.23833123886633E-13
gfc   108   40  2.63667779382149E-13 -4.19477322163643E-13
gfc   108   41 -6.14668846144516E-13  6.95674029699022E-13
gfc   108   42 -9.23267114205235E-13  5.88203732279552E-13
gfc   108   43 -5.29544473230283E-13  6.73840316574101E-13
gfc   108   44  5.34409973602977E-13 -1.09916315489337E-13
gfc   108   45  4.71936080105971E-13  3.47309748674863E-13
gfc   108   46  1.71413015681692E-13 -2.38852635619198E-13
gfc   108   47 -8.07759698891333E-13  2.89878566436288E-13
gfc   108   48 -3.33872309682436E-13 -6.14835608079607E-13
gfc   108   49 -2.45379997711533E-13  3.01744936740101E-13
gfc   108   50  5.95646311030972E-13  1.34708989412066E-13
gfc   108   51 -4.57572666047391E-13  7.64643537290837E-13
gfc   108   52 -5.07038598834748E-13 -1.72029976570976E-13
gfc   108   53 -8.70514307930892E-13 -2.78998574339628E-13
gfc   108   54  3.13199023884547E-13 -6.24374725016847E-13
gfc   108   55 -3.06616470884158E-14  4.59985639881492E-13
gfc   108   56 -4.86829243437667E-13  1.53126793536146E-14
gfc   108   57 -6.65165957313459E-13 -9.56236644533444E-14
gfc   108   58  3.35538433765457E-13 -8.85708447112255E-13
gfc   108   59  8.03263619711409E-14  5.64753629338961E-13
gfc   108   60 -2.76454332932309E-14 -9.20450290279448E-14
gfc   108   61 -1.11616217512292E-12  3.02122960011816E-13
gfc   108   62  1.98587487595297E-13 -1.26622092073012E-12
gfc   108   63  1.66031074021711E-13  3.54369404601100E-14
gfc   108   64  3.99147765058510E-13 -1.69480335205247E-13
gfc   108   65 -8.94147943126685E-13  2.20571052089261E-14
gfc   108   66  3.14167532853728E-13 -9.59660218505092E-13
gfc   108   67  3.62256210778932E-13 -4.21247104369495E-13
gfc   108   68  3.86734889990476E-13  7.50859738696955E-13
gfc   108   69 -1.11796750338905E-12 -3.54353865040296E-13
gfc   108   70  4.25822409187181E-13 -9.01008088280699E-13
gfc   108   71  9.14987184042436E-13 -4.19348733048857E-13
gfc   108   72  2.89353576052364E-13  9.42804924608559E-13
gfc   108   73 -5.70893836478992E-13 -6.70547907369013E-13
gfc   108   74  5.86646974102535E-13 -2.10300822783415E-13
gfc   108   75  4.62072176497055E-13  2.57283157834472E-14
gfc   108   76 -1.13170016018895E-13  5.91297745587676E-13
gfc   108   77  1.42866281001165E-13 -1.10509242356431E-12
gfc   108   78  1.06091345723014E-12  3.59901640848046E-13
gfc   108   79  6.19497635900503E-14  7.07192695346752E-13
gfc   108   80 -7.30375477846268E-13  3.94941291772020E-13
gfc   108   81  7.50765177263826E-13 -1.19964461370728E-12
gfc   108   82  5.41084716563328E-13  1.87571117097367E-12
gfc   108   83 -1.21345144374704E-12 -1.16281429362872E-12
gfc   108   84  1.69191552097192E-12  6.55011984632747E-13
gfc   108   85 -1.40650669811985E-12  7.18266863461108E-13
gfc   108   86  2.50350777487958E-13 -8.47145482423368E-13
gfc   108   87  3.89656663597733E-13  3.93031476399030E-13
gfc   108   88 -3.94972477676367E-13  5.59891384982084E-13
gfc   108   89 -2.49365628464104E-13 -6.08030653543345E-13
gfc   108   90  2.13269080560312E-13  3.85216934148670E-13
gfc   108   91 -4.31638559182721E-13 -2.68453587638896E-13
gfc   108   92  2.24146896879776E-13  3.09749424339115E-13
gfc   108   93 -4.49767231599664E-13 -3.40836550012527E-13
gfc   108   94  4.16582817164785E-13  2.17780365571807E-13
gfc   108   95 -4.99094201233560E-13 -3.47064803707383E-13
gfc   108   96  5.62660794740336E-13  3.29709848126040E-14
gfc   108   97 -5.90386113187626E-13 -2.51251591364997E-13
gfc   108   98  7.43775318870100E-13 -1.82576492088406E-13
gfc   108   99 -4.96183071124065E-13  7.62511187666733E-14
gfc   108  100  8.60109465580302E-13 -2.73625933390207E-13
gfc   108  101 -3.40529410830437E-13  5.12097915451182E-13
gfc   108  102  9.09376976493161E-13 -4.04903441295418E-13
gfc   108  103 -2.51896133151537E-13  1.02260247444106E-12
gfc   108  104  2.01676628214472E-13 -3.52151556091973E-13
gfc   108  105 -7.38045598362359E-14  1.29866837241115E-12
gfc   108  106 -1.09280807508779E-12 -4.25845190879310E-13
gfc   108  107  2.51441488548294E-13 -2.52779888492506E-13
gfc   108  108 -4.12255031923427E-13 -1.36110745692949E-13
gfc   109    0 -1.33943096329234E-13  0.00000000000000E+00
gfc   109    1 -1.34611891952213E-13 -4.69231260873403E-13
gfc   109    2  3.43621114064079E-14 -2.75345403724980E-13
gfc   109    3 -2.51876878732365E-13 -2.29749450384227E-14
gfc   109    4  3.73114081565888E-13  3.29270048873542E-13
gfc   109    5 -4.74594473496821E-13  3.80743327488267E-13
gfc   109    6  2.30538366319563E-13  8.58139806500676E-13
gfc   109    7 -1.18030845276506E-13 -3.89426222167438E-14
gfc   109    8 -4.42738036249616E-13  1.85579464426054E-14
gfc   109    9 -2.21645186961872E-13  2.77462855051286E-13
gfc   109   10  8.67214378140449E-14 -2.46657925357899E-13
gfc   109   11 -2.28777184627041E-13  6.60794863046912E-13
gfc   109   12  3.65594379382602E-14  5.97597207895292E-13
gfc   109   13 -4.91519328444106E-13 -1.88682750641542E-13
gfc   109   14 -5.84531248027919E-13  1.91636940169139E-13
gfc   109   15 -2.24233291923428E-13 -8.14708153830215E-14
gfc   109   16  5.47934310927096E-15 -2.99429894905176E-13
gfc   109   17  4.74252009110827E-14  5.21148410447150E-13
gfc   109   18  7.40008629700000E-13  8.71878583690692E-13
gfc   109   19  1.56839056054716E-13 -4.88288392088220E-14
gfc   109   20 -6.73756471597406E-13  3.82995031257874E-13
gfc   109   21 -2.93921362630095E-13  5.85180817215745E-13
gfc   109   22  6.92393889544233E-13  3.95993452907146E-13
gfc   109   23  6.86987257808210E-13  4.20151482199391E-13
gfc   109   24 -4.03288851053336E-13  1.03843485531656E-12
gfc   109   25 -3.16765822092310E-13  7.09926109302159E-13
gfc   109   26 -4.42398229729493E-14 -2.51107071186521E-14
gfc   109   27  6.46638621396608E-14 -8.12830451696188E-13
gfc   109   28 -2.47409229924676E-13 -7.17097780190720E-13
gfc   109   29 -2.20164179316849E-13 -2.03483479418431E-13
gfc   109   30 -9.08519547488505E-13  4.73554443483013E-13
gfc   109   31 -3.31671105651145E-13  6.21600502406314E-13
gfc   109   32 -5.54865269877504E-13  1.39538680118515E-13
gfc   109   33  3.79484632005183E-13  1.24138727371586E-13
gfc   109   34  2.66545986449464E-14  1.98051048323157E-13
gfc   109   35  4.28053359263265E-13  6.30008975112881E-13
gfc   109   36 -4.86551758912511E-13  2.07715002378606E-13
gfc   109   37 -1.10389002965959E-13 -6.49731512696041E-14
gfc   109   38 -1.72862468720449E-13 -6.18132964411773E-13
gfc   109   39  5.92902281668048E-13 -5.80619552044978E-13
gfc   109   40 -3.01796106819641E-13 -1.41965207210905E-13
gfc   109   41 -7.64488354268855E-13 -9.77099682886111E-14
gfc   109   42 -1.27085893955383E-12  5.93766081625064E-14
gfc   109   43  1.76874510566037E-13  1.61909416810593E-13
gfc   109   44  4.21728717250719E-13  1.11389401990608E-13
gfc   109   45  9.22740311637115E-13  2.89891681429215E-13
gfc   109   46 -6.20347093980826E-13 -2.73499170402886E-13
gfc   109   47 -4.72981182449240E-13 -4.62241306696199E-13
gfc   109   48 -7.62002846135700E-13 -7.48211109220006E-13
gfc   109   49  4.08265746384578E-13 -3.32103898601241E-14
gfc   109   50 -3.27890183568925E-14 -3.38714782055627E-14
gfc   109   51 -7.38546624438019E-14  5.16943675005914E-14
gfc   109   52 -4.84105632657655E-13 -6.73526195309775E-13
gfc   109   53  3.76697516500431E-13 -5.17134453303644E-13
gfc   109   54  2.62886612674169E-13  1.25331831561133E-14
gfc   109   55  2.41728792138949E-13  3.37100156619865E-13
gfc   109   56 -1.02093333233936E-12 -2.21381821973526E-13
gfc   109   57  2.46370889603044E-13 -5.63329278287901E-13
gfc   109   58  2.53982129708458E-13 -6.99796400925731E-13
gfc   109   59  7.83631653427386E-13  3.85608218740505E-13
gfc   109   60 -3.63451866234808E-13 -2.85342260090921E-13
gfc   109   61  1.60465978021539E-13 -9.67668810957876E-14
gfc   109   62  5.31470816642637E-13 -7.72314216829396E-13
gfc   109   63  5.55961929177879E-13  6.70387774888693E-13
gfc   109   64  6.78241887219119E-15 -1.81485096613758E-13
gfc   109   65 -4.80740688306635E-13 -6.47951951524007E-14
gfc   109   66  7.52482537575429E-13 -1.14154238602432E-12
gfc   109   67  6.40126746824687E-13  6.55663100944663E-13
gfc   109   68  2.47650573470742E-13  3.86495182231194E-13
gfc   109   69 -1.72943809936511E-13  1.28241891568455E-13
gfc   109   70  7.20354107815897E-13 -1.80915813479204E-13
gfc   109   71  3.16549783010153E-13  7.17511997573694E-13
gfc   109   72 -4.10743386972044E-13  4.04834172879441E-13
gfc   109   73 -1.31721028813188E-13 -4.30348202055004E-13
gfc   109   74  6.67309865974115E-13  9.31359911552189E-14
gfc   109   75  5.08105548345136E-13  5.62290402731998E-13
gfc   109   76 -6.09782315068509E-13  9.70540061590946E-13
gfc   109   77 -2.69217856476547E-13 -8.45955038124699E-13
gfc   109   78  7.60284880967758E-13  6.23714792394277E-13
gfc   109   79 -8.12572396699609E-13  2.67081820515031E-13
gfc   109   80  1.22374776823337E-13 -9.80809125990030E-15
gfc   109   81  2.90300453387137E-13 -2.23048497850284E-14
gfc   109   82 -1.12437764998554E-14  1.24832978349550E-12
gfc   109   83 -1.64112057525914E-12 -8.21046222843698E-13
gfc   109   84  1.41476823813031E-12 -4.06122093327864E-13
gfc   109   85 -8.13916010094081E-13  9.91375073786299E-13
gfc   109   86  1.50883442029701E-13 -6.15763918104906E-13
gfc   109   87 -5.25999299443429E-13  4.52762691678579E-13
gfc   109   88  1.65118150426073E-14 -6.99289505482085E-13
gfc   109   89 -9.52310455211929E-14  1.78203715288333E-13
gfc   109   90  2.24889632301568E-14 -1.59709280191120E-13
gfc   109   91 -3.64781846117355E-13 -8.50771227823969E-14
gfc   109   92  5.09099075102363E-13 -2.75093135400729E-13
gfc   109   93 -4.06013065201118E-13  2.56805033208124E-13
gfc   109   94  4.04694245247868E-13 -4.06026185813121E-13
gfc   109   95 -2.42985143487238E-13  2.77351494593832E-13
gfc   109   96  3.47236427944462E-13 -4.93998043546337E-13
gfc   109   97 -6.61457003010543E-14  5.73592687047854E-13
gfc   109   98  3.27062078668740E-13 -5.45716900607077E-13
gfc   109   99  1.34639532198783E-13  7.36933116657117E-13
gfc   109  100 -5.09473345376242E-16 -4.04315065622024E-13
gfc   109  101  1.51965998360562E-13  9.75745037470639E-13
gfc   109  102 -3.95708771621677E-13 -4.48126665762697E-13
gfc   109  103  1.83010298120945E-13  8.13792260171387E-13
gfc   109  104 -1.03433416436550E-12 -3.34456771341161E-13
gfc   109  105  3.02819278876751E-13  1.74113055000442E-13
gfc   109  106 -1.14931129794068E-12 -2.08481563555322E-13
gfc   109  107  3.45348468408020E-13 -1.09282751991682E-12
gfc   109  108  3.21485490366145E-13  2.12666368358346E-13
gfc   109  109  1.77947525479619E-13 -2.48957518057073E-13
gfc   110    0 -2.42447662778096E-13  0.00000000000000E+00
gfc   110    1  5.15109014421774E-13  2.97540348149943E-13
gfc   110    2  2.41169792887529E-14 -7.58495277277212E-13
gfc   110    3  5.92449196774348E-13  4.86818595101424E-13
gfc   110    4  5.80719360231623E-13  1.59363956834648E-13
gfc   110    5 -4.35300808579298E-14  1.81773158805610E-13
gfc   110    6  2.00336900183414E-14  8.25308233639182E-13
gfc   110    7  3.56135454896948E-13 -3.74387219459392E-13
gfc   110    8 -4.55703194236876E-13 -3.46336616506413E-13
gfc   110    9  4.72757625014371E-13  4.22353612675599E-13
gfc   110   10  4.75919603236280E-13  4.34862460947872E-14
gfc   110   11 -2.88540776547844E-13  7.57332115027675E-13
gfc   110   12  5.26033053197536E-13  7.89528898328545E-13
gfc   110   13 -4.93764842728528E-13  9.27387004791794E-14
gfc   110   14 -6.35062232305951E-13 -4.01810683627950E-14
gfc   110   15  4.05276945447914E-14  2.95250930732298E-14
gfc   110   16 -6.00966584754648E-14 -1.81953186740041E-13
gfc   110   17 -1.35758399562452E-13  7.26690541116295E-13
gfc   110   18  3.40970920786502E-13  7.87771229079031E-13
gfc   110   19 -2.82922863615774E-14 -2.48836743763293E-13
gfc   110   20 -4.37138854530211E-13 -9.84245489946087E-14
gfc   110   21 -8.46381703920383E-14  2.21940383468076E-13
gfc   110   22  7.98991873234372E-13  1.08473007797546E-12
gfc   110   23 -1.57594767710394E-14 -3.49286323205386E-14
gfc   110   24 -1.73288646126763E-13  3.98315999154602E-13
gfc   110   25 -2.13494344456144E-13  6.23752272398446E-13
gfc   110   26  2.31882677581686E-13  7.80040042737874E-14
gfc   110   27 -1.78534213037684E-13 -6.74020154330901E-13
gfc   110   28 -2.84465545777897E-13 -4.58556890657337E-13
gfc   110   29 -6.93800814959155E-13 -3.31139699894977E-13
gfc   110   30 -1.06313532894248E-12  4.59944592826697E-13
gfc   110   31 -5.73688623384221E-13  1.67703950832430E-13
gfc   110   32  7.79181742148376E-14 -5.06973721749325E-14
gfc   110   33  2.80034294106828E-13 -3.53583584682602E-13
gfc   110   34  1.81578178637966E-13  4.34542875619064E-13
gfc   110   35  1.89218615013387E-13  2.53633928608142E-13
gfc   110   36 -1.69340098297808E-13  1.47071920914283E-13
gfc   110   37  4.39640014182776E-15 -7.76815701931261E-13
gfc   110   38  3.79361740258476E-13 -4.45199001958090E-13
gfc   110   39  3.46686977225608E-13 -2.46105289072195E-13
gfc   110   40 -4.41820720049901E-13 -1.27918583084117E-13
gfc   110   41 -8.77045459418553E-13 -4.52417367012913E-13
gfc   110   42 -6.39851691024412E-13 -3.21337769586031E-13
gfc   110   43  2.10228524848979E-13 -1.73968001973464E-13
gfc   110   44  7.23606154317031E-13  4.70310529777076E-13
gfc   110   45  8.01914726769739E-13 -1.89669444877053E-13
gfc   110   46 -1.97941325101087E-13 -4.36238063509152E-13
gfc   110   47  1.10561924246182E-13 -1.00311506238420E-12
gfc   110   48 -2.46551779651793E-14 -2.29243880541111E-13
gfc   110   49  5.96671309413395E-13  1.93486565327814E-13
gfc   110   50 -1.70962860014365E-13  5.08254004029434E-13
gfc   110   51 -6.25448024761740E-15 -3.43664362912243E-13
gfc   110   52 -8.54228578582760E-14 -4.48364490375172E-13
gfc   110   53  7.97564926108564E-13 -5.42471179187440E-13
gfc   110   54  4.47437238860642E-13  6.35654557517972E-13
gfc   110   55  2.30000508365966E-13 -2.64603047968926E-14
gfc   110   56 -4.54180106263130E-13  2.00385870478303E-13
gfc   110   57  9.71763456345935E-13 -4.13606247336824E-13
gfc   110   58  1.75733772534778E-13  5.69695711110317E-13
gfc   110   59  4.20872021033334E-13  3.95658991638910E-13
gfc   110   60 -8.35486825346371E-13  1.69200160449586E-13
gfc   110   61  7.63173473609523E-13 -5.34059665465147E-13
gfc   110   62  1.82878803844179E-13  1.75618329452398E-14
gfc   110   63  8.74306798071086E-13  6.56830708003697E-13
gfc   110   64 -7.39378755358933E-13  3.35475952904924E-13
gfc   110   65  2.98641440805020E-13 -1.78841246022814E-13
gfc   110   66  3.12594642431075E-13  1.52963448554927E-13
gfc   110   67  2.55183156403221E-13  7.53243154935886E-13
gfc   110   68 -5.55230167923152E-13  5.48358955010171E-13
gfc   110   69 -3.30535462821521E-13 -3.51567009179582E-13
gfc   110   70  8.20770311718336E-13  1.18490661680667E-14
gfc   110   71  6.91252793839285E-14  9.01479371036455E-13
gfc   110   72 -7.14981369242544E-13  6.94172037384862E-13
gfc   110   73 -7.52919058782023E-13 -4.74953282750220E-13
gfc   110   74  5.84854741424268E-13  7.84690266320760E-14
gfc   110   75 -5.55347268334949E-13  5.34763270597309E-13
gfc   110   76 -6.55919430887911E-13 -7.38081215996501E-14
gfc   110   77  2.36127085404944E-13 -6.61808081741369E-13
gfc   110   78  2.91235377171901E-13  9.16403018645107E-13
gfc   110   79 -1.14813814317229E-12  6.63417605187559E-14
gfc   110   80 -2.91017442908327E-13 -4.31353775380634E-13
gfc   110   81  3.17772594853812E-13 -6.13559094863121E-13
gfc   110   82  5.47385920639571E-14  8.53949921882552E-13
gfc   110   83 -1.06629219637649E-12 -9.22581835533618E-13
gfc   110   84  1.46769667954490E-12 -3.43144062310775E-13
gfc   110   85 -1.27134664392079E-12  1.02165438914076E-12
gfc   110   86  2.01673650290257E-13 -1.98043970984131E-12
gfc   110   87  9.44037957349128E-13  1.09836026871609E-12
gfc   110   88 -9.09719162774283E-13 -3.70847574811874E-13
gfc   110   89  4.14671319374649E-13 -1.57967680945686E-13
gfc   110   90  1.65950165662129E-13 -3.22504668491714E-13
gfc   110   91  2.89151720780929E-13  3.23513919947050E-13
gfc   110   92 -1.56023110511189E-13 -3.13980669169571E-13
gfc   110   93  2.60625526808387E-13  4.08021540836689E-13
gfc   110   94 -1.65612998448360E-13 -2.87078658641493E-13
gfc   110   95  3.17948009399205E-13  3.63913735999585E-13
gfc   110   96 -3.10643190710443E-13 -2.30330976372122E-13
gfc   110   97  4.86598632058087E-13  3.37467105499812E-13
gfc   110   98 -5.24856858600186E-13 -7.88345855724651E-14
gfc   110   99  4.64256692096563E-13  2.58175637215445E-13
gfc   110  100 -7.44185308408107E-13  5.93538482064970E-14
gfc   110  101  4.78405925039744E-13  3.88650001538992E-15
gfc   110  102 -9.86433779786818E-13  1.07515266487911E-13
gfc   110  103  5.31742427515298E-13 -3.05667959296626E-13
gfc   110  104 -8.12842171356330E-13  2.99870367120787E-13
gfc   110  105  4.00223401237984E-13 -8.79125801306412E-13
gfc   110  106 -3.73345603504815E-13  2.79534283601547E-13
gfc   110  107  2.92441668698029E-13 -1.11911614160790E-12
gfc   110  108  9.68423580859596E-13  4.14538421601424E-13
gfc   110  109 -1.53408592330887E-13  1.25983460864092E-13
gfc   110  110  2.77246856572047E-13  1.72076738084354E-13
gfc   111    0 -4.92569351632796E-13  0.00000000000000E+00
gfc   111    1  1.24898085035428E-13 -8.66488868160842E-13
gfc   111    2 -3.03551976214506E-13 -7.52594097016301E-13
gfc   111    3 -2.14713830473187E-13  2.95728150718318E-13
gfc   111    4  2.48159591658422E-13 -6.95995035504943E-14
gfc   111    5 -6.69795613028835E-13  1.34990218065964E-13
gfc   111    6 -1.93040394285888E-13  5.56817159747781E-13
gfc   111    7  1.43934957472634E-13 -5.23798636760741E-13
gfc   111    8 -5.79232876221875E-13 -4.60153307311394E-13
gfc   111    9  3.54419299675574E-13  5.80404772416469E-13
gfc   111   10  2.13629722885305E-13 -4.67190836052890E-13
gfc   111   11 -2.10814956746168E-13  7.30201987076639E-13
gfc   111   12 -1.39357104669005E-13  2.62015798468468E-13
gfc   111   13 -3.78753690228424E-13 -5.48851827734490E-13
gfc   111   14 -3.70004106690394E-13 -5.02701821411295E-14
gfc   111   15  3.52810737975056E-13  2.95779239636608E-13
gfc   111   16  1.43132607210468E-13 -5.21554330659621E-14
gfc   111   17 -7.60037894029880E-14  7.75536990477555E-13
gfc   111   18  1.17303606036511E-13  1.80998459432577E-13
gfc   111   19  1.53261914442414E-13 -7.83754535779698E-14
gfc   111   20 -4.03183146097135E-15 -4.13404230551517E-13
gfc   111   21 -1.11689594447117E-13  6.02402835185153E-13
gfc   111   22  9.71305676289027E-13  4.74014572282765E-13
gfc   111   23  4.15915107884582E-13  1.50529424701115E-13
gfc   111   24 -7.14689271533478E-13  3.03069496816682E-13
gfc   111   25 -3.80744341794094E-13  3.40209789500721E-13
gfc   111   26  7.05835878380091E-13 -4.88551011917775E-13
gfc   111   27  4.38350831911070E-13 -3.91268012411954E-13
gfc   111   28 -4.96764014723119E-14 -4.20410735514517E-13
gfc   111   29 -1.04048681311987E-12  6.28146231648268E-14
gfc   111   30 -8.96510371080649E-13  3.11621387871406E-13
gfc   111   31 -1.03412013238883E-13  2.53023809281132E-13
gfc   111   32  4.98297071591841E-13 -1.38958460917110E-13
gfc   111   33  4.56613636145719E-13 -2.25303085099321E-14
gfc   111   34 -7.62798626088130E-14  4.09078724807705E-13
gfc   111   35 -2.53635241377943E-13  1.85214383076523E-13
gfc   111   36  3.23563821538014E-13 -3.75111672221525E-13
gfc   111   37  4.22722559540199E-13 -6.07154733585404E-13
gfc   111   38  7.12641480729331E-13 -2.70356744319777E-13
gfc   111   39  5.26548137493615E-14 -1.17684476254177E-13
gfc   111   40 -2.68259723175799E-14  7.30669203570388E-14
gfc   111   41 -8.05506970657662E-13 -6.43792947024499E-13
gfc   111   42  3.23115605635137E-14  3.65529519370703E-15
gfc   111   43  2.23613909890263E-13  5.54196676360536E-13
gfc   111   44  7.34654449953950E-13  9.70075470293198E-13
gfc   111   45  1.90843181585654E-13 -1.53324670585209E-13
gfc   111   46  2.16601399411688E-13 -4.18483137481916E-13
gfc   111   47 -4.43150872401039E-14 -9.44282989128099E-13
gfc   111   48  3.85430884199045E-13  1.93715223892434E-13
gfc   111   49  1.66790811128942E-14  4.32799193463505E-13
gfc   111   50  2.13544934323760E-13  5.86088842959250E-13
gfc   111   51 -2.05672691536957E-13 -1.78927149674245E-13
gfc   111   52  6.59587884220392E-13  1.35520797176465E-13
gfc   111   53 -9.79076837838729E-15  3.41208470936987E-13
gfc   111   54  2.41060082773732E-13  8.14190936313154E-13
gfc   111   55 -9.26711638897259E-13 -2.36298037960518E-13
gfc   111   56  2.89842991319535E-13  4.48454678673182E-14
gfc   111   57  4.47412420516188E-13 -3.01996643938977E-13
gfc   111   58  4.99674775970131E-13  1.04828253048921E-12
gfc   111   59 -5.39223298080628E-13  1.64223664252536E-13
gfc   111   60 -2.71184504640614E-13  4.02411418203292E-13
gfc   111   61  1.11701946336482E-13 -3.23275428650939E-13
gfc   111   62  7.32435641307978E-14  7.19655116342403E-13
gfc   111   63 -3.82835413251859E-13  3.29962362955455E-13
gfc   111   64 -8.06024671782609E-13 -7.21550819557977E-14
gfc   111   65  3.70115216376128E-14 -3.07888206980395E-13
gfc   111   66  3.55658171098032E-13  2.79548552599461E-13
gfc   111   67 -2.96279948237167E-13  7.52643161271757E-13
gfc   111   68 -8.67904502530700E-13 -1.03305446640491E-13
gfc   111   69 -1.08142171754150E-13 -4.58258916182668E-13
gfc   111   70  2.98377845280358E-13  2.91201417326125E-13
gfc   111   71 -9.25057080243055E-13  2.62649458700911E-13
gfc   111   72 -4.04819897042715E-13 -4.96030066647526E-13
gfc   111   73 -8.40945092671895E-15 -7.47460745984834E-13
gfc   111   74  5.90927064760964E-13  4.59898459145693E-13
gfc   111   75 -1.02911490639953E-12  6.04774782943195E-14
gfc   111   76 -1.18200573299438E-13 -3.36071617721020E-13
gfc   111   77 -7.93496935762945E-14 -8.65816915068512E-13
gfc   111   78  6.49806892199615E-13  4.47125740275595E-13
gfc   111   79 -9.54059638990250E-13 -3.25068532919128E-13
gfc   111   80  7.39939244114260E-13 -5.08847840002740E-13
gfc   111   81  1.50579399786405E-13  3.22663253065349E-13
gfc   111   82 -4.26621949786605E-13  1.78612019379173E-13
gfc   111   83 -2.21760049363525E-13 -1.22791293689953E-12
gfc   111   84  1.42375360552326E-12  4.70410869634024E-14
gfc   111   85 -5.53995119001361E-13  7.63167811384780E-13
gfc   111   86  1.61283882287460E-13 -9.08243976352418E-13
gfc   111   87  5.38729301311953E-13  6.96157297457984E-13
gfc   111   88 -5.68903498819130E-13 -5.13596713433741E-13
gfc   111   89  1.22839601408227E-12  1.70865128647304E-13
gfc   111   90 -7.32916093426875E-13  4.94166342979670E-13
gfc   111   91  5.01336675576052E-13 -3.42734624191989E-13
gfc   111   92 -1.08165482065930E-13  4.20854444956631E-13
gfc   111   93  2.26016913639605E-13  9.48319872641995E-14
gfc   111   94 -4.98367327447683E-13  1.81663290597821E-13
gfc   111   95  3.38229979890789E-13 -1.27080430961274E-13
gfc   111   96 -4.22937115637150E-13  3.25300653009294E-13
gfc   111   97  2.33092914048408E-13 -2.16733714022823E-13
gfc   111   98 -5.10668479617389E-13  3.49922764122224E-13
gfc   111   99  1.23395007097797E-13 -4.23480825152433E-13
gfc   111  100 -3.28661797695558E-13  3.59606751011210E-13
gfc   111  101  9.48621016914292E-14 -7.05581665201362E-13
gfc   111  102 -1.09237318025145E-13  4.24655286955872E-13
gfc   111  103 -5.72582358060122E-14 -9.27907983412425E-13
gfc   111  104  3.02277827437696E-13  4.60952033485702E-13
gfc   111  105 -1.50348213690759E-13 -8.61408155673225E-13
gfc   111  106  8.43304076394366E-13  4.33009930292118E-13
gfc   111  107 -2.76081931088098E-13 -3.66056399874806E-13
gfc   111  108  1.10480460865721E-12  3.06730223172540E-13
gfc   111  109 -4.70471019304585E-13  9.78827138318723E-13
gfc   111  110 -2.42266613513991E-13 -1.19453506238215E-13
gfc   111  111 -2.14045519015834E-13  2.04684960878259E-13
gfc   112    0 -2.17740046897685E-13  0.00000000000000E+00
gfc   112    1  3.84009834025462E-13 -3.41930533782345E-14
gfc   112    2 -6.75483774181306E-14 -1.90048201741953E-13
gfc   112    3  4.84377280123215E-13  3.58634017656550E-13
gfc   112    4  5.16891263741703E-13  1.85786053520990E-13
gfc   112    5  1.73254860721355E-14 -2.68636346328960E-13
gfc   112    6  2.18361511064140E-13  4.35032104925392E-13
gfc   112    7  5.78280437540966E-13 -5.84870426311919E-13
gfc   112    8 -1.38970919594819E-13  1.38920879316042E-15
gfc   112    9  5.10857140519435E-13  5.21854904103800E-13
gfc   112   10  3.65649933220257E-13  3.93646035002597E-13
gfc   112   11 -1.26966846680721E-13  3.50155381809233E-13
gfc   112   12  2.57604377352623E-13  3.22002896351595E-13
gfc   112   13  6.07997216119040E-14 -2.91737390443679E-13
gfc   112   14 -2.39850907057138E-13  1.69855981356169E-13
gfc   112   15  4.33816601146817E-13  3.27417468740547E-13
gfc   112   16 -3.28954966087800E-14  3.29437806425010E-13
gfc   112   17  1.74259533253823E-13  2.88250796373580E-13
gfc   112   18 -4.01909671985219E-15  1.33232197792888E-13
gfc   112   19  7.94401745349402E-13 -2.02132480865783E-13
gfc   112   20  2.17519282924415E-13 -2.36871937624664E-13
gfc   112   21  4.72366296259233E-13  7.21124262698190E-13
gfc   112   22  7.29680853260061E-13  1.17594013883769E-12
gfc   112   23  8.54100191307789E-14 -2.19163298611143E-13
gfc   112   24 -3.36175606887249E-13 -2.96748999935217E-13
gfc   112   25  3.17065912693245E-13  5.50547484583012E-13
gfc   112   26  6.65786115218845E-13  1.91691232761158E-13
gfc   112   27  1.97409655232355E-13 -7.17775672460417E-14
gfc   112   28 -5.04135543510590E-13 -5.10989559904379E-13
gfc   112   29 -9.63535034481217E-13 -1.47534689004762E-13
gfc   112   30 -5.43349161221489E-13  1.90095089149330E-13
gfc   112   31  2.02229425469095E-13  4.29150783021663E-13
gfc   112   32  8.69740451953320E-13  3.38506184245331E-13
gfc   112   33  2.03560019410545E-13  1.10369625704715E-13
gfc   112   34 -1.57866213117395E-13  4.12170217134123E-13
gfc   112   35 -1.61309750800332E-13  1.74473296262920E-13
gfc   112   36  4.49437088297038E-13 -2.07033979212510E-13
gfc   112   37  4.62382105148142E-13 -3.01204731089403E-13
gfc   112   38  1.38893279191397E-13  5.07020448362666E-14
gfc   112   39 -3.44060925264809E-13  3.92412725176396E-13
gfc   112   40 -5.01233472975859E-13 -5.25027620769727E-13
gfc   112   41 -2.71232308702820E-13 -2.92564535783479E-13
gfc   112   42 -3.41324425343197E-14 -6.44782697246598E-14
gfc   112   43  4.35004090322134E-14  1.10692216560112E-12
gfc   112   44  2.91726078429530E-13  8.52128658989476E-13
gfc   112   45  1.68582516385057E-13  1.18922693292616E-13
gfc   112   46  1.95629349274814E-13 -6.02288245483376E-13
gfc   112   47 -5.71252878717527E-14 -1.73465504905776E-13
gfc   112   48 -3.25780390655576E-13  3.13762497682002E-13
gfc   112   49 -5.56347763159805E-13  7.03000598523358E-13
gfc   112   50 -3.09425990882052E-13 -1.75817802267161E-13
gfc   112   51 -1.36024309008213E-13 -1.14180712144704E-13
gfc   112   52  4.67475885147323E-13 -1.90181513832842E-13
gfc   112   53 -1.66967520007703E-13  7.39923184879666E-13
gfc   112   54 -1.98242025302232E-13  1.54521479708120E-13
gfc   112   55 -9.04546620970265E-13 -5.29244290828206E-14
gfc   112   56  3.66068758867122E-13 -3.73889852498450E-13
gfc   112   57 -1.54490039683820E-13  3.80482238895397E-13
gfc   112   58 -8.14529724489200E-14  3.46457150815854E-13
gfc   112   59 -9.93491561279209E-13 -2.43365820306724E-13
gfc   112   60  1.65397423306425E-13 -4.85551434167477E-13
gfc   112   61  5.44209261049151E-14 -2.34393778990623E-13
gfc   112   62  1.15779693182711E-13  5.27559310087061E-13
gfc   112   63 -7.31983879694326E-13 -1.48136891831204E-14
gfc   112   64 -2.99440138069566E-13 -3.04570645053421E-13
gfc   112   65 -5.39431146178845E-14 -3.09866190040095E-13
gfc   112   66  3.26552108586487E-13  1.08899751782261E-13
gfc   112   67 -7.60297833382780E-13  2.29278004524586E-13
gfc   112   68 -5.23249832398534E-14 -9.47420393037450E-13
gfc   112   69  2.81081978938816E-13 -2.50392602113982E-13
gfc   112   70  5.68486088086364E-13 -1.43441880105540E-13
gfc   112   71 -8.33092916065215E-13  5.41605354488623E-13
gfc   112   72 -9.99271856700033E-14 -9.34421875067704E-13
gfc   112   73  3.13174909307955E-15 -2.79164824887591E-13
gfc   112   74  7.28008509236832E-13 -2.89495120413577E-13
gfc   112   75 -4.39086365395501E-13  2.90971603811735E-13
gfc   112   76  3.28099763232842E-13 -7.81329809601020E-13
gfc   112   77  5.22754292179821E-13  5.44897453693656E-14
gfc   112   78  2.79085976706382E-13  6.86095370133388E-13
gfc   112   79 -9.64275175637618E-13 -5.59932404827866E-13
gfc   112   80  1.28680362696000E-12 -5.27607582676355E-13
gfc   112   81  1.42836512486208E-13  6.60802822960902E-13
gfc   112   82  2.66194514224288E-13  2.48788442408547E-13
gfc   112   83 -4.24106542874952E-13 -3.20723087465705E-13
gfc   112   84  1.20475926013597E-12  2.49072278399833E-13
gfc   112   85 -9.85683838708976E-13  9.04886732742087E-13
gfc   112   86  4.57269635565585E-13 -1.18624434283773E-12
gfc   112   87  8.62570711125610E-13  1.23978686531358E-12
gfc   112   88 -1.19638195011527E-12  3.02299578999929E-13
gfc   112   89  4.44349042246109E-13 -6.74146762476240E-13
gfc   112   90 -3.03471296011845E-15  7.18444436120873E-13
gfc   112   91 -1.37339357699801E-13 -2.08154984887081E-13
gfc   112   92 -8.80622051071683E-14  5.35774153244808E-13
gfc   112   93 -2.43783842627222E-13 -5.04968781548218E-13
gfc   112   94  1.67267415450880E-14  4.49522438256089E-13
gfc   112   95 -3.26788930326996E-13 -4.34143328034767E-13
gfc   112   96  6.65138323019996E-14  2.47621988609800E-13
gfc   112   97 -2.58828091165867E-13 -4.13721588551120E-13
gfc   112   98  2.49203887606050E-13  2.75945571308806E-13
gfc   112   99 -3.35115047751932E-13 -4.66328418562983E-13
gfc   112  100  4.52902052449721E-13  1.51587237523512E-13
gfc   112  101 -4.29621874855425E-13 -3.39478085175968E-13
gfc   112  102  7.54277560923010E-13  1.23849690620415E-13
gfc   112  103 -6.08556150740099E-13 -1.97425038039238E-13
gfc   112  104  9.04696735489677E-13 -3.25652769922953E-14
gfc   112  105 -4.68447317225702E-13  2.37371840150453E-13
gfc   112  106  9.62860409435745E-13 -1.51010017659528E-13
gfc   112  107 -4.17833757853608E-13  8.54816618438508E-13
gfc   112  108  3.57734368836862E-13 -1.93108424652606E-13
gfc   112  109 -3.54828725007224E-13  1.10471547506247E-12
gfc   112  110 -8.28885086262278E-13 -5.19251674691218E-13
gfc   112  111  3.78455592960672E-14 -1.48916294641543E-13
gfc   112  112 -2.81852631404497E-13 -3.02470184984512E-13
gfc   113    0  3.49353534196881E-14  0.00000000000000E+00
gfc   113    1 -1.95613355333761E-13 -5.94693908979453E-13
gfc   113    2  4.57359785226306E-14 -4.49699565776765E-13
gfc   113    3 -3.40000931922611E-13 -3.59496660235256E-14
gfc   113    4  2.59035984064951E-13 -3.87514776896818E-13
gfc   113    5 -3.57201888330915E-14 -1.52828986489252E-13
gfc   113    6  2.05065679302765E-13 -2.53678875796856E-14
gfc   113    7  2.65612833840441E-13 -2.89315633122362E-14
gfc   113    8  5.19402691846021E-14 -8.83319068705242E-14
gfc   113    9 -1.61404444012439E-13  5.11250082719630E-13
gfc   113   10  1.34445725361500E-13  6.28753124546020E-14
gfc   113   11  6.69973487079169E-14 -1.28845226755805E-13
gfc   113   12  5.41691126068299E-14  2.17425651392630E-13
gfc   113   13  1.29658465055041E-13 -2.19839680057331E-13
gfc   113   14  1.74629139175845E-13  5.44876623983596E-13
gfc   113   15 -6.54891924476696E-14  5.15656835901292E-13
gfc   113   16  1.07196470177464E-13  4.58403074536436E-13
gfc   113   17 -1.71511853398079E-13 -1.97023543686930E-13
gfc   113   18  8.96772584195205E-14  2.51075876923901E-14
gfc   113   19  9.36305286089143E-13 -4.74722675830667E-14
gfc   113   20  3.74246180698544E-13 -1.50349152213518E-14
gfc   113   21  1.15477419119927E-13  8.11361400152715E-13
gfc   113   22  5.40479780029563E-13  5.13735461559558E-13
gfc   113   23  8.28545545967772E-13 -1.79802606286306E-13
gfc   113   24 -2.74842810894126E-13  1.18264438519589E-13
gfc   113   25  3.10461308899267E-13  5.59311551388796E-13
gfc   113   26  5.87850374005235E-13  4.32565330753362E-13
gfc   113   27  3.57521058455302E-13  1.00505701896750E-13
gfc   113   28 -9.57330721460722E-13 -1.90355792833232E-13
gfc   113   29 -1.02470469081703E-12  1.05258839799348E-13
gfc   113   30 -6.58145175085719E-13  1.82883685050882E-13
gfc   113   31  4.07306726783025E-13  6.68725073684189E-13
gfc   113   32  2.92135249566640E-13  3.21035436606793E-13
gfc   113   33  1.01000105154036E-13  2.67419571006455E-13
gfc   113   34 -5.85814395787087E-13 -7.62515329877234E-14
gfc   113   35  1.06789691036723E-13  7.36644846438168E-14
gfc   113   36  4.72034233702390E-13 -4.14938774783526E-13
gfc   113   37  3.89264829529971E-13  1.32256994632667E-13
gfc   113   38 -4.71466361300496E-13  6.62555358012084E-14
gfc   113   39 -5.91631023703655E-13  7.99544493029154E-14
gfc   113   40 -4.72978292977408E-13 -5.22373769617400E-13
gfc   113   41 -2.54234003257099E-13 -2.95771038054188E-13
gfc   113   42 -4.73939144340684E-13  1.85872076435313E-13
gfc   113   43 -3.28876302842071E-13  1.04742308284097E-12
gfc   113   44 -2.69476889053687E-13  2.07838781529150E-13
gfc   113   45  3.48147852379664E-13 -3.16613245118346E-13
gfc   113   46  3.58746846593770E-13 -8.79278933278258E-13
gfc   113   47  5.52549818810318E-14 -1.32715796899522E-13
gfc   113   48 -5.98272142326251E-13  1.27607238698819E-13
gfc   113   49 -4.33822662811255E-13  3.94792127384530E-13
gfc   113   50 -4.60419951648790E-13 -4.50291045304956E-13
gfc   113   51  3.93592145051873E-13  9.79699281411365E-14
gfc   113   52 -1.53525354048939E-13 -2.97875666163515E-13
gfc   113   53 -1.05502158578106E-13  4.30374718990799E-13
gfc   113   54 -7.56521986143660E-13 -8.31093188915315E-13
gfc   113   55  7.44667888462096E-14 -1.84187633426505E-13
gfc   113   56  3.38173705137309E-13 -6.60079939078879E-13
gfc   113   57  3.91647568788715E-13  8.32981880330483E-13
gfc   113   58 -4.82411879334669E-13 -2.75864476137743E-13
gfc   113   59 -4.34886682591973E-13 -1.82298214513761E-13
gfc   113   60  2.43772110258869E-13 -7.11909424180695E-13
gfc   113   61  2.80375295541121E-13  1.89448831689896E-13
gfc   113   62 -3.32998700290124E-13 -8.69740953124019E-14
gfc   113   63 -5.98671382611070E-14 -2.40624899751228E-13
gfc   113   64  1.20755078892195E-13 -6.56413324864265E-13
gfc   113   65  9.55293655177934E-13  3.04107056885345E-13
gfc   113   66 -2.19662722700820E-13  1.69252441295931E-13
gfc   113   67 -3.76469566923573E-14  2.11962490753291E-13
gfc   113   68 -1.93624051706650E-13 -8.53938305505688E-13
gfc   113   69  9.24008090664724E-13  1.06836792015820E-13
gfc   113   70  6.71532731253327E-14  1.37118461069465E-13
gfc   113   71 -3.86589883988356E-13  2.22906663354461E-13
gfc   113   72  4.85903215449808E-13 -1.02805154109782E-12
gfc   113   73  7.21374506772040E-13  9.38542822463281E-13
gfc   113   74 -9.51853800024195E-14  2.91868504618431E-13
gfc   113   75 -6.19964543758414E-13  2.34069514783282E-13
gfc   113   76  5.97286134210200E-13 -8.47290973012697E-13
gfc   113   77  4.09380442323052E-13  8.42048518991352E-13
gfc   113   78  6.38202387742233E-14  1.06976647874468E-13
gfc   113   79 -4.54548096939113E-13  2.66812851277437E-13
gfc   113   80  6.71108461656379E-13 -2.27139462060694E-13
gfc   113   81 -3.66069509882960E-13  1.11579279267136E-12
gfc   113   82 -4.45364380319656E-13 -5.23878299005648E-13
gfc   113   83  2.11206988476752E-13 -1.67051541950777E-13
gfc   113   84  8.92468015346878E-13  6.91042475539518E-13
gfc   113   85 -1.42769366450147E-12  9.32518620110246E-13
gfc   113   86  3.26304897285144E-13 -1.14914674517553E-12
gfc   113   87 -4.47428553158513E-14  1.20639602126564E-12
gfc   113   88 -6.83633078260989E-13 -7.17492847238817E-13
gfc   113   89  6.24476718449612E-13  7.68814116710772E-14
gfc   113   90 -6.21238071748178E-13  6.12520226252395E-13
gfc   113   91 -4.67932215201010E-13 -8.63355935015214E-13
gfc   113   92  6.00922591654693E-13  2.72841372452508E-13
gfc   113   93 -7.43217227794234E-13 -3.13597507913108E-14
gfc   113   94  3.10156943723641E-13 -2.30792759862379E-13
gfc   113   95 -3.27749169600514E-13 -1.36919085133500E-13
gfc   113   96  3.98018264091178E-13 -2.04462538279058E-13
gfc   113   97 -2.58254083190612E-13  2.81099443322584E-14
gfc   113   98  4.96273953890884E-13 -2.44588784925817E-13
gfc   113   99 -2.92715867339279E-13  1.62945910126977E-13
gfc   113  100  4.68077141428641E-13 -2.56217559786248E-13
gfc   113  101 -1.93098187201736E-13  3.15818684278804E-13
gfc   113  102  4.36218547035483E-13 -2.96061129783477E-13
gfc   113  103 -1.10051057489555E-13  7.28338437193362E-13
gfc   113  104  1.36919005167911E-13 -3.66954420168869E-13
gfc   113  105 -2.13475994338636E-15  7.93766647210904E-13
gfc   113  106 -3.01908644176900E-13 -4.74080706187017E-13
gfc   113  107  1.57178045788282E-15  7.84958555450753E-13
gfc   113  108 -7.14569782435871E-13 -4.46355594095075E-13
gfc   113  109  1.88689782613641E-13  2.04325764677099E-13
gfc   113  110 -1.01539389210654E-12 -4.50854620146015E-13
gfc   113  111  5.98719175374146E-13 -8.26614115971539E-13
gfc   113  112  2.41978049834585E-13  2.16671615498227E-13
gfc   113  113  3.10934371212944E-13 -1.70269683815271E-13
gfc   114    0 -3.84874344912506E-13  0.00000000000000E+00
gfc   114    1 -2.53490203342653E-13  6.67698877683853E-13
gfc   114    2 -3.02324060722249E-13  1.26956983466295E-13
gfc   114    3 -1.79003219704569E-13 -3.58017828940217E-14
gfc   114    4  3.35704387805027E-13  1.09875634532074E-13
gfc   114    5  4.51693991357302E-13 -2.61386038615220E-13
gfc   114    6  1.13609841197001E-13  1.41466105834904E-13
gfc   114    7  3.96626761571821E-13  4.59649349357183E-13
gfc   114    8  7.03165463128571E-14  2.55937253144537E-14
gfc   114    9 -4.32148411085764E-13  4.63578558532615E-13
gfc   114   10  4.98788442938260E-13  3.18254850875270E-13
gfc   114   11  6.63778505661779E-14 -2.58563858382713E-13
gfc   114   12  3.22033448072797E-13  2.31136002860098E-13
gfc   114   13  4.12788774562660E-13  5.13784793368526E-13
gfc   114   14  2.45060869212768E-15  4.74819277279022E-13
gfc   114   15 -3.90190380135465E-13  5.81439260403069E-13
gfc   114   16  2.04757032504179E-13  2.09847927423883E-13
gfc   114   17 -1.67901814325951E-13 -3.29378124627138E-13
gfc   114   18  2.17437300203134E-13  3.99716470967760E-13
gfc   114   19  7.02963337598828E-13  3.35036321948598E-13
gfc   114   20  1.26490021979474E-13 -6.10819362066354E-16
gfc   114   21 -2.52407558594239E-13  3.92439239465843E-13
gfc   114   22  3.59449639610517E-13  6.12414903108079E-13
gfc   114   23  2.52742066837388E-13 -6.33766209883366E-13
gfc   114   24  2.87803993175512E-13 -3.02023386493639E-13
gfc   114   25  3.56834056020060E-13  4.91458808108205E-13
gfc   114   26  4.88355067352860E-13  7.09801288280435E-13
gfc   114   27 -3.85889837938753E-13 -4.44636793132147E-13
gfc   114   28 -7.97710741682022E-13 -4.27890515502955E-13
gfc   114   29 -6.49480439707842E-13 -2.67079303301433E-13
gfc   114   30 -9.83020793623812E-14  5.67326131253344E-13
gfc   114   31  1.22618908153262E-13  7.64664646017023E-13
gfc   114   32  3.03525949897801E-13  6.27555418788514E-13
gfc   114   33 -4.15084194233065E-13 -3.29897738260741E-13
gfc   114   34 -2.51591058570137E-13 -1.12814755174310E-13
gfc   114   35  2.52181595984087E-13 -3.35201441109313E-13
gfc   114   36  4.56944679498271E-13 -1.35051221274784E-15
gfc   114   37  1.05459188328518E-14 -3.56316708623787E-13
gfc   114   38 -6.34387305635439E-13 -1.75707113723754E-13
gfc   114   39 -4.15194426900579E-13 -5.13412280817261E-13
gfc   114   40 -1.81588982437953E-13 -4.49913085336037E-13
gfc   114   41  2.93888648297271E-13 -2.39800280788955E-13
gfc   114   42 -4.56935115411362E-13  4.91956517537532E-13
gfc   114   43 -5.43516076492889E-13  3.66888834398756E-13
gfc   114   44 -1.78035840026366E-13  2.48059456093959E-13
gfc   114   45  6.53469669874585E-13 -6.29378233609245E-13
gfc   114   46  4.68031132333094E-13 -4.32170532484666E-13
gfc   114   47  2.54656991425173E-14 -4.10748806387487E-13
gfc   114   48 -6.46755488780113E-13  1.67722558783593E-14
gfc   114   49 -1.98656955845114E-13 -4.96835687565081E-13
gfc   114   50  5.95522638740081E-14 -7.55267648444233E-14
gfc   114   51  9.04018168838827E-13 -1.74010157404259E-13
gfc   114   52 -3.60277744267067E-14  4.06416520584213E-13
gfc   114   53  7.95064885895749E-14 -1.19437394110662E-13
gfc   114   54 -5.36703407140762E-13 -4.36444881811440E-13
gfc   114   55  4.30316904587554E-13 -3.41027403693544E-13
gfc   114   56  1.51486084485705E-13  1.74260199330549E-13
gfc   114   57  3.62727294438739E-13  2.86832949473044E-13
gfc   114   58 -3.20928392455329E-13 -2.67900217712124E-13
gfc   114   59  3.48594424151956E-13 -3.93236723973403E-13
gfc   114   60  5.52864224584742E-13  2.03044836607390E-13
gfc   114   61  3.05147402644933E-13  4.31739517496327E-13
gfc   114   62 -5.55571752351976E-13  4.13690743413537E-13
gfc   114   63  9.72323783145881E-14 -4.39659936725568E-13
gfc   114   64  1.53572634192301E-13  1.66888911582113E-14
gfc   114   65  6.28741794859438E-13  3.32108285640426E-13
gfc   114   66 -4.39774283897612E-13  2.98409549164503E-13
gfc   114   67  2.70721949941667E-13 -2.00394679172350E-13
gfc   114   68  2.96674924492579E-14 -3.12034682704019E-13
gfc   114   69  8.88209565786836E-13  7.25702486541591E-13
gfc   114   70 -8.18726726186561E-13  4.23467849863227E-13
gfc   114   71  8.51252821868898E-14  5.03669096015499E-14
gfc   114   72 -1.69332113044592E-13 -4.26526784538877E-13
gfc   114   73  6.64568876867525E-13  6.27826436782559E-13
gfc   114   74 -6.64869881966196E-13  2.18394449322390E-13
gfc   114   75  1.67956092927904E-14  2.34772843881175E-13
gfc   114   76 -3.95401706379594E-15 -3.94141463885782E-14
gfc   114   77  8.83734829269139E-14  6.65293768850331E-13
gfc   114   78 -7.86994100664839E-13 -1.24120892527393E-14
gfc   114   79 -3.91476807999663E-13 -3.81576731863198E-13
gfc   114   80  6.18783667755239E-13 -1.57648220280917E-13
gfc   114   81 -6.03303758008810E-13  1.11500503449156E-12
gfc   114   82 -6.23641026010908E-13 -8.86767489787962E-13
gfc   114   83  1.52488744644088E-13  1.64055165050741E-13
gfc   114   84 -1.33473741654473E-13 -1.47574774589485E-13
gfc   114   85 -6.15791989949145E-13  3.24776273888578E-13
gfc   114   86  2.25024332184156E-13 -1.19823479302983E-12
gfc   114   87  4.77383070330487E-13  1.20674982390581E-12
gfc   114   88 -1.32245201559775E-12 -7.21339765772685E-13
gfc   114   89  8.27945552485832E-13 -5.95002537162090E-13
gfc   114   90 -6.88549665096642E-14  1.70870318420942E-13
gfc   114   91 -1.33875626125650E-14 -6.83342215299722E-14
gfc   114   92 -4.43908616856843E-14 -1.46840785006081E-13
gfc   114   93 -7.58705570728877E-14 -4.53467082359562E-14
gfc   114   94  3.52734837133213E-13 -3.93518718136333E-13
gfc   114   95 -5.08567573015320E-17  4.63763557906965E-13
gfc   114   96  1.29773574797818E-13 -5.21237255496787E-13
gfc   114   97  1.86007264360806E-13  4.60164113956241E-13
gfc   114   98 -5.83252099541081E-14 -3.36805737406346E-13
gfc   114   99  1.32418153722320E-13  4.67805709704622E-13
gfc   114  100 -1.04957043377506E-13 -3.19205872481576E-13
gfc   114  101  3.37275351677100E-13  4.65196245374656E-13
gfc   114  102 -3.88899451907866E-13 -2.91909009604588E-13
gfc   114  103  3.85836046522324E-13  5.08666287249342E-13
gfc   114  104 -6.60958375073110E-13 -2.08397457693376E-13
gfc   114  105  3.75418708780918E-13  2.37859029909822E-13
gfc   114  106 -8.42918260981253E-13 -1.45485319435800E-13
gfc   114  107  4.52274344563425E-13 -5.29923874616526E-14
gfc   114  108 -8.28763981377402E-13 -5.75284111579492E-14
gfc   114  109  4.62342519882937E-13 -6.00671220727256E-13
gfc   114  110 -3.02539481497389E-13  1.64374410751183E-13
gfc   114  111  4.98109335957481E-13 -9.50435995144675E-13
gfc   114  112  6.99662860505744E-13  5.51399247177533E-13
gfc   114  113 -1.80694404944604E-13  2.15739918934642E-13
gfc   114  114  1.42839090164349E-13  3.72879559801530E-13
gfc   115    0 -1.02595429494292E-13  0.00000000000000E+00
gfc   115    1 -5.66944250406567E-13  5.70910640163014E-14
gfc   115    2  3.33117991798549E-14 -4.88146796686839E-13
gfc   115    3 -5.33564404125309E-13 -7.25224073490379E-13
gfc   115    4  7.54824406542025E-14 -3.35618092514552E-13
gfc   115    5  6.76276921017962E-13 -5.04096943431158E-13
gfc   115    6 -4.75510153816622E-13 -1.09157128990043E-13
gfc   115    7  3.68714461593368E-13  5.97821911104624E-13
gfc   115    8 -1.52528751384538E-13 -4.52521186944073E-13
gfc   115    9 -3.72845416056967E-13  1.49725615185155E-13
gfc   115   10  2.99128357160971E-13 -2.69477893123979E-13
gfc   115   11  4.73654872461577E-13 -6.52876495899639E-13
gfc   115   12 -3.94603871884570E-16  2.58502676220193E-13
gfc   115   13  4.09821043432322E-13  3.45533393192021E-13
gfc   115   14 -1.15706212519519E-13  1.13485937355634E-13
gfc   115   15 -1.87377341138735E-13  4.36000025815600E-13
gfc   115   16  3.82483647893255E-13 -2.92569552996342E-13
gfc   115   17 -1.38645482276335E-13 -3.89427956225840E-13
gfc   115   18  3.65584698279333E-13  1.77372163478215E-13
gfc   115   19  6.27525786683863E-13  4.65142327000717E-13
gfc   115   20  2.29231593719001E-13 -3.72241224662161E-14
gfc   115   21 -1.78232849814182E-13  2.38824298401986E-13
gfc   115   22  3.85516945895806E-13 -1.64377604996211E-13
gfc   115   23  8.94585765478519E-13 -1.31252862137258E-13
gfc   115   24  1.64943650342845E-13  1.35072420663017E-13
gfc   115   25 -2.07060356350660E-13  5.28451803582541E-13
gfc   115   26  3.35161532772143E-13  4.68117494682696E-14
gfc   115   27 -2.84821677243295E-14 -6.05932060174978E-13
gfc   115   28 -4.07161946173133E-13 -4.67172570047833E-13
gfc   115   29 -6.22022104741648E-13  1.03606781910391E-13
gfc   115   30  2.47826122961662E-14  5.31229539759046E-13
gfc   115   31  2.85089883378158E-13  7.20590067694508E-13
gfc   115   32  2.70777144297508E-13  1.16599221718227E-13
gfc   115   33  8.19026292384506E-14 -1.78550067103297E-13
gfc   115   34  2.41443885688935E-13 -3.33924931766815E-13
gfc   115   35  4.60901884901389E-13  9.66341163297050E-15
gfc   115   36  4.90263929170637E-13  7.98841650376686E-14
gfc   115   37 -1.93250460344961E-13 -1.09218488880197E-13
gfc   115   38 -4.94294023724567E-13 -2.74283219537100E-13
gfc   115   39 -2.15112603506284E-13 -6.62326189771766E-13
gfc   115   40  3.55259401299606E-13 -1.37916717897022E-13
gfc   115   41 -8.61980011273806E-14 -3.43495725737452E-14
gfc   115   42 -4.49159840795368E-13  4.14443911741146E-13
gfc   115   43 -3.12304029597335E-13  2.68042643586323E-13
gfc   115   44  4.29561792163466E-13  2.17350890451559E-14
gfc   115   45  8.33527498217567E-13 -1.63983265963755E-13
gfc   115   46  6.31574717662017E-13  3.39728480411087E-15
gfc   115   47 -2.68697605637516E-13 -1.11901617758500E-13
gfc   115   48 -4.82133615829001E-13 -4.39854521218943E-14
gfc   115   49 -2.05207009321578E-13 -3.30791922774280E-13
gfc   115   50  3.54439449030341E-13  2.27371872534001E-13
gfc   115   51  3.66176895300877E-13  3.83819204378958E-14
gfc   115   52 -1.36251491627524E-14  4.83816241365352E-13
gfc   115   53  1.26911643302170E-14 -5.09080819258072E-13
gfc   115   54  1.26182923338338E-13 -1.01531233058360E-13
gfc   115   55  4.53384876474889E-13 -7.28818449360810E-14
gfc   115   56  7.00325236981918E-14  1.01050325402601E-12
gfc   115   57 -2.83684190681081E-13  1.14755786617262E-13
gfc   115   58 -2.35682326655024E-13 -2.25197698736747E-14
gfc   115   59  1.97768064950524E-13 -3.15548169524476E-13
gfc   115   60  4.51011435881939E-13  5.93911084698913E-13
gfc   115   61 -3.57492143132151E-13  6.33076577441053E-14
gfc   115   62 -1.69484913299644E-13  4.13062194411464E-13
gfc   115   63  6.03190913011487E-14 -5.20545662617162E-13
gfc   115   64  4.12528472499951E-13  8.78548921670746E-13
gfc   115   65 -2.80297972984967E-13  1.08038519399657E-13
gfc   115   66 -6.47490441378602E-13  5.68307371158447E-13
gfc   115   67 -2.52209596312709E-13 -9.96890595131403E-13
gfc   115   68  1.84296010839244E-13  4.80137845039500E-13
gfc   115   69  9.68340706193920E-14  4.83935065243768E-15
gfc   115   70 -7.01949216648948E-13  5.18881008367145E-13
gfc   115   71 -9.12204573694300E-14 -5.58644791833203E-13
gfc   115   72  1.19893170050068E-13  1.39925278593498E-13
gfc   115   73  3.53291105475963E-14  5.35854589194650E-13
gfc   115   74 -1.22099139325442E-12 -8.50071998965999E-14
gfc   115   75  8.11056922483351E-14 -7.34675445294815E-13
gfc   115   76  3.53082696426452E-13 -2.31889890196274E-13
gfc   115   77  1.02311683301149E-13  5.95864852428279E-13
gfc   115   78 -9.62662077593209E-13 -4.03362128613274E-13
gfc   115   79  2.75904058303261E-13 -4.86074484363341E-13
gfc   115   80  7.83027469154445E-15  4.55362971687173E-14
gfc   115   81 -4.35877603583510E-13  1.27405046627975E-13
gfc   115   82 -1.39195906754904E-13 -1.03885759913365E-12
gfc   115   83  7.69665407285005E-13  3.18807482822305E-14
gfc   115   84 -2.62133321405495E-13  3.85923363260261E-13
gfc   115   85 -6.29253127322908E-13 -9.05619184810536E-14
gfc   115   86  4.70357665735086E-13 -1.25264892210856E-12
gfc   115   87  7.93716888489351E-13  9.97023906983424E-13
gfc   115   88 -1.07037892652521E-12 -8.43740401754360E-13
gfc   115   89  1.65554200687180E-12 -2.71560289116564E-14
gfc   115   90 -1.06380997202166E-12  7.08627670008260E-13
gfc   115   91  4.29296125883007E-13 -9.57343512213235E-13
gfc   115   92  4.98322348137925E-13  4.73286076593382E-13
gfc   115   93 -7.41755099312999E-14  2.75541586870643E-13
gfc   115   94 -1.32596552414428E-13 -2.91632317657340E-13
gfc   115   95  4.68434392991597E-13  3.12319051670617E-13
gfc   115   96 -2.66762170990247E-13  8.30777130149052E-14
gfc   115   97  2.67552079204813E-13  1.61365206155405E-13
gfc   115   98 -3.69532225293839E-13  1.10287925247780E-13
gfc   115   99  3.36478734578367E-13  1.86781615743840E-14
gfc   115  100 -4.62591922571305E-13  1.17590002809799E-13
gfc   115  101  2.80023909110475E-13 -1.19653726953349E-13
gfc   115  102 -4.65712135751699E-13  2.95112938047898E-13
gfc   115  103  2.00068383596003E-13 -3.75256553435159E-13
gfc   115  104 -4.58950154346976E-13  2.70868069269827E-13
gfc   115  105  2.50367673020627E-13 -5.92071185831726E-13
gfc   115  106 -1.58174131584947E-13  3.36312412138386E-13
gfc   115  107  1.91356485949364E-13 -7.84718390212714E-13
gfc   115  108  1.04971881515960E-13  5.00872928487053E-13
gfc   115  109  1.11189583281725E-13 -7.82548936319816E-13
gfc   115  110  5.20865672501862E-13  4.32668753398523E-13
gfc   115  111 -1.09600572527039E-13 -3.02387452230568E-13
gfc   115  112  8.64855804292300E-13  4.99577466741318E-13
gfc   115  113 -6.32512679325973E-13  7.19608584102221E-13
gfc   115  114 -1.90567754804491E-13 -2.31061638524995E-13
gfc   115  115 -2.60003278346985E-13  4.85973564893321E-14
gfc   116    0 -7.15704714919153E-13  0.00000000000000E+00
gfc   116    1 -4.60407144266325E-13  5.60926496117073E-13
gfc   116    2 -1.97931537513442E-13  4.86245296253369E-14
gfc   116    3 -4.44081273971009E-13 -5.27132196530679E-13
gfc   116    4  3.34561050459457E-13  4.17418831446141E-13
gfc   116    5  4.09921014929949E-13 -4.46984784187666E-13
gfc   116    6 -3.33859994116733E-13  2.75577166366135E-13
gfc   116    7  2.55022805768729E-13  5.57245108191213E-13
gfc   116    8  1.48985582064480E-13 -2.17491962331757E-13
gfc   116    9 -3.32601192027936E-13 -3.55500972442925E-14
gfc   116   10  8.34542101620417E-13  2.65322206506404E-13
gfc   116   11  4.05105650389732E-13 -3.41353405100012E-13
gfc   116   12 -2.51929636792597E-15  4.06047094745746E-13
gfc   116   13  5.55893045546086E-13  4.77109709126632E-13
gfc   116   14 -3.78831879629182E-13  1.10356844097577E-13
gfc   116   15  1.11842812696367E-14  2.30685360412666E-13
gfc   116   16  3.60188619425836E-13 -1.75427014585271E-13
gfc   116   17  1.85476333428638E-13 -6.66669300244306E-14
gfc   116   18  2.13473434184958E-13  4.73951986933000E-13
gfc   116   19  3.84857617730313E-13  4.06896422358941E-13
gfc   116   20  5.66679234506073E-14 -3.90961491832642E-13
gfc   116   21  1.76571663484452E-13 -3.85756974884951E-13
gfc   116   22  4.56465148486106E-13  8.99969189646702E-14
gfc   116   23  9.24531389244444E-13 -5.48645479835378E-14
gfc   116   24  3.70612837978454E-13 -3.24763902482410E-13
gfc   116   25  1.97347023180152E-13  5.52149963247563E-13
gfc   116   26  2.68946657161039E-13  2.16111043559201E-13
gfc   116   27 -1.26987032150520E-13 -5.28115704911783E-13
gfc   116   28 -2.61580377706484E-13 -3.84769313356466E-13
gfc   116   29 -8.47318525285721E-14  5.05421827519951E-13
gfc   116   30 -6.40094795627050E-15  7.26015433615424E-13
gfc   116   31 -7.74043597793566E-14  7.66129483460217E-13
gfc   116   32  2.51188126745418E-13  8.97740628885221E-14
gfc   116   33  2.30873025192757E-13 -2.01794806947994E-13
gfc   116   34  5.72892419660432E-13 -2.57990518707206E-13
gfc   116   35  3.61801299318332E-13  1.78597869341929E-13
gfc   116   36  1.73187517057868E-13  7.91692775616660E-14
gfc   116   37 -3.48278241851289E-13 -1.61982850145858E-13
gfc   116   38 -3.77867023199662E-14 -3.33576608548034E-13
gfc   116   39  2.57626939841913E-14  1.25944993088547E-14
gfc   116   40  2.38960016024238E-13  1.26735869114345E-13
gfc   116   41 -3.87165637247996E-13  5.01298804895063E-13
gfc   116   42 -5.36697571440565E-13  2.59088268362904E-13
gfc   116   43 -5.42667177604174E-13  1.02038282610466E-13
gfc   116   44  5.97269515415876E-13  1.07056668257524E-13
gfc   116   45  5.39457971530885E-13  3.75295326533001E-13
gfc   116   46  3.34807688719011E-13 -9.40804591546986E-14
gfc   116   47 -4.48921692736716E-13 -1.07687325382505E-13
gfc   116   48 -1.65434356172690E-13 -4.32427301726985E-13
gfc   116   49 -2.31064603049381E-13  1.97652133625040E-13
gfc   116   50  4.59759729400732E-13  3.89284340603939E-13
gfc   116   51 -3.49924972792797E-13  6.07660745972704E-13
gfc   116   52 -4.07704717563130E-14  4.06308346190237E-14
gfc   116   53 -4.54339859461531E-13 -3.65867362072534E-13
gfc   116   54  2.99977328359415E-13 -2.66575019436059E-13
gfc   116   55 -1.44909503247278E-13  3.72259691285098E-13
gfc   116   56 -4.36476407629181E-15  3.26522658910111E-13
gfc   116   57 -5.46018069744751E-13  9.09187860580635E-14
gfc   116   58  2.39009325308080E-13 -5.15290723750383E-13
gfc   116   59 -1.15723111654177E-14  4.34551222336970E-13
gfc   116   60  2.26817430806779E-13  3.20618774889603E-13
gfc   116   61 -1.07741612925454E-12  1.26091275909991E-13
gfc   116   62  1.64530062752531E-13 -4.32016905387158E-13
gfc   116   63 -2.43400699592502E-13 -2.63431362480180E-13
gfc   116   64  5.53237440415303E-13  2.90646790026811E-13
gfc   116   65 -7.67332309364963E-13 -3.43739517483457E-14
gfc   116   66 -4.52755725510334E-14 -2.46874936078721E-13
gfc   116   67 -1.74040536025536E-13 -6.05401665278462E-13
gfc   116   68  3.13794832684225E-13  5.25818151020390E-13
gfc   116   69 -4.85264984072145E-13 -4.96250770273094E-14
gfc   116   70 -6.07260558356572E-13 -1.66677186042170E-13
gfc   116   71  2.56257062395722E-13 -9.67634565495709E-13
gfc   116   72  3.47768626870873E-13  3.31842271297519E-13
gfc   116   73 -2.43644551901022E-13 -3.24806346583540E-14
gfc   116   74 -2.85577435408216E-13 -2.84936383622241E-13
gfc   116   75  4.09586716989066E-13 -4.41537633213495E-13
gfc   116   76  1.17088118718240E-13  6.40119385227851E-14
gfc   116   77 -2.18744567217891E-13 -9.23831045351649E-14
gfc   116   78 -6.83549733109386E-14 -7.10386541884652E-13
gfc   116   79  6.47625306160132E-13 -1.35437226035858E-13
gfc   116   80  3.51598550053643E-13  1.50343253291671E-13
gfc   116   81 -2.70633530269586E-13  4.41818459574153E-13
gfc   116   82 -3.65393061740387E-14 -1.02149083949117E-12
gfc   116   83  8.83383223925718E-13  3.79399479214133E-13
gfc   116   84 -3.83717577788617E-13  1.99789130732828E-13
gfc   116   85  3.32231103041539E-13 -2.04925494911797E-13
gfc   116   86  4.54698927622515E-13 -9.18186906711179E-14
gfc   116   87  2.20603180099575E-13  8.38522605578555E-13
gfc   116   88 -8.99125943556938E-13 -3.73233745274419E-13
gfc   116   89  1.20801297760181E-12 -3.57140481090636E-13
gfc   116   90 -4.40063802634570E-13  1.08103586598937E-12
gfc   116   91  1.07681522711184E-13 -5.01244713546199E-13
gfc   116   92 -2.27125568890060E-14  7.38221446250010E-13
gfc   116   93 -2.67088955113533E-13 -5.56514822896694E-13
gfc   116   94  2.90819274638726E-13  4.97487183657827E-13
gfc   116   95 -2.56229029866644E-13  5.74694698580828E-14
gfc   116   96 -2.51552337912539E-13  1.20455599666437E-13
gfc   116   97  9.23987006138256E-14 -2.55109663060554E-13
gfc   116   98 -2.01073350207355E-13  4.17909124979369E-13
gfc   116   99 -4.21561966486475E-14 -4.12927444044674E-13
gfc   116  100 -1.02695957710372E-13  3.47191060841484E-13
gfc   116  101 -6.84265984189079E-14 -4.44668705951035E-13
gfc   116  102  6.89819812600520E-14  3.43581351491846E-13
gfc   116  103 -1.93535419453764E-13 -4.43739838063510E-13
gfc   116  104  2.73097842893330E-13  2.63814905210798E-13
gfc   116  105 -2.82816062142417E-13 -5.30873769790583E-13
gfc   116  106  5.09752064610826E-13  2.49450781506371E-13
gfc   116  107 -3.43630296308261E-13 -3.27149175994582E-13
gfc   116  108  7.70747683919977E-13  3.03096155816025E-13
gfc   116  109 -4.03781377979380E-13 -1.26538677668637E-14
gfc   116  110  8.08388094001518E-13  2.01895186320704E-13
gfc   116  111 -5.55722412861912E-13  4.88334795725547E-13
gfc   116  112  4.49090079371636E-13  4.44605252958856E-14
gfc   116  113 -5.41969676126242E-13  8.62996539022776E-13
gfc   116  114 -7.30061829416858E-13 -5.30915316662540E-13
gfc   116  115  5.14635329466947E-14 -1.46527819120669E-13
gfc   116  116 -2.11952107577504E-14 -2.90354572723746E-13
gfc   117    0 -8.45252440975493E-15  0.00000000000000E+00
gfc   117    1 -2.25601939171562E-13  3.35071788572033E-13
gfc   117    2  3.77278295384832E-13 -5.51417985416907E-13
gfc   117    3 -3.82217794280186E-13 -4.13236880018662E-13
gfc   117    4  2.26939866492549E-13 -1.26525781870930E-13
gfc   117    5  1.71003247791201E-13 -4.67687991022689E-13
gfc   117    6 -4.82013297288075E-13 -7.16135995383262E-14
gfc   117    7  2.43639365085933E-13  1.99525975426682E-13
gfc   117    8  2.38119612908912E-13 -4.64889534805643E-13
gfc   117    9  6.02660268619146E-14 -1.64410926674985E-13
gfc   117   10  5.44286804918207E-13  5.38913070141309E-16
gfc   117   11  4.56196941652098E-13 -4.46603974106356E-13
gfc   117   12  4.54699421162362E-14  3.33763894378075E-13
gfc   117   13  3.91104078014151E-13  1.98377542684419E-13
gfc   117   14  1.30963929372805E-13 -1.69798192800869E-13
gfc   117   15  4.03972746892619E-13  6.19697854351584E-14
gfc   117   16  4.50281199937887E-13  8.47146059458092E-14
gfc   117   17  7.29258319757370E-14  2.46269271659841E-13
gfc   117   18  1.17263131022249E-13  5.43712083621069E-13
gfc   117   19  3.63511623013998E-13  3.24553931097093E-13
gfc   117   20  4.75045337739686E-13 -1.91314500384660E-13
gfc   117   21  1.17814053654769E-13 -4.15164237737790E-13
gfc   117   22  2.48972244208762E-13  1.50749240215993E-13
gfc   117   23  9.72450435499663E-13  2.17577667615184E-13
gfc   117   24  9.75383941385933E-15  1.35615525970591E-13
gfc   117   25 -2.13466857940607E-13  8.65350946150139E-14
gfc   117   26  2.71040935280603E-13 -3.37230158621816E-13
gfc   117   27  4.96246518388535E-13 -5.05676873348776E-13
gfc   117   28 -8.55808492917095E-14  2.19861571026814E-13
gfc   117   29 -2.45709434136183E-13  7.50688571864411E-13
gfc   117   30 -2.54387291135126E-13  7.48346704923958E-13
gfc   117   31  1.24619270588763E-13  5.07049304472049E-13
gfc   117   32  1.32469377991711E-13  4.44771723835937E-14
gfc   117   33  5.52891441872806E-13  1.63265923410697E-13
gfc   117   34  1.16680099247299E-13 -3.54658980110552E-14
gfc   117   35  1.84294016841717E-14  2.07523165799013E-13
gfc   117   36 -3.98329775567875E-13 -2.13393717531849E-13
gfc   117   37 -3.50260305082782E-13 -2.41714381574931E-13
gfc   117   38 -9.99293775412793E-14 -3.18868517935812E-13
gfc   117   39  9.72665449180308E-14  4.81417795003279E-14
gfc   117   40 -1.21389286376336E-13  2.80234229810222E-13
gfc   117   41 -6.29452961439843E-13  2.92275157478073E-13
gfc   117   42 -6.05622855632538E-13 -1.90943762863140E-14
gfc   117   43  4.29578029837548E-14  2.50882608780482E-13
gfc   117   44  2.45424739869010E-13  2.30209850851668E-13
gfc   117   45  3.82282892352268E-13  6.07191033907678E-13
gfc   117   46 -2.55684388351981E-13 -2.12278051053623E-13
gfc   117   47 -3.31093957719789E-13 -4.69458759692580E-13
gfc   117   48 -2.48041187409497E-13 -6.77506714242660E-13
gfc   117   49 -2.94908866474499E-14  2.11121734429965E-13
gfc   117   50 -7.95482098580195E-14  3.08224330149777E-13
gfc   117   51 -1.49974457675398E-13  4.05562715975701E-13
gfc   117   52  6.34714081473781E-16 -4.20057183966344E-13
gfc   117   53  4.81531291186851E-14 -3.13990482871946E-13
gfc   117   54  1.57779127267097E-13 -5.03612669494754E-14
gfc   117   55 -3.26165626408638E-13  5.52590838020222E-13
gfc   117   56 -4.53027542181120E-13 -4.39667437885932E-14
gfc   117   57 -2.14947005526105E-13 -2.60968079697944E-13
gfc   117   58  2.55725733221707E-13 -7.39081930528536E-13
gfc   117   59  2.41904104124069E-13  4.73029544432009E-13
gfc   117   60 -3.83121399639483E-14 -1.46938835052397E-13
gfc   117   61 -4.42868412373215E-13  4.19215744480312E-14
gfc   117   62  3.12134732609509E-13 -7.21420617859879E-13
gfc   117   63  1.52201137012341E-13  3.42148788963918E-13
gfc   117   64  6.20158865033150E-14 -1.24394293997869E-13
gfc   117   65 -6.71125120698208E-13 -3.69596214501150E-14
gfc   117   66  3.32721939694074E-13 -9.51037028504388E-13
gfc   117   67  2.64563111194153E-13 -1.32361795842530E-13
gfc   117   68  6.17186684767325E-13  1.44326608140320E-13
gfc   117   69 -4.36298014334868E-13  2.82996537478959E-13
gfc   117   70  7.03340938216351E-14 -5.12729577365474E-13
gfc   117   71  4.98385482960864E-13 -1.61349172585187E-14
gfc   117   72  1.91606166353570E-13  2.31759562491304E-13
gfc   117   73 -2.11127347607135E-13  1.68114354658513E-13
gfc   117   74 -1.83456788623841E-13 -5.55331863685681E-13
gfc   117   75  9.91900034020325E-13 -2.02490071511283E-13
gfc   117   76  2.69227304824210E-13  4.94984101114584E-13
gfc   117   77 -4.04692989516178E-14  3.90353082149603E-13
gfc   117   78 -4.16100035018850E-13 -3.95369756949756E-13
gfc   117   79  7.88713553523649E-13  1.12787297882483E-13
gfc   117   80 -1.83846930045355E-13  4.92892560718732E-13
gfc   117   81 -1.17192312252942E-13 -8.74096525372898E-14
gfc   117   82  4.67219575544840E-13 -4.32093822943962E-13
gfc   117   83  4.29270333711857E-13  9.99976114681708E-13
gfc   117   84 -8.34075168667059E-13  1.09713756536022E-13
gfc   117   85  1.51054763158153E-13 -2.08044823555124E-13
gfc   117   86  3.39855915397708E-13 -1.30083667031212E-13
gfc   117   87  1.98648672535497E-13  9.22147375259041E-13
gfc   117   88 -9.58009435998955E-13 -2.62606340435496E-13
gfc   117   89  8.28379866187768E-13 -7.60475283022771E-14
gfc   117   90 -9.56095123311454E-13  1.02488026551689E-12
gfc   117   91 -1.63225232335319E-13 -1.30773139357197E-12
gfc   117   92  7.57583992091078E-13  9.36227035596094E-13
gfc   117   93 -1.15340494326366E-12 -8.21355199301378E-14
gfc   117   94  2.83886824055988E-13 -2.78598713837906E-13
gfc   117   95 -3.34117548237656E-13 -8.27980010654362E-14
gfc   117   96  1.28187839964730E-13  5.76669493018350E-14
gfc   117   97 -4.18170176414264E-13 -2.38026688639128E-13
gfc   117   98  2.31221874676434E-13 -6.64270386183812E-14
gfc   117   99 -2.48537410244401E-13 -1.81118174362593E-13
gfc   117  100  3.59332555011761E-13  1.39273036244101E-14
gfc   117  101 -2.39915436714026E-13 -1.51769442493897E-13
gfc   117  102  4.48048691179735E-13 -7.23224076795361E-14
gfc   117  103 -3.41389525523203E-13  1.05224955675523E-13
gfc   117  104  4.97244524813867E-13 -1.73464529087406E-13
gfc   117  105 -2.73792050638586E-13  2.50552973901843E-13
gfc   117  106  4.42271738016155E-13 -2.12817258750158E-13
gfc   117  107 -3.21182045968762E-13  5.50004372418097E-13
gfc   117  108  3.62733789335328E-13 -3.49286243227145E-13
gfc   117  109 -3.02662966964271E-13  6.57867176616270E-13
gfc   117  110 -2.59014072507142E-14 -4.61027649097271E-13
gfc   117  111 -1.00228621820313E-13  7.34473843658109E-13
gfc   117  112 -4.88280231977408E-13 -6.21370567348185E-13
gfc   117  113  4.96924931426973E-14  3.55658731016048E-13
gfc   117  114 -7.75346761481412E-13 -5.02021888428699E-13
gfc   117  115  5.89021741648462E-13 -6.32364300722015E-13
gfc   117  116  1.09089246191982E-13  9.12990568360398E-14
gfc   117  117  2.17039396806909E-13  5.97705612363419E-15
gfc   118    0 -4.84669042668620E-13  0.00000000000000E+00
gfc   118    1 -1.05118555721164E-13  3.41938346410104E-13
gfc   118    2 -3.27733428613108E-13  2.91146226850475E-13
gfc   118    3 -4.52708910567139E-13  2.13208279073386E-14
gfc   118    4 -2.15991779980823E-13  2.44048984868569E-13
gfc   118    5 -3.32218782581742E-13 -9.84776441541161E-15
gfc   118    6 -2.43238905657699E-13 -9.26775918908334E-14
gfc   118    7  3.02862817830482E-14  3.43372387450042E-13
gfc   118    8  4.39810859698757E-13 -8.09493109211034E-14
gfc   118    9 -1.75755146008645E-13  1.70871818604592E-13
gfc   118   10  3.86904792607506E-13  2.40816113193904E-13
gfc   118   11 -1.22936957100813E-13  2.01115916373409E-13
gfc   118   12 -1.14176365701424E-13 -7.04775386470867E-14
gfc   118   13  1.67815431779936E-13  1.36758962244066E-13
gfc   118   14  2.26248553088332E-13 -3.79102700897345E-14
gfc   118   15  2.19194032288333E-13  6.62774447650860E-14
gfc   118   16  3.06046700275765E-13  2.49840291430916E-13
gfc   118   17  3.76624431302209E-14  3.48230452473715E-13
gfc   118   18 -2.54090500009310E-14  3.45383577311892E-13
gfc   118   19  9.92722779926826E-14  2.14595835629379E-13
gfc   118   20  6.95508230287370E-13 -5.80931771627316E-13
gfc   118   21  1.02973108694681E-13 -4.70178164421151E-13
gfc   118   22  3.98569038798991E-13  5.21165079273562E-13
gfc   118   23  3.14825723058454E-13  1.37334964956131E-13
gfc   118   24 -9.84241541914183E-14 -4.68483836724357E-13
gfc   118   25 -8.88682266017340E-15 -2.19385618932654E-13
gfc   118   26  2.43449811930084E-13  4.47394664635091E-15
gfc   118   27  6.28983178308738E-14 -4.74617101556029E-13
gfc   118   28 -3.06923773101765E-13  3.66612760659405E-14
gfc   118   29 -2.21732634852081E-13  2.97912133486186E-13
gfc   118   30 -2.73415864755486E-13  5.91050893531002E-13
gfc   118   31  7.38025579746767E-14  6.73350947197118E-14
gfc   118   32  2.92799030069825E-13  1.49737267775626E-13
gfc   118   33  6.30641671706757E-13 -1.75040544089277E-13
gfc   118   34  1.70325472578202E-13  7.85788199198555E-14
gfc   118   35 -1.20953113164338E-13 -1.90402322690316E-13
gfc   118   36 -5.75597440969191E-13 -1.72732166845461E-13
gfc   118   37 -1.14557387294118E-13 -3.42289676116438E-13
gfc   118   38  2.10947945276998E-14 -1.01414131899351E-13
gfc   118   39 -1.53698999092131E-14  1.86056482518070E-13
gfc   118   40 -7.18576693116485E-13  1.32776725145833E-13
gfc   118   41 -4.77843316145071E-13 -1.77097901460027E-14
gfc   118   42 -2.55158513265204E-13 -1.96645590554104E-13
gfc   118   43  2.11014177478178E-13 -5.17917561984845E-15
gfc   118   44  2.13637533693888E-13  4.04147883340443E-13
gfc   118   45  2.54442867991813E-13  3.52455938611731E-13
gfc   118   46 -1.95036087257761E-13 -2.44390951862992E-13
gfc   118   47  2.60628809185001E-13 -5.95487666541845E-13
gfc   118   48 -1.10677555207237E-13 -4.68636201680156E-13
gfc   118   49 -4.07616486825002E-14  2.99123585611655E-13
gfc   118   50 -4.80081518610969E-13  3.03976358338790E-13
gfc   118   51  1.65386767677850E-14  8.92741616976644E-14
gfc   118   52  1.16960096809759E-13 -5.68262704381372E-13
gfc   118   53  5.22064500887274E-13 -2.69950035918281E-13
gfc   118   54  1.09312154681888E-14  3.41187549327571E-14
gfc   118   55 -6.10465945806411E-14  2.78922796407148E-13
gfc   118   56 -4.07678115192089E-13 -6.04936799197539E-15
gfc   118   57  6.01888612815817E-13 -3.02212874032213E-13
gfc   118   58 -1.43838214548559E-14  6.31719212673424E-14
gfc   118   59  4.56472035848717E-13  4.19504038095468E-13
gfc   118   60 -6.44209276924398E-13 -1.52546128157474E-13
gfc   118   61  3.92186944291986E-13 -4.50801043066915E-13
gfc   118   62  1.44477429183559E-13 -3.06778085156256E-13
gfc   118   63  7.74667228176855E-13  4.86235064484317E-13
gfc   118   64 -3.77192357538332E-13  6.13653118237939E-14
gfc   118   65  4.71051676347085E-14  3.34835058206415E-14
gfc   118   66  9.84783293550985E-14 -3.98382906895416E-13
gfc   118   67  4.81734613608483E-13  4.03106308343629E-13
gfc   118   68 -2.12765188335151E-13  3.40070859666599E-13
gfc   118   69 -1.45270055283835E-13 -1.91864423270517E-13
gfc   118   70  1.78126418553585E-13 -3.19421129228615E-13
gfc   118   71  7.29183688296663E-13  1.47929388884156E-13
gfc   118   72 -5.84352311678957E-14  8.49425049773752E-13
gfc   118   73 -4.29983921328586E-13 -6.48353223321157E-14
gfc   118   74  3.30852820872605E-14 -1.99518869309221E-13
gfc   118   75  5.85174698607588E-13  3.24266141252260E-13
gfc   118   76 -5.52634525848647E-13  4.47935023564722E-13
gfc   118   77  9.24524019996777E-14 -2.42587675364999E-13
gfc   118   78 -4.83631981686623E-14  5.19944457799989E-14
gfc   118   79  5.65448484668758E-13  6.89694989919610E-13
gfc   118   80 -9.65504708832578E-13  5.02510927232362E-13
gfc   118   81 -4.54067715680073E-14 -3.76380455799460E-13
gfc   118   82 -1.73276890748696E-13 -2.10307875037028E-13
gfc   118   83  4.01018334713349E-13  4.47270692214702E-13
gfc   118   84 -1.10732116038532E-12  8.89509652347420E-14
gfc   118   85  4.63273565160843E-13 -4.78204193043419E-13
gfc   118   86 -1.24556781485865E-13  4.62219313984354E-13
gfc   118   87 -4.45955637359855E-13  7.92235345658010E-14
gfc   118   88 -5.15369476308922E-13 -8.02375701580938E-13
gfc   118   89  9.10707279441202E-13  3.07707387895404E-14
gfc   118   90 -8.30798777611402E-13  5.68901814127610E-13
gfc   118   91 -1.55666595324956E-14 -9.08175993330494E-13
gfc   118   92  2.70797970555186E-13  3.88557203069919E-13
gfc   118   93 -6.25321864147898E-13 -6.19075863650072E-13
gfc   118   94  9.08456821255046E-13 -2.77011897466496E-13
gfc   118   95 -6.25071432805022E-13  5.83538770300074E-13
gfc   118   96  7.61184049332125E-14 -7.91437415078242E-13
gfc   118   97  1.63389788689718E-13  2.03457883396080E-13
gfc   118   98  1.22791571808051E-13 -2.07657542870974E-13
gfc   118   99  3.68215663947584E-14  1.74431393425331E-13
gfc   118  100  2.68902691862636E-13 -3.29382309879820E-13
gfc   118  101 -4.20435077219458E-14  3.59856695441514E-13
gfc   118  102  1.49030117316394E-13 -2.75415655937203E-13
gfc   118  103  3.59107082602258E-14  4.56348762219186E-13
gfc   118  104 -1.77116897765820E-14 -3.25699908280039E-13
gfc   118  105  8.16426462104085E-14  4.78868302356508E-13
gfc   118  106 -9.56598614185921E-14 -2.92217914206244E-13
gfc   118  107  2.06248765959157E-13  4.66380945807256E-13
gfc   118  108 -5.06013375321808E-13 -2.92180360174386E-13
gfc   118  109  3.18832679566851E-13  3.98543654680285E-13
gfc   118  110 -6.83604245381072E-13 -3.36529129763110E-13
gfc   118  111  3.15468872385574E-13  1.02841210528943E-13
gfc   118  112 -6.77579262044771E-13 -2.11135127106731E-13
gfc   118  113  5.09811637177062E-13 -3.97227923940040E-13
gfc   118  114 -3.72088992356982E-13 -8.13603508083173E-14
gfc   118  115  5.99692091923103E-13 -6.84673598932687E-13
gfc   118  116  5.18465453721190E-13  5.79872182281940E-13
gfc   118  117 -7.54780342885520E-14  1.92931239071954E-13
gfc   118  118 -9.19237320811726E-14  3.45304150728189E-13
gfc   119    0  4.37737407546802E-13  0.00000000000000E+00
gfc   119    1  1.22450733279882E-13  3.77428564868568E-13
gfc   119    2  7.60225216970388E-14  1.35566798699680E-13
gfc   119    3 -3.81522116902765E-14 -8.06960161896471E-14
gfc   119    4 -6.42600026609496E-13 -3.84436314626097E-13
gfc   119    5 -1.10772841780004E-13 -2.57072875225900E-13
gfc   119    6 -1.94508099106118E-13 -6.08509771516926E-13
gfc   119    7  1.78788595253083E-13 -9.82611871312200E-14
gfc   119    8  5.22513148547862E-13 -1.29767870020858E-13
gfc   119    9  2.46531401435960E-13 -3.03098585275558E-13
gfc   119   10 -1.70066424743852E-13  2.24773135116277E-13
gfc   119   11  2.65528643545663E-13 -2.31850838446684E-13
gfc   119   12  6.66861340371286E-14 -2.14849727521950E-13
gfc   119   13  3.25117525503417E-13 -2.94103350056674E-14
gfc   119   14  5.38708371619352E-13 -3.33560317098771E-13
gfc   119   15  4.15729930692938E-13  5.59273212380606E-14
gfc   119   16  6.38376016672668E-15  3.98858920975025E-13
gfc   119   17  4.86996498322548E-14  2.48530928936299E-13
gfc   119   18 -1.57355721803364E-13  4.33335424176534E-14
gfc   119   19  4.03911861945275E-13  2.75335868936540E-14
gfc   119   20  6.81773306648366E-13 -3.72410051032015E-13
gfc   119   21 -7.03064691599487E-14 -2.16172913101214E-13
gfc   119   22  6.79400560051467E-15  1.63631227443058E-13
gfc   119   23  3.06700635144892E-13 -3.31282064407522E-14
gfc   119   24  1.22777366756506E-13 -5.46011372040632E-13
gfc   119   25 -1.12925301755075E-13 -4.78550794477299E-13
gfc   119   26  4.22949118675047E-13 -4.29237625425469E-13
gfc   119   27  3.96508910531236E-13 -9.00039418217369E-14
gfc   119   28 -8.25627577090963E-14  2.09219742005457E-13
gfc   119   29 -6.82237655228006E-13  2.90786565057898E-13
gfc   119   30  3.75320873500788E-14  7.89725624118836E-14
gfc   119   31  1.89802807556590E-13 -3.67931121354792E-14
gfc   119   32  6.50841999429900E-13  1.56887210051609E-13
gfc   119   33  4.22408357655773E-13  1.02860489194784E-13
gfc   119   34  1.76187558269459E-13 -2.28738438459965E-13
gfc   119   35 -3.61747012201909E-13 -5.08531903939659E-13
gfc   119   36 -1.18743180878674E-13 -4.16333445488762E-13
gfc   119   37  7.39662916695327E-14 -1.30436433099895E-13
gfc   119   38  3.50265237920396E-13  2.29448836746755E-13
gfc   119   39 -1.64962861284642E-13  6.53637729904326E-14
gfc   119   40 -4.14525327141901E-13  1.41948514811926E-13
gfc   119   41 -5.59322161486151E-13 -1.12366968443512E-13
gfc   119   42  1.49793210334706E-13  1.93640482078799E-13
gfc   119   43  3.25699292295174E-13  3.72547302490855E-13
gfc   119   44  6.65407164761808E-14  5.07719318222289E-13
gfc   119   45 -7.62284002985930E-14 -7.79937137202306E-14
gfc   119   46  2.16562222459065E-13 -2.40415380739124E-13
gfc   119   47  3.34690170903501E-13 -6.59445812814652E-13
gfc   119   48  1.92201827976530E-13 -3.92269135069854E-16
gfc   119   49 -2.11363917380193E-13  2.91456116005614E-13
gfc   119   50 -2.72105708806959E-13  3.33267710819870E-13
gfc   119   51 -3.02113029569121E-14  9.94395127793915E-15
gfc   119   52  5.03380309003848E-13 -9.21493706136749E-14
gfc   119   53  1.14394819156961E-13  1.88685191544505E-14
gfc   119   54 -5.88853331632234E-14  2.58908716187284E-13
gfc   119   55 -5.09675371296824E-13 -1.16999395079984E-13
gfc   119   56  1.16130388370597E-13 -4.15879368407506E-14
gfc   119   57  4.13415688252690E-13 -2.68620333483061E-13
gfc   119   58  3.01974410899466E-13  6.36403980754775E-13
gfc   119   59  3.00293200140980E-14  2.54078191797109E-13
gfc   119   60 -2.68185130598924E-13  7.70111371006093E-14
gfc   119   61  3.05134783561646E-13 -4.68017679731293E-13
gfc   119   62  9.52861311362765E-14  4.93144269021139E-13
gfc   119   63  1.34822940303422E-13  2.75620697377294E-13
gfc   119   64 -5.72348278839708E-13  1.15236290963069E-13
gfc   119   65  1.70322307930872E-13 -3.25870405452664E-13
gfc   119   66  2.61034948620398E-13  1.14244234583413E-13
gfc   119   67  1.92879946630378E-13  5.17896491037943E-13
gfc   119   68 -4.65054935207847E-13  5.13641307767534E-13
gfc   119   69 -2.71710764520186E-13 -2.99810129885623E-13
gfc   119   70  6.90616605527257E-14 -3.72204995177755E-14
gfc   119   71  1.35842710990743E-13  1.06842493242374E-13
gfc   119   72 -5.01968827285988E-13  5.38086468453368E-13
gfc   119   73 -2.33058217614536E-13 -7.10913187736525E-13
gfc   119   74  2.17714216916165E-13  3.00943160526463E-13
gfc   119   75  2.35934419037467E-13 -3.79217655351886E-14
gfc   119   76 -6.31002623031112E-13  7.39318833405212E-13
gfc   119   77 -4.00083182600619E-13 -6.75611211679514E-13
gfc   119   78 -9.52198865362307E-14  2.12263281881844E-13
gfc   119   79  2.39908361452474E-13 -1.78257801571682E-13
gfc   119   80 -5.05463346536230E-13  3.96299761485033E-13
gfc   119   81 -7.92029964451548E-14 -7.75153728309031E-13
gfc   119   82  1.63289153725400E-13  1.42022197111695E-13
gfc   119   83 -2.05776400211045E-13  2.53195696436569E-13
gfc   119   84 -9.83259603563862E-13 -4.40263437901149E-13
gfc   119   85  9.02193667677068E-13 -8.40239291583883E-13
gfc   119   86 -6.01386828717842E-14  4.97957033221705E-13
gfc   119   87 -9.10238737085595E-14 -2.82975850538391E-13
gfc   119   88 -3.70843167397079E-13 -2.34937473883093E-13
gfc   119   89  8.61962541278928E-13 -4.11847762402104E-13
gfc   119   90 -5.85310085141567E-13  4.61208437077560E-13
gfc   119   91  4.17377137538540E-13 -1.23077486421659E-12
gfc   119   92  8.11497833164450E-13  7.87771298804318E-13
gfc   119   93 -7.92534212954424E-13 -8.88246727978141E-14
gfc   119   94  5.08569409471194E-13 -6.33466841272228E-13
gfc   119   95  3.55403886297491E-13  5.80957314670394E-13
gfc   119   96 -7.16322382343082E-14 -2.18508622460873E-13
gfc   119   97  2.33410891839707E-13  3.30834431838991E-13
gfc   119   98 -1.47372717365044E-13 -2.60196025852245E-13
gfc   119   99  4.70572028236279E-13  3.87563672431629E-13
gfc   119  100 -2.91529246974007E-13  2.13768718423613E-15
gfc   119  101  1.78767584496125E-13  2.99737630627382E-13
gfc   119  102 -3.12390557227151E-13 -2.72671774805655E-14
gfc   119  103  2.20681900104855E-13  1.82514081171062E-13
gfc   119  104 -4.07907301984375E-13 -1.14243790209168E-14
gfc   119  105  2.66811825048947E-13 -1.38699779572116E-14
gfc   119  106 -5.37731863247544E-13  2.92587586618859E-14
gfc   119  107  3.92016411025435E-13 -1.83910197879673E-13
gfc   119  108 -4.63219627410362E-13  1.59149738451558E-13
gfc   119  109  3.35421290565213E-13 -3.64674902648580E-13
gfc   119  110 -3.76700823119464E-13  2.58349514975743E-13
gfc   119  111  3.01434475521879E-13 -5.75633729366706E-13
gfc   119  112 -7.88739670459710E-14  3.69047591727260E-13
gfc   119  113  2.70799597964705E-13 -6.69686887679106E-13
gfc   119  114  3.68720399866070E-13  4.87348648983845E-13
gfc   119  115 -5.25949362902963E-14 -3.87118076831652E-13
gfc   119  116  6.93921735847884E-13  6.27192717722028E-13
gfc   119  117 -6.52525246507227E-13  4.26347313055440E-13
gfc   119  118 -1.87211737806128E-13 -1.55745788769784E-13
gfc   119  119 -3.26280922558376E-13 -5.15699949850187E-14
gfc   120    0  1.99730290613987E-13  0.00000000000000E+00
gfc   120    1 -1.81684312588701E-13 -8.52906444861621E-14
gfc   120    2 -2.77941674597895E-13  8.17747820156690E-13
gfc   120    3 -3.90330429205550E-13 -1.28378798186233E-13
gfc   120    4 -8.76916560249909E-13  5.99649319600295E-14
gfc   120    5 -3.11380887524358E-13  9.89270737526488E-14
gfc   120    6  2.22302954985913E-14 -4.05177250788311E-13
gfc   120    7 -2.14996062099385E-13  1.34350571351438E-13
gfc   120    8  4.61779843123399E-13  2.66571920173210E-13
gfc   120    9 -2.45059048200648E-13 -3.16384931488528E-13
gfc   120   10 -4.36941580113752E-13  2.11144982700642E-13
gfc   120   11  5.93276022992037E-14 -1.32380183588426E-13
gfc   120   12 -9.58014280782321E-14 -5.94990360121544E-13
gfc   120   13  3.62657722660207E-13 -1.22290994323745E-13
gfc   120   14  6.38494793527101E-13 -8.24913422398853E-14
gfc   120   15  2.55699521792309E-14 -2.83323339577922E-14
gfc   120   16  7.82780634225739E-14  3.75129309014409E-13
gfc   120   17  2.18327203367943E-13 -1.17777872666899E-13
gfc   120   18  5.12066233519522E-14 -4.25774218309865E-14
gfc   120   19  4.85936271637475E-13 -4.32643071164144E-14
gfc   120   20  5.35014891498212E-13 -3.82215635310643E-13
gfc   120   21 -9.44175616661121E-14 -1.02644295551782E-13
gfc   120   22 -5.32193106987751E-14  1.68902494321865E-13
gfc   120   23  1.30520405850566E-13 -1.67254086456578E-14
gfc   120   24  1.31861416248445E-13 -1.06672867376517E-12
gfc   120   25  2.61883218734198E-13 -4.84762481469616E-13
gfc   120   26  2.56376404481244E-13  9.44251951223122E-14
gfc   120   27 -1.46749722144890E-14 -3.35293922322153E-14
gfc   120   28 -3.10765628752377E-13 -3.93346010703366E-13
gfc   120   29 -9.94973901702564E-14  1.02583347389208E-13
gfc   120   30  3.30223099547413E-13  1.74691583488190E-13
gfc   120   31  3.37229608075090E-13  3.30023997596227E-13
gfc   120   32  6.39047057846720E-13  4.76173027836958E-13
gfc   120   33  2.57609685324559E-13  1.85135936046540E-14
gfc   120   34  1.03187508874034E-13 -2.70026606804253E-13
gfc   120   35 -2.82251311155420E-13 -5.58439266534730E-13
gfc   120   36 -1.36118228054811E-13 -1.38696861721929E-13
gfc   120   37  7.30166558695821E-14  1.61760280232212E-13
gfc   120   38  2.01912142717318E-13  3.15645460464866E-13
gfc   120   39 -3.24975972652919E-13  1.47189980608297E-14
gfc   120   40 -4.39749552724553E-13 -1.71687213775206E-13
gfc   120   41 -9.55174625835191E-14 -2.58183954910857E-14
gfc   120   42  4.60684310784241E-13  4.84019518486192E-13
gfc   120   43  8.09418309288255E-14  4.74666948658645E-13
gfc   120   44 -4.45598698875957E-14  4.90576639981728E-13
gfc   120   45 -1.74974054838451E-13  4.23024590909295E-14
gfc   120   46  3.96884046533352E-13 -1.77608305604432E-13
gfc   120   47  2.68266433111454E-13 -2.02691689874670E-13
gfc   120   48 -6.85097039903345E-14  1.21232325662495E-14
gfc   120   49 -6.58977193283026E-13  1.75527354475997E-13
gfc   120   50 -2.20516026129823E-13  4.65898730663712E-14
gfc   120   51  1.46827139168774E-13  2.32598278866909E-14
gfc   120   52  5.89252003201342E-13  1.95477376239879E-14
gfc   120   53 -1.29326192821107E-13  2.56011055761617E-13
gfc   120   54 -2.47554487818092E-13  1.21827460140073E-13
gfc   120   55 -6.00241325357591E-13 -1.29710618760452E-13
gfc   120   56  3.31325348384767E-13  2.08035880993578E-15
gfc   120   57 -9.61874610640189E-14  7.22787678772476E-14
gfc   120   58  1.33766002748473E-13  6.00353958761022E-13
gfc   120   59 -6.01804333032162E-13 -2.36513738850685E-13
gfc   120   60  2.33492742776289E-13 -1.61723767307449E-13
gfc   120   61  1.20514470463401E-13 -4.44741251067709E-13
gfc   120   62  3.16370600212590E-13  7.22677600949656E-13
gfc   120   63 -4.64872350357486E-13  8.45609997793848E-14
gfc   120   64 -3.44488319353888E-13 -1.61079957748256E-14
gfc   120   65 -1.17530439735556E-13 -2.42108772747030E-13
gfc   120   66  2.65740226933656E-13  1.62842327509606E-13
gfc   120   67 -4.80803158763033E-13  2.21174084382901E-13
gfc   120   68 -9.66214434875320E-14 -1.47758571174310E-13
gfc   120   69 -3.12380626649679E-13 -4.75937723558721E-13
gfc   120   70  7.12193200722390E-13  1.04414373583937E-13
gfc   120   71 -5.58230025067483E-13  3.62051806658023E-13
gfc   120   72 -1.17754773516657E-13  1.90710860153834E-14
gfc   120   73 -6.50105772663863E-13 -7.58118570840158E-13
gfc   120   74  6.29126761212267E-13 -5.10362914109106E-14
gfc   120   75 -3.23351737111439E-13  3.05509486669626E-14
gfc   120   76 -3.30076636805578E-13 -3.46697322813818E-15
gfc   120   77  2.66330825748870E-15 -8.52311229499419E-13
gfc   120   78  5.57964667026068E-13  5.46854777956657E-13
gfc   120   79 -3.82887882245431E-13 -5.47280340563712E-14
gfc   120   80 -3.78703777051612E-13 -1.74875348226621E-13
gfc   120   81  3.32155785452648E-13 -1.08349570949532E-12
gfc   120   82  5.77062060980516E-13  5.11932737073454E-13
gfc   120   83 -2.47871150483538E-13 -1.97046715809423E-13
gfc   120   84  3.68844329483258E-14 -4.75717824860202E-14
gfc   120   85  6.07632459572345E-13 -5.07924636684768E-13
gfc   120   86  1.36257330753477E-13  7.38585651937897E-13
gfc   120   87 -3.07799229612402E-13 -5.36351657443424E-13
gfc   120   88  5.27533958452734E-13 -9.78441862446965E-14
gfc   120   89  6.99827770427470E-13  2.93619620801370E-13
gfc   120   90 -5.94900193387307E-13  6.53394744548144E-13
gfc   120   91  4.47472576007128E-13 -1.03974803660368E-12
gfc   120   92  4.55926569107842E-13  1.07348595150085E-12
gfc   120   93 -6.83500091295472E-13 -4.78882475337364E-13
gfc   120   94  9.10148895273625E-13  2.38037971487546E-13
gfc   120   95 -4.85306160877204E-13  6.89662930527582E-13
gfc   120   96 -2.92540394859895E-13 -5.05705802160285E-13
gfc   120   97  5.96147661416467E-13  1.84907028793729E-13
gfc   120   98 -4.85148409045659E-13  3.98296008859696E-13
gfc   120   99  8.55796092026176E-14 -2.14832844363688E-13
gfc   120  100 -2.24023478106847E-13  3.33242766435574E-13
gfc   120  101  2.08651560466767E-14 -1.36865278991867E-13
gfc   120  102 -3.27571710725765E-13  2.61492614165189E-13
gfc   120  103  5.74499886974236E-16 -3.89236598902031E-13
gfc   120  104 -1.94382741190500E-13  2.65646503075133E-13
gfc   120  105  5.44531337954443E-14 -4.16391072189041E-13
gfc   120  106 -9.23229299432503E-14  3.04258010843440E-13
gfc   120  107 -4.74885698164170E-14 -4.71650698895233E-13
gfc   120  108  1.46899819913869E-13  2.95480885000686E-13
gfc   120  109 -6.98217664440547E-14 -5.78391585166629E-13
gfc   120  110  3.54430438088898E-13  3.48697819013261E-13
gfc   120  111 -1.64687837910940E-13 -3.92510264732710E-13
gfc   120  112  5.81697018798737E-13  3.96952172448127E-13
gfc   120  113 -3.16574206349243E-13 -1.58884287983509E-13
gfc   120  114  5.16476705039038E-13  4.33325563647234E-13
gfc   120  115 -3.89238609523772E-13  2.89023785406918E-13
gfc   120  116  2.55399905003123E-13  5.85509906150905E-14
gfc   120  117 -6.76259489569933E-13  6.34494324199925E-13
gfc   120  118 -4.42926257260512E-13 -5.71045183358697E-13
gfc   120  119  9.77488482538604E-14 -1.79988175765182E-13
gfc   120  120  1.55779285106020E-13 -2.87344074482347E-13
gfc   121    0  8.69318206670487E-13  0.00000000000000E+00
gfc   121    1 -1.38201307926676E-14  5.21917402482925E-13
gfc   121    2  2.11353023818851E-13  4.78602107561478E-13
gfc   121    3  1.19298239273041E-13 -1.27835215593562E-13
gfc   121    4 -6.04745517090155E-13 -1.62373429719890E-13
gfc   121    5  1.97670577904413E-13 -3.05668289531467E-14
gfc   121    6  1.95112204189537E-13 -5.17272707899092E-13
gfc   121    7 -3.79399378573589E-14  1.03781141602040E-13
gfc   121    8  5.25596431649264E-13  1.71119836718628E-13
gfc   121    9 -6.98500704200357E-14 -4.69867020223979E-13
gfc   121   10 -2.69274900085592E-13  3.06773752633625E-13
gfc   121   11  4.06895261484235E-13 -4.61644607044428E-13
gfc   121   12  4.19184061818325E-13 -2.77044322495934E-13
gfc   121   13  2.66469144305403E-13  5.43277920882641E-14
gfc   121   14  5.81175945296833E-13 -2.39869263365712E-13
gfc   121   15 -1.40475856912862E-13 -9.13815604702118E-14
gfc   121   16 -1.26581508957712E-14  3.91107382432908E-13
gfc   121   17  2.71910915407942E-13 -2.57135215135964E-13
gfc   121   18  2.08033436697536E-13  1.03223104873502E-13
gfc   121   19  6.69045815306832E-13 -1.35953305627376E-13
gfc   121   20  2.46020092062970E-13  1.37277678037445E-13
gfc   121   21 -3.22492426247233E-13 -5.60154149262329E-14
gfc   121   22 -3.51385302725711E-13  1.44405404846108E-13
gfc   121   23  3.95454734145861E-13 -3.33817687597150E-13
gfc   121   24  3.70740100566308E-13 -4.01196383417381E-13
gfc   121   25 -2.34363302385958E-13 -2.97308067424583E-13
gfc   121   26 -9.27315154214946E-14  6.27721320849396E-14
gfc   121   27  1.57509929730782E-13 -9.74255892726091E-14
gfc   121   28 -4.11793091402116E-13 -1.54310557089525E-13
gfc   121   29 -2.53684243418467E-13 -3.53013390573355E-14
gfc   121   30  1.74793543259745E-13  8.40120378494303E-14
gfc   121   31  4.42261563407809E-13  4.74345985964995E-13
gfc   121   32  4.75874369572504E-13  3.06250523234940E-13
gfc   121   33  2.60667196410543E-13  4.23497984311769E-14
gfc   121   34 -1.01456485902838E-13 -6.73470844624882E-13
gfc   121   35 -1.14914781523870E-13 -3.85780043458030E-13
gfc   121   36 -1.30174103261059E-13 -4.11774785725587E-14
gfc   121   37  1.98458410415489E-14  6.20691636479709E-13
gfc   121   38 -2.00653210480832E-13  1.84535321642172E-13
gfc   121   39 -3.46228967466424E-13 -9.35536030452660E-14
gfc   121   40 -3.72646228887149E-13 -2.92173029684028E-13
gfc   121   41 -6.76299929905026E-14  3.33590899395416E-13
gfc   121   42  1.95892569125990E-13  4.34347101901938E-13
gfc   121   43  5.20227468710551E-14  5.18124754534277E-13
gfc   121   44 -2.35332818811184E-13 -1.39085715881776E-13
gfc   121   45  1.99403741157780E-14 -1.07811684626343E-13
gfc   121   46  6.52007064492790E-13 -1.55204565239310E-13
gfc   121   47  1.78403772485875E-13  1.25550852889351E-13
gfc   121   48 -2.68559117847317E-13 -4.45061099102301E-14
gfc   121   49 -6.66863675314018E-13  5.47755030496752E-14
gfc   121   50 -2.69206765811050E-13 -1.36371867398489E-13
gfc   121   51  2.82501170485977E-13  1.89531580640073E-13
gfc   121   52  2.62829532458509E-13 -1.38121109627451E-13
gfc   121   53 -1.84420832743278E-13  2.02407842427987E-13
gfc   121   54 -3.69654203358247E-13 -4.88282235077464E-13
gfc   121   55 -1.48706548702210E-13 -5.07584679931204E-14
gfc   121   56  3.45194453138761E-13 -2.10638774809395E-13
gfc   121   57 -1.78859527710469E-14  5.63094027961881E-13
gfc   121   58 -1.73566796963614E-13  1.02970061291305E-13
gfc   121   59 -3.62943568820642E-13 -5.92871437985136E-14
gfc   121   60  1.81286992626650E-13 -5.00335050820007E-13
gfc   121   61  1.20115907924739E-13  4.47833534883552E-14
gfc   121   62 -1.64718381086793E-13  1.55706402008525E-13
gfc   121   63 -2.86817966078011E-13 -1.54192264819098E-13
gfc   121   64 -2.34416809500472E-14 -5.69567725571744E-13
gfc   121   65  3.17029825530599E-13  1.99608803165224E-13
gfc   121   66  7.08112981322402E-14  5.14081095949584E-14
gfc   121   67 -4.20103316480388E-13  3.65242064196352E-13
gfc   121   68 -8.03915992731531E-14 -7.41598844314238E-13
gfc   121   69  2.96120451446285E-14 -1.60197106298824E-13
gfc   121   70  5.21127066768263E-13 -2.53838105640945E-13
gfc   121   71 -3.29431942577833E-13  3.71931174641051E-13
gfc   121   72  2.65243134007322E-13 -5.39257156127711E-13
gfc   121   73  2.09939493476115E-14 -2.37442803487975E-13
gfc   121   74  7.21659707871453E-13  1.92909506408043E-13
gfc   121   75 -7.33479910507725E-13  2.10556345847106E-13
gfc   121   76  2.56962882364850E-13 -4.65470155607017E-13
gfc   121   77  1.89632016740921E-14 -2.28783696176841E-13
gfc   121   78  7.43819189271312E-13  1.92239371932880E-13
gfc   121   79 -2.90701549618046E-13  1.36516329280334E-13
gfc   121   80  2.94078523904832E-13 -8.61082851220746E-14
gfc   121   81  1.04983158627173E-13 -1.45100258501041E-13
gfc   121   82  3.01454118101773E-13  4.54170877852195E-13
gfc   121   83 -3.70630632016582E-13 -2.75844803040720E-14
gfc   121   84  1.88070749929094E-13 -2.57447824353988E-13
gfc   121   85  7.81490373350115E-13  5.28967036334232E-15
gfc   121   86 -1.21474413623852E-13  1.05496806472065E-12
gfc   121   87 -4.30782000661251E-13 -4.53277880362837E-13
gfc   121   88  4.36115369638819E-13  2.45527305029158E-13
gfc   121   89 -1.02974077203881E-13  1.99320468899171E-13
gfc   121   90 -1.48204192148406E-13  3.99430964845990E-13
gfc   121   91  6.84031813695421E-14 -4.93024225956701E-13
gfc   121   92  4.25668108281597E-13  1.06260347432536E-12
gfc   121   93 -1.30475814136147E-12 -2.71686164513294E-13
gfc   121   94  7.33437334299262E-13 -3.20906382139844E-13
gfc   121   95 -4.19214767599352E-13  4.94193217482376E-13
gfc   121   96 -1.02842423285661E-13 -1.36000902724586E-13
gfc   121   97 -2.43595557213358E-13 -1.75744489188746E-14
gfc   121   98 -1.61191616842418E-13 -1.28966094312040E-13
gfc   121   99  8.41271081494406E-14 -2.65026486932218E-13
gfc   121  100 -1.06646167471227E-13  2.59541280860557E-13
gfc   121  101 -3.23203905665591E-13 -4.54484642116116E-13
gfc   121  102  1.72588238371695E-13  1.52325600137978E-13
gfc   121  103 -1.32084891220594E-13 -3.05630409289136E-13
gfc   121  104  2.89164557894130E-13  1.85583996338133E-14
gfc   121  105 -1.84621649318793E-13 -1.92314328338386E-13
gfc   121  106  3.64659227460965E-13  7.37070257201030E-14
gfc   121  107 -2.17093789690358E-13 -1.05523934225758E-13
gfc   121  108  4.51618038846986E-13 -1.37547425945521E-14
gfc   121  109 -3.68226499261285E-13  1.40120266003448E-13
gfc   121  110  5.50597621489256E-13 -3.81126065455873E-14
gfc   121  111 -3.69638276125044E-13  3.30922760708886E-13
gfc   121  112  3.53864095374460E-13 -1.32685607399546E-13
gfc   121  113 -3.59706578580905E-13  4.86875834665457E-13
gfc   121  114  1.95144270939029E-13 -3.82704083708847E-13
gfc   121  115 -3.63862449566745E-13  5.71400802022866E-13
gfc   121  116 -1.17134224446084E-13 -5.19813043696854E-13
gfc   121  117 -4.32719285398168E-14  3.68446762932413E-13
gfc   121  118 -6.24100434992112E-13 -6.19364777057869E-13
gfc   121  119  5.91730339591385E-13 -3.88233349072817E-13
gfc   121  120  5.48772245934442E-14  1.35667741457271E-13
gfc   121  121  2.21018250957358E-13  1.18636229168104E-13
gfc   122    0  3.20547345491013E-13  0.00000000000000E+00
gfc   122    1 -3.41133330220090E-13 -1.01959657966649E-13
gfc   122    2 -1.67649029086168E-13  4.97681137391413E-13
gfc   122    3 -3.87136713312181E-13 -1.13481146400527E-13
gfc   122    4 -6.59518205425801E-13  1.12486906154611E-13
gfc   122    5 -1.37369816164414E-13  4.14106892617138E-13
gfc   122    6 -1.15597510285897E-13 -2.20391823290528E-13
gfc   122    7 -4.71287868901875E-13  2.97432889232672E-13
gfc   122    8  3.54977359683809E-14 -3.38104388145233E-14
gfc   122    9 -3.96353481606937E-13 -2.83583627965910E-13
gfc   122   10 -3.81219691625984E-13 -4.15067847117018E-14
gfc   122   11  2.33689495651069E-13 -5.77635884448248E-14
gfc   122   12 -2.14247449220734E-14 -3.92761830823332E-13
gfc   122   13  9.85650801876100E-14  6.04611262404735E-14
gfc   122   14  1.82983124384143E-13 -2.47475039932785E-13
gfc   122   15 -4.04392699344333E-13 -2.60515988884252E-15
gfc   122   16  1.77799079407142E-13 -6.19000201716935E-14
gfc   122   17  2.77885523645471E-13 -8.05794432092932E-14
gfc   122   18  3.65275822901507E-13  3.32279017657122E-14
gfc   122   19  7.16574231542991E-14  1.19197745052360E-13
gfc   122   20 -9.21408916734229E-14 -1.61878426997061E-13
gfc   122   21 -4.63533231488130E-13 -2.75588802572128E-13
gfc   122   22 -1.04040773164183E-13 -1.79301129105404E-13
gfc   122   23  2.23563658560174E-13 -2.15361315094718E-13
gfc   122   24  1.37806467097335E-13 -7.78102875930663E-13
gfc   122   25 -2.89011863683407E-13 -2.47255852352994E-13
gfc   122   26 -3.07015709195939E-13  2.91486326446311E-13
gfc   122   27 -2.26046690778922E-13 -2.89294413240538E-13
gfc   122   28 -3.39523874667922E-13 -6.76696673566983E-13
gfc   122   29  1.23515874588562E-13 -1.23747655702688E-13
gfc   122   30  1.22646791514001E-13  4.69152322919663E-13
gfc   122   31  2.55958905744751E-13  6.14430029305748E-13
gfc   122   32  1.69792797374461E-13  1.30733882122751E-13
gfc   122   33  2.00091755507363E-13 -5.28975271814428E-13
gfc   122   34  6.28333046248235E-14 -6.14667864512807E-13
gfc   122   35 -1.14718035418764E-13 -4.67255736302092E-13
gfc   122   36 -2.77844623682260E-13  2.44523361740019E-13
gfc   122   37 -1.40493219506182E-13  2.75947300900859E-13
gfc   122   38 -1.51147006752668E-13  5.61056076890476E-14
gfc   122   39 -3.72429430553667E-14 -3.49295001415319E-13
gfc   122   40 -1.53546494939048E-13 -5.01497089495980E-14
gfc   122   41  1.94584771535981E-13  4.66206837787061E-13
gfc   122   42  6.02801557781324E-14  7.36844297015953E-13
gfc   122   43 -1.64993563588438E-13  1.13322734081634E-13
gfc   122   44 -1.26822616367427E-13 -2.16871075287683E-13
gfc   122   45  2.10113249219029E-13 -1.71634570324223E-13
gfc   122   46  3.85801004015187E-13  6.69382233452812E-14
gfc   122   47  2.62933530481794E-13  1.42027627607599E-14
gfc   122   48 -3.51191883029542E-13 -2.74757971652838E-13
gfc   122   49 -2.92584871312981E-13 -3.32921156320515E-13
gfc   122   50  4.53526593190505E-14  5.49647063260611E-14
gfc   122   51  4.16011135238599E-13  2.59097127916058E-13
gfc   122   52 -8.08069409080002E-15  1.93356747145066E-13
gfc   122   53 -5.49846114093625E-14 -1.17481177271952E-13
gfc   122   54 -3.11382379223603E-13 -4.31380592721145E-13
gfc   122   55  1.63431481959077E-13 -1.83755473165768E-13
gfc   122   56  1.12287905707209E-13  4.87585526000923E-14
gfc   122   57 -4.89178001947030E-14  3.78190923187510E-13
gfc   122   58 -1.69469151906762E-13 -1.34043747900722E-13
gfc   122   59  1.93569436436545E-13 -2.17219340752297E-13
gfc   122   60  4.20879816554119E-13 -2.83669242598216E-13
gfc   122   61  1.20781919269606E-13  3.54818283033545E-13
gfc   122   62 -3.68694296269179E-13  1.94556070244358E-13
gfc   122   63 -6.10213240667624E-14 -2.63802475863022E-13
gfc   122   64  2.31963178463632E-14 -4.41826349737260E-13
gfc   122   65  5.22487608738128E-13  2.74100897700200E-13
gfc   122   66 -3.18455506458125E-13 -8.55942262009909E-15
gfc   122   67  1.28537238160726E-13  6.35735997712312E-14
gfc   122   68  1.44906580176292E-14 -5.50729952866545E-13
gfc   122   69  6.50604125892694E-13  3.96953865425593E-13
gfc   122   70 -8.27108921582649E-14 -2.15577370482908E-14
gfc   122   71 -1.50427888696070E-13  4.06689150448322E-13
gfc   122   72 -1.00177103069869E-13 -8.14885894667598E-13
gfc   122   73  6.45930566144941E-13  2.43005661810621E-13
gfc   122   74  2.20077587221141E-13  1.18377899701317E-13
gfc   122   75 -1.46327555506060E-13  4.58315876703618E-13
gfc   122   76  4.32451741768066E-15 -3.84231822418717E-13
gfc   122   77  3.66349681697786E-13  2.19829054343411E-13
gfc   122   78  1.76079467960362E-13  6.07174713050537E-13
gfc   122   79 -6.21447017070764E-13  9.61126946787269E-14
gfc   122   80  1.72838962130630E-13 -3.81569053742025E-13
gfc   122   81  3.39729713360141E-13  1.24303486191598E-13
gfc   122   82  7.33510042741952E-15  8.42828019323971E-13
gfc   122   83 -7.01781336694036E-13 -8.20282867299194E-14
gfc   122   84  2.48578497224574E-13 -1.62098357205402E-13
gfc   122   85  4.01152146422930E-14  3.59760851441575E-13
gfc   122   86 -4.75960471093112E-13  2.40779836093630E-13
gfc   122   87 -2.33604722107685E-13 -4.96609071602854E-13
gfc   122   88  4.21184580622984E-13  2.27413103754044E-13
gfc   122   89 -3.38353040265892E-13  3.94515858262721E-13
gfc   122   90 -5.47790112940118E-13 -6.87104080086120E-14
gfc   122   91  3.49598471395861E-14 -6.69520493606186E-13
gfc   122   92  4.37716268890583E-13  6.93143252085663E-13
gfc   122   93 -1.06335142825307E-12 -4.49275141115304E-13
gfc   122   94  1.01201553830458E-12 -3.61198691603707E-13
gfc   122   95 -9.08183909012421E-13  7.83515457664956E-13
gfc   122   96  1.04225048352631E-15 -1.23260359686711E-12
gfc   122   97  4.86747468491465E-13  3.07056242155069E-13
gfc   122   98 -3.24471394057980E-13 -2.78132665105020E-14
gfc   122   99 -9.99016920061506E-14 -2.35986724097310E-13
gfc   122  100  3.60362266712899E-13 -2.14861587059226E-13
gfc   122  101 -1.81679735267697E-13  9.83495160449924E-14
gfc   122  102  2.33804469892124E-13 -2.03420439724439E-13
gfc   122  103 -7.28322030813859E-14  7.67885881259076E-14
gfc   122  104  3.81337354081201E-13 -2.35549122689708E-13
gfc   122  105 -1.17448834076039E-13  2.62680319348420E-13
gfc   122  106  2.50593437948574E-13 -2.26291117638621E-13
gfc   122  107 -7.62049054188503E-14  3.83037649471121E-13
gfc   122  108  1.86865093032567E-13 -2.43369022852701E-13
gfc   122  109 -2.38024338685435E-14  5.05630374979873E-13
gfc   122  110 -6.76628703548493E-14 -2.73112001264467E-13
gfc   122  111  1.67136869234366E-15  5.20858263398877E-13
gfc   122  112 -2.61235730758945E-13 -4.09646985258416E-13
gfc   122  113  4.94378716508514E-14  3.81204088101152E-13
gfc   122  114 -4.29617472005396E-13 -4.52671800164727E-13
gfc   122  115  2.06973972729863E-13  2.05527946891079E-13
gfc   122  116 -5.12038244807517E-13 -3.35436751586294E-13
gfc   122  117  4.69364038934661E-13 -1.97412349793099E-13
gfc   122  118 -2.69702085030189E-13 -1.07387772403811E-13
gfc   122  119  5.39700797550891E-13 -4.93090994838420E-13
gfc   122  120  4.10790631174946E-13  5.33102830801768E-13
gfc   122  121 -8.74002972957488E-14  1.56873227517617E-13
gfc   122  122 -1.88751770574109E-13  1.25618501588254E-13
gfc   123    0  3.22586932672133E-13  0.00000000000000E+00
gfc   123    1  1.19462118129960E-13  4.09135253685492E-13
gfc   123    2  1.38331516945311E-13  2.45884988355497E-13
gfc   123    3  3.16677141230062E-13  1.34255596961244E-13
gfc   123    4 -1.99868192740774E-13  2.44376915300197E-13
gfc   123    5  6.23818759039861E-14  2.42791896969577E-13
gfc   123    6 -2.03613818222761E-13  6.01627021068652E-15
gfc   123    7 -2.48128149932466E-13 -1.40026928481029E-14
gfc   123    8 -1.00623266012789E-13 -1.03548214530217E-13
gfc   123    9  1.06712993363777E-13 -3.43938017205731E-13
gfc   123   10 -1.19913429022721E-13  1.48351879025876E-13
gfc   123   11  3.95038916031951E-13 -3.02751186243346E-14
gfc   123   12  1.34751237458718E-13 -1.73127257561133E-13
gfc   123   13 -7.33957825593035E-14  3.05153712378693E-14
gfc   123   14 -1.57310184978951E-13 -5.79714765859688E-13
gfc   123   15 -1.39955761581357E-13 -1.68800151305401E-13
gfc   123   16  1.60528946167246E-13 -1.69310626474509E-13
gfc   123   17  4.52960786211741E-13  1.12125789476453E-13
gfc   123   18  2.65148677767525E-13  3.32143258894902E-14
gfc   123   19  1.49155044889002E-13  5.08449034160102E-14
gfc   123   20 -2.57093656199406E-13 -8.94043465973118E-14
gfc   123   21 -3.08787564219086E-13 -3.31582854337181E-13
gfc   123   22 -2.04185996991080E-13 -1.19273043354877E-13
gfc   123   23  3.67535566385085E-13 -2.81365580258538E-13
gfc   123   24  1.68122363253130E-13 -4.26329714873557E-13
gfc   123   25 -9.41964732731063E-13 -2.09071448600053E-13
gfc   123   26 -4.44577326635420E-13 -2.61192122738596E-13
gfc   123   27  1.14757159185877E-13 -4.90664641679375E-13
gfc   123   28  1.00085947809645E-13 -3.57553812677957E-13
gfc   123   29 -2.17762228758831E-13 -7.16652447481056E-14
gfc   123   30  1.14649922047646E-13  3.31560349651241E-13
gfc   123   31  3.24985425218008E-13  2.84953137039393E-13
gfc   123   32  4.63064277039703E-13 -1.32735117838214E-14
gfc   123   33  3.27203742953225E-13 -4.76466687928593E-13
gfc   123   34  1.23379229722259E-13 -5.40448762277686E-13
gfc   123   35 -1.89225368903660E-13 -1.68479813665776E-13
gfc   123   36 -2.96478612652675E-13  2.78204688053654E-13
gfc   123   37 -2.28840901810653E-13  2.29583793266290E-13
gfc   123   38 -1.55577579420736E-13 -4.80282464678062E-14
gfc   123   39  1.37396501507520E-13 -3.40408283589081E-13
gfc   123   40  4.53622132506708E-14  2.02464877509838E-13
gfc   123   41  2.95563369631231E-14  5.65736050072983E-13
gfc   123   42 -4.58781283370016E-14  6.03715774699806E-13
gfc   123   43  2.85689919627956E-13 -3.76987789992080E-14
gfc   123   44  1.57549435804185E-13 -1.33087041947570E-13
gfc   123   45  4.02975076273963E-13  1.87405187571255E-14
gfc   123   46  2.37710031418663E-13  4.67148386934055E-13
gfc   123   47 -8.51479367414024E-14 -2.73835933494661E-14
gfc   123   48 -2.97486172295511E-13 -2.55651309584337E-13
gfc   123   49 -1.09698255341099E-13 -4.15197580905859E-13
gfc   123   50  1.10716544484184E-13  2.00345450372733E-13
gfc   123   51  1.98883762029101E-13  2.11436027368756E-13
gfc   123   52 -3.69016467289601E-14  2.76139133714081E-13
gfc   123   53  7.22528235663001E-14 -4.37554081595532E-13
gfc   123   54  1.60407897712399E-14 -1.15164730549322E-13
gfc   123   55  2.54700360126582E-13 -6.09267807642922E-14
gfc   123   56 -1.36744893736018E-13  4.76356344121865E-13
gfc   123   57 -1.88573512379106E-13  1.07985893638256E-13
gfc   123   58 -1.58668253814009E-13  1.23056621814200E-14
gfc   123   59  3.98880059029633E-13 -4.22667151836362E-13
gfc   123   60  2.91737574680965E-13  2.24364419537489E-13
gfc   123   61 -3.92219776478616E-14 -2.91463836545793E-14
gfc   123   62 -2.11215500695925E-13  3.58153811465428E-13
gfc   123   63  2.57698674666898E-13 -6.10776970919762E-13
gfc   123   64  2.08141104592537E-13  4.48632618281970E-13
gfc   123   65  2.46802848190970E-13  2.02459162978611E-13
gfc   123   66 -5.42426804478454E-13  4.08880463425246E-13
gfc   123   67  8.22988535053021E-14 -5.06605672446468E-13
gfc   123   68  5.80480690774420E-14  2.63797503038462E-14
gfc   123   69  6.15119967499491E-13  1.39163812070349E-13
gfc   123   70 -3.82742367056695E-13  4.43556023924547E-13
gfc   123   71  7.47153361405219E-14 -6.69067272596365E-14
gfc   123   72 -1.21886779654388E-13 -1.36272056120120E-13
gfc   123   73  4.08097958565707E-13  2.92531594856383E-13
gfc   123   74 -4.50140344105189E-13  4.03719619776221E-13
gfc   123   75 -2.90621464988411E-13 -3.45516069103179E-14
gfc   123   76  2.08106947420211E-13 -4.63913973161686E-13
gfc   123   77  3.45249816738093E-13  4.60975645818227E-13
gfc   123   78 -3.35433150483616E-13  2.71296806902194E-13
gfc   123   79 -2.89866326665517E-13 -1.23617448835662E-13
gfc   123   80 -1.75269865515065E-14 -5.09920574419049E-14
gfc   123   81 -1.37406126810733E-13  2.04791751845895E-13
gfc   123   82 -3.81990104621227E-13  2.21906329768176E-13
gfc   123   83 -3.05515813681731E-13 -5.48218983441230E-13
gfc   123   84  4.11799408827673E-13  5.16888205689130E-14
gfc   123   85 -1.60960845413630E-13  1.55620163464024E-13
gfc   123   86 -4.85238852636219E-13  1.94920347167332E-13
gfc   123   87 -4.11561625338159E-13 -8.26109650413810E-13
gfc   123   88  6.03305925740617E-13  1.87928851791380E-13
gfc   123   89 -5.46392017115215E-13 -1.17143746278139E-14
gfc   123   90  1.12094741268612E-13 -4.31700247703277E-13
gfc   123   91  1.67839376660938E-13 -1.53718350423921E-13
gfc   123   92  1.24531041836587E-15  2.85557328750323E-13
gfc   123   93 -5.78377094179432E-13 -5.49392093287891E-13
gfc   123   94  1.01148902874674E-12 -4.55844303997227E-13
gfc   123   95 -1.72695841573359E-13  6.69084871144977E-13
gfc   123   96  2.51468505012311E-14 -7.90952163832373E-13
gfc   123   97  3.47163760343336E-13  4.79743992614408E-13
gfc   123   98 -2.43223623250826E-13 -5.08716007352937E-13
gfc   123   99  6.67791892140981E-13  2.41481623946910E-13
gfc   123  100 -1.85550932292598E-13  2.07314272927205E-13
gfc   123  101  8.80799365847852E-14  4.81782478750955E-15
gfc   123  102  1.62180614934942E-13 -7.33345992577436E-14
gfc   123  103  5.46286633030888E-14  2.65912204194931E-13
gfc   123  104 -1.15328463799683E-13 -1.42600088025521E-13
gfc   123  105  1.91663499711035E-13  3.25825635358852E-13
gfc   123  106 -1.98757535028770E-13 -9.87749690346943E-14
gfc   123  107  1.76398569396799E-13  2.34896066814722E-13
gfc   123  108 -3.29406991197693E-13 -6.15889292219797E-14
gfc   123  109  2.35490503849773E-13  1.10350311426965E-13
gfc   123  110 -4.20293229651006E-13 -9.95142355299107E-14
gfc   123  111  3.08682047586337E-13  1.40150652464192E-14
gfc   123  112 -4.97551948215478E-13  7.10098245880297E-14
gfc   123  113  3.82572822829967E-13 -2.31453212889227E-13
gfc   123  114 -4.45763004678211E-13  1.01210013996446E-13
gfc   123  115  4.61360230358754E-13 -3.83737346562913E-13
gfc   123  116 -2.20106537546864E-13  1.85943777154444E-13
gfc   123  117  3.71301432160679E-13 -5.36185949224222E-13
gfc   123  118  1.29597146857543E-13  4.68869148232092E-13
gfc   123  119  2.32192573647245E-13 -3.42694552558123E-13
gfc   123  120  4.22395826008519E-13  6.14354892865209E-13
gfc   123  121 -5.72671728661007E-13  2.77353423627788E-13
gfc   123  122 -1.23336451802694E-13 -3.50682106726642E-14
gfc   123  123 -1.68178077771477E-13 -1.77059859226067E-13
gfc   124    0  9.09365494353200E-14  0.00000000000000E+00
gfc   124    1  3.13681631061153E-14 -7.01413886672707E-13
gfc   124    2  1.07661953006273E-13  7.12184205110812E-14
gfc   124    3 -5.48288788133889E-14  1.92756074967293E-13
gfc   124    4 -1.00836820277649E-13  2.36450030232010E-13
gfc   124    5 -3.66791662554299E-13  3.04037990634825E-13
gfc   124    6 -3.96446297475771E-13  1.31764220058937E-13
gfc   124    7 -5.23783692141137E-13 -2.90204545564327E-13
gfc   124    8 -3.54542664223107E-13 -1.89472196843623E-13
gfc   124    9  4.67678908127445E-14 -2.15872088139043E-13
gfc   124   10 -2.52085424100501E-13 -1.11562778135105E-13
gfc   124   11  1.40485859356015E-13  1.00599299968780E-13
gfc   124   12 -2.93653390310282E-13 -2.13889270361710E-13
gfc   124   13 -1.96773457744749E-13 -3.74108100905549E-13
gfc   124   14 -1.47514659945879E-13 -2.89017880980952E-13
gfc   124   15  2.24265412657105E-14 -3.62370210482576E-13
gfc   124   16  1.16205265942449E-13 -2.24180858851697E-13
gfc   124   17  4.84133370424135E-13  5.32248544134926E-14
gfc   124   18  1.18583969786892E-13 -1.91650909608708E-13
gfc   124   19 -7.18544298434067E-15 -4.90380701076181E-14
gfc   124   20 -8.86254542971011E-14 -3.96118694149162E-13
gfc   124   21  1.06937236714265E-13 -4.79050066938895E-13
gfc   124   22  1.35185851459640E-13 -1.30498995317992E-13
gfc   124   23  3.31320510471004E-13  1.40585650050047E-13
gfc   124   24 -3.14020189816692E-13 -5.75355784413240E-13
gfc   124   25 -5.77323493663958E-13 -3.00120547305427E-13
gfc   124   26 -3.40563635767627E-13  6.52995617769250E-14
gfc   124   27  8.67293780992208E-14 -2.64505701694440E-13
gfc   124   28 -6.11658533943167E-14 -5.03304927098198E-13
gfc   124   29  4.41187190534947E-16  2.01457636724118E-13
gfc   124   30 -1.73202834256873E-13  6.33528235852792E-13
gfc   124   31  3.30391009604805E-13  3.64718866265106E-13
gfc   124   32  3.34442220551292E-13 -2.86722546798069E-13
gfc   124   33  4.73860027816955E-13 -5.39374764502558E-13
gfc   124   34  9.42486297969604E-14 -3.56270577873707E-13
gfc   124   35 -2.76326791105719E-13  1.39472224095242E-13
gfc   124   36 -3.12988063248061E-13  2.27504365139785E-13
gfc   124   37 -2.69454850334184E-13  1.28917934969974E-13
gfc   124   38  1.43796982326980E-13 -3.50934360358501E-14
gfc   124   39  5.40293227160075E-14  8.02229664766906E-14
gfc   124   40 -3.83237988975414E-14  3.12791727470631E-13
gfc   124   41 -2.64074598285689E-13  5.77148131588659E-13
gfc   124   42 -2.09950402790532E-14  3.57752852329531E-13
gfc   124   43  1.06334846739749E-13 -2.07846328209493E-13
gfc   124   44  4.60549104008424E-13 -1.31604201665489E-13
gfc   124   45  1.75360353742884E-13  2.84918660795357E-13
gfc   124   46  9.95717440944363E-14  3.28255867070170E-13
gfc   124   47 -5.14519490165361E-14 -1.10058463078114E-13
gfc   124   48  1.07730250815856E-13 -3.74700528114818E-13
gfc   124   49 -1.72264161408293E-13 -1.14029880361220E-13
gfc   124   50  1.10744890671064E-13  3.85969976817431E-13
gfc   124   51 -3.44969246524561E-13  2.74830272049962E-13
gfc   124   52  7.60094467635141E-15  5.37641268029986E-14
gfc   124   53 -8.16676517599758E-14 -4.57062622281119E-13
gfc   124   54  3.41788238129181E-13 -1.03267147199222E-13
gfc   124   55 -9.47785945160414E-14  1.31956132547013E-13
gfc   124   56 -1.29800552969951E-13  3.59292023142758E-13
gfc   124   57 -3.53100319157585E-13  2.52468902765189E-14
gfc   124   58  2.40821407964993E-13 -4.58900527196761E-14
gfc   124   59  2.98041273117321E-13 -2.76643384553548E-14
gfc   124   60  1.61148380522879E-13  3.04591976663358E-13
gfc   124   61 -4.98374976338112E-13  9.89338087950244E-14
gfc   124   62 -6.47800871741087E-14 -8.07529438681866E-14
gfc   124   63  7.40931064276157E-14 -4.13293830499812E-13
gfc   124   64  2.94837703303544E-13  4.07409506939586E-13
gfc   124   65 -1.54794099420138E-13  1.61577201649030E-13
gfc   124   66 -1.17143771096093E-13  2.06353629614148E-13
gfc   124   67  3.66876329063144E-15 -4.33247118668697E-13
gfc   124   68  2.57408713795723E-13  4.60211632623026E-13
gfc   124   69 -1.69544218036257E-13  7.40945835583767E-14
gfc   124   70 -4.85823138970583E-13  3.30941140184873E-13
gfc   124   71 -4.14742316149670E-14 -5.52510886051677E-13
gfc   124   72  1.71962835606878E-13  5.49896348946790E-16
gfc   124   73  1.98417278720064E-13  1.64228034436723E-13
gfc   124   74 -4.39179651102991E-13  4.30201629462863E-13
gfc   124   75 -2.92458312273941E-13 -3.35438306291302E-13
gfc   124   76  2.49898641465067E-13 -6.89346900163192E-14
gfc   124   77 -1.62558294961356E-13  1.32541778219851E-13
gfc   124   78 -1.59682772319731E-13 -4.20804440391960E-14
gfc   124   79 -4.70571517488744E-13 -4.45319450670965E-13
gfc   124   80  4.71829737517362E-13 -2.39368898737819E-13
gfc   124   81 -1.85634665296040E-13  3.28870033164353E-13
gfc   124   82 -1.21663914071872E-13  3.26623326363102E-14
gfc   124   83 -5.06999739526730E-13 -5.84292058072146E-13
gfc   124   84  7.67605825003429E-13 -2.77019718941743E-13
gfc   124   85 -2.55499921050814E-13  2.41398206210829E-13
gfc   124   86 -7.10944097519783E-14 -3.40749472981510E-13
gfc   124   87  2.22228661032636E-13 -5.12106433169896E-13
gfc   124   88  5.60439656563068E-13  4.83076978938956E-13
gfc   124   89 -6.57617826345802E-13 -9.52952724446232E-14
gfc   124   90  4.33216203298265E-13 -3.79196884993907E-13
gfc   124   91  2.96710069512907E-13 -1.16267149010974E-13
gfc   124   92  3.70652647282443E-13  4.08231823972393E-13
gfc   124   93 -4.88819757190967E-13 -2.68018896537607E-13
gfc   124   94  9.57605844051202E-13 -1.28402110230751E-13
gfc   124   95 -4.14481564011378E-13  7.53574948439859E-13
gfc   124   96  5.39058120877546E-15 -9.24960217577490E-13
gfc   124   97  9.60802842969568E-13  7.18853871446519E-13
gfc   124   98 -8.19253356178201E-13  3.29632150474981E-13
gfc   124   99  3.97966385667254E-13 -3.03834824735763E-13
gfc   124  100 -6.17578827568879E-14  3.51954856268025E-13
gfc   124  101  1.40107672752959E-13  9.23913694691376E-14
gfc   124  102 -3.44121470507140E-13  2.39654770469317E-13
gfc   124  103  1.92831639097150E-13 -7.67287549335890E-14
gfc   124  104 -2.74760458711941E-13  1.26041102556418E-13
gfc   124  105  7.86962036615034E-14  2.00812749337325E-14
gfc   124  106 -3.66098954269074E-13  1.48285692902951E-13
gfc   124  107  1.66551753539253E-13 -1.96080291279901E-13
gfc   124  108 -2.69507383646337E-13  1.36918819155345E-13
gfc   124  109  6.96294125090991E-14 -2.72807139192993E-13
gfc   124  110 -1.99688107209671E-13  2.65879336195283E-13
gfc   124  111  1.31213842556377E-13 -4.62324584465815E-13
gfc   124  112 -5.99355234210043E-14  2.65338259344328E-13
gfc   124  113  9.88723327868950E-15 -4.35282267261451E-13
gfc   124  114  1.78283194384958E-13  3.34110327385867E-13
gfc   124  115  2.12328801244428E-14 -4.19183019380632E-13
gfc   124  116  3.05503086147223E-13  4.44265988149713E-13
gfc   124  117 -1.90567473926062E-13 -1.86713314386809E-13
gfc   124  118  4.09828846643537E-13  3.97838642569446E-13
gfc   124  119 -4.70238873701668E-13  1.65363382949406E-13
gfc   124  120  2.67544246709802E-13  1.28639867270319E-13
gfc   124  121 -6.60840130700303E-13  4.07493725130388E-13
gfc   124  122 -3.13893663840723E-13 -5.57206349473770E-13
gfc   124  123  6.30288551505276E-14 -2.16072963126158E-13
gfc   124  124  1.91792915175834E-13 -1.22253073160908E-13
gfc   125    0  6.38571549706609E-14  0.00000000000000E+00
gfc   125    1  5.27220625907379E-13 -1.08061658194036E-13
gfc   125    2  1.78703693439966E-13  2.01282880833169E-13
gfc   125    3  6.03401829600339E-13  6.59245213954708E-13
gfc   125    4  3.06745431884475E-13  3.34443232815269E-13
gfc   125    5 -2.79848049826004E-13  3.06143659353351E-13
gfc   125    6  9.98092277758880E-14  2.35072725837034E-13
gfc   125    7 -2.54965279187999E-13 -3.29678436230240E-13
gfc   125    8 -1.74605255344093E-14  2.34694454205016E-13
gfc   125    9  2.67595436565218E-13  5.00017793799954E-14
gfc   125   10  1.02577774102780E-13  2.75981358011268E-13
gfc   125   11  9.98221893760109E-15  2.42183147964920E-13
gfc   125   12  3.94864267810422E-14 -1.48550905502157E-13
gfc   125   13 -3.64928101842275E-13 -2.94271892392498E-13
gfc   125   14 -1.38034296777370E-14 -2.06217193949193E-13
gfc   125   15  1.14660578537928E-13 -2.84153714314601E-13
gfc   125   16  2.03980675432409E-13  1.62015981305774E-13
gfc   125   17  3.03285562450995E-13  1.73718768892686E-13
gfc   125   18 -2.98787852514757E-14 -1.21199637126009E-13
gfc   125   19 -1.39432595505559E-13 -5.54850603624828E-14
gfc   125   20  4.46937421365315E-14 -1.48957607153407E-13
gfc   125   21 -6.49972073057958E-14 -3.17617985044403E-13
gfc   125   22 -9.51155073321772E-14  2.97765357196982E-13
gfc   125   23  7.88789057562804E-14 -2.16536679197700E-13
gfc   125   24 -2.65771726983664E-13 -2.00324448089824E-13
gfc   125   25 -9.23532972747519E-13 -2.51839136895016E-13
gfc   125   26 -3.02757928547921E-13 -1.05709789090292E-13
gfc   125   27  3.83590362012186E-13 -1.90884067148778E-13
gfc   125   28 -3.13109798777180E-14  5.50208813861081E-14
gfc   125   29 -6.39916239984068E-13  2.08447228321977E-13
gfc   125   30 -2.67398254022142E-13  4.25035090396056E-13
gfc   125   31  3.78395614942405E-13  9.57498261966194E-14
gfc   125   32  5.65619356175554E-13 -1.25599362576123E-13
gfc   125   33  2.76004040514960E-13 -2.39872959763320E-13
gfc   125   34 -3.35509564509383E-13 -2.38075972692832E-13
gfc   125   35 -5.28668240984788E-13  1.17982258192590E-13
gfc   125   36 -3.36336803837843E-13 -1.58829405030984E-13
gfc   125   37 -1.70931465337740E-13  2.41867737708738E-15
gfc   125   38  1.07975178796661E-13 -9.07905188493762E-14
gfc   125   39  8.96437134869505E-14  2.29401275682349E-13
gfc   125   40 -8.68861933678435E-14  2.07954955426699E-13
gfc   125   41 -3.06483042164664E-13  3.82484893666639E-13
gfc   125   42  1.95698819060124E-14  8.32494571458905E-14
gfc   125   43  4.04600041602575E-13  1.46832160102971E-14
gfc   125   44  3.91886554367674E-13  4.30135941537226E-14
gfc   125   45 -1.11160790882753E-13  1.42788572722703E-13
gfc   125   46 -1.05676350504791E-13  2.82709893286382E-14
gfc   125   47 -1.70585755967208E-13 -3.39227870889864E-13
gfc   125   48  3.61497566059603E-13 -3.69080438775412E-13
gfc   125   49  6.18100246684971E-14 -3.99019571275179E-15
gfc   125   50 -4.35468752367210E-14  1.70804096823802E-13
gfc   125   51 -3.80647951145722E-13  2.03001277407189E-13
gfc   125   52  1.68278574532890E-13 -1.27025549892266E-13
gfc   125   53  3.22912078846864E-14 -1.36522900462461E-13
gfc   125   54  2.79659841677475E-13  1.30481458576422E-14
gfc   125   55 -4.00679510472940E-13  1.99203959740790E-13
gfc   125   56 -3.48060735361331E-13  1.01599180400129E-13
gfc   125   57 -2.49326138453630E-13 -9.16094078774245E-14
gfc   125   58  4.00310788416056E-13 -6.16707207437397E-14
gfc   125   59  2.37923533105563E-13  1.70548212303725E-13
gfc   125   60  8.42801099587143E-15  6.73333532166687E-14
gfc   125   61 -5.17152671179191E-13  7.67529691971592E-14
gfc   125   62  2.49731335157429E-13 -3.24517819408260E-13
gfc   125   63 -7.10876875512973E-14  1.71421824770621E-13
gfc   125   64  1.24019564501489E-13  2.19917694602976E-13
gfc   125   65 -6.53215747103510E-13  2.10841639545236E-13
gfc   125   66  1.52902678787140E-13 -4.91067111635128E-13
gfc   125   67 -5.90430283277574E-15 -1.56736803418973E-13
gfc   125   68  4.86938897957231E-13  1.47481289936496E-13
gfc   125   69 -4.07101619350760E-13  2.39820299146023E-13
gfc   125   70 -1.17944823998846E-13 -1.43205328379576E-13
gfc   125   71 -1.02325281664839E-13 -2.51717892261993E-13
gfc   125   72  2.33734593142617E-13 -1.97524656144781E-14
gfc   125   73 -2.35001065963472E-13  2.72765500914787E-13
gfc   125   74 -1.17933044100365E-13 -3.17352503889027E-13
gfc   125   75  8.11989901786807E-14 -2.69831193614791E-13
gfc   125   76  5.43351949318995E-13 -1.61413076542866E-13
gfc   125   77 -1.42332715328490E-13  5.64377605366058E-13
gfc   125   78 -3.30749670642758E-13 -3.87600151728628E-13
gfc   125   79  6.70028021098021E-14 -2.83921970973315E-13
gfc   125   80  4.44699666124463E-13  1.25606680129289E-14
gfc   125   81 -4.18737861539559E-13  2.46966568530731E-13
gfc   125   82  2.24763214053572E-13 -5.27297616016810E-13
gfc   125   83  1.86206523771099E-13 -1.48082469543332E-13
gfc   125   84  6.88674081697929E-13  1.81650776132284E-13
gfc   125   85 -5.68084655347046E-13  4.11744735075720E-13
gfc   125   86  2.82531848468383E-13 -5.46632008904859E-13
gfc   125   87  1.54047834704861E-13  4.91449491660611E-14
gfc   125   88  6.03030804193517E-13  1.84279337556339E-13
gfc   125   89 -5.48002380250931E-13  3.87587232465747E-13
gfc   125   90  5.53574199200348E-13 -3.55216901807272E-13
gfc   125   91  6.47355386179653E-14  6.72658712314172E-13
gfc   125   92 -1.62652505489027E-13  8.19683367342397E-14
gfc   125   93 -1.66537908789560E-13 -2.75347436237398E-13
gfc   125   94  7.34225669435688E-13  2.23623294898961E-13
gfc   125   95 -7.15982203295827E-13  7.95511191163604E-13
gfc   125   96 -1.60725714804357E-14 -5.96624206341698E-13
gfc   125   97  2.91222780615629E-13  5.97780057291140E-13
gfc   125   98 -7.33807051662812E-13 -1.54632918416204E-13
gfc   125   99  4.97993483129311E-13 -1.50912764460642E-13
gfc   125  100 -4.44550637573970E-13  6.29879543954348E-13
gfc   125  101 -3.06487320765799E-13 -6.76233650502009E-13
gfc   125  102  1.92444766364450E-13  2.58128223485988E-13
gfc   125  103 -2.26263451130838E-13 -9.68884616706825E-14
gfc   125  104 -4.28898714755445E-14 -1.18678686905120E-14
gfc   125  105 -1.22296905703677E-13 -2.98090085198556E-13
gfc   125  106  7.82766304416224E-14  1.52611776659337E-13
gfc   125  107 -1.22301928187567E-13 -3.17323393778280E-13
gfc   125  108  2.17120256219510E-13  1.45481869959065E-13
gfc   125  109 -1.51045481250113E-13 -2.30611406778713E-13
gfc   125  110  2.60163228048872E-13  1.43676854479066E-13
gfc   125  111 -2.22365099328136E-13 -1.93991570333829E-13
gfc   125  112  3.41648588637358E-13  8.51897350618389E-14
gfc   125  113 -2.98260469936583E-13 -1.05832705778181E-13
gfc   125  114  4.43759300066724E-13  8.20257361447568E-14
gfc   125  115 -3.67789068369821E-13  1.36298169911538E-13
gfc   125  116  4.84785023954496E-13  1.13273770064198E-14
gfc   125  117 -4.38392087494705E-13  2.56092627464111E-13
gfc   125  118  2.58836852575479E-13 -1.75843214412470E-13
gfc   125  119 -3.99606024604827E-13  3.76411518775647E-13
gfc   125  120 -2.90054710497265E-14 -3.82023483868925E-13
gfc   125  121 -1.18151212545665E-13  2.56615196362878E-13
gfc   125  122 -3.60795084103285E-13 -6.51510539135464E-13
gfc   125  123  4.86160172807836E-13 -1.42541088940236E-13
gfc   125  124  1.23145025099220E-13  3.94334430826116E-14
gfc   125  125  1.40794578085164E-13  2.46947852875291E-13
gfc   126    0  2.26596591789918E-13  0.00000000000000E+00
gfc   126    1  3.25214478578430E-13 -6.96074003632538E-13
gfc   126    2  1.80292246807960E-13 -1.63039828461749E-14
gfc   126    3  1.78994585975759E-13  5.53361121238295E-13
gfc   126    4  3.46986165610726E-14 -1.52948805995022E-13
gfc   126    5 -4.59350373571740E-13  3.06607847486864E-13
gfc   126    6 -7.07055856067133E-14  1.86066557400464E-14
gfc   126    7 -4.05339221406888E-13 -3.24916436161965E-13
gfc   126    8 -2.15140716916147E-13  6.19357716513789E-14
gfc   126    9  4.87140738868433E-14  1.16305731336222E-13
gfc   126   10 -3.66861997198916E-13 -1.62293076716354E-13
gfc   126   11 -1.52941760403675E-13  2.29370792615872E-13
gfc   126   12 -1.92849933793084E-13 -4.04053945026327E-13
gfc   126   13 -4.84645442113897E-13 -3.50561684148961E-13
gfc   126   14  1.43256633394954E-13 -5.32136785691393E-14
gfc   126   15 -1.20229969616766E-13 -2.84395128924520E-13
gfc   126   16  1.65305978277743E-14  4.00772715412332E-14
gfc   126   17  4.52665217710630E-15 -1.23903224966887E-13
gfc   126   18 -7.68056996043759E-14 -3.31560830878718E-13
gfc   126   19 -1.59630913259093E-13 -1.02453355049565E-13
gfc   126   20  1.38157090390446E-13 -2.03694382950490E-13
gfc   126   21 -1.13970165147380E-13 -2.00606045300166E-13
gfc   126   22 -9.75020416594673E-14  1.71114181534654E-13
gfc   126   23 -3.36230800468883E-13  3.52530483981337E-14
gfc   126   24 -5.75594899284864E-13 -4.65270351436068E-13
gfc   126   25 -5.21381406408410E-13 -4.67732848417888E-13
gfc   126   26 -1.55360091185334E-13  2.98386053728447E-13
gfc   126   27 -6.98363879023905E-14  1.89436394733743E-14
gfc   126   28 -2.91852441072463E-13 -3.31184028336587E-13
gfc   126   29 -6.21656619236346E-13 -2.18589659746685E-14
gfc   126   30 -1.47568952427056E-13  4.75500621055838E-13
gfc   126   31  4.57021866633210E-13  3.48871924224413E-14
gfc   126   32  4.35167517932940E-13 -1.69497830455917E-13
gfc   126   33  2.50386214820687E-13 -5.07455386351243E-13
gfc   126   34 -3.42445636528180E-13 -9.15480325462128E-15
gfc   126   35 -3.73375225498385E-13 -8.34641254674456E-14
gfc   126   36 -2.99176320156159E-13 -9.72326796380977E-14
gfc   126   37  1.16162678894253E-14 -2.06425575676750E-13
gfc   126   38  7.15333964334011E-14  1.58833342009377E-13
gfc   126   39  6.98318136701772E-14  2.03578804756513E-13
gfc   126   40 -2.48715012250536E-13  1.35921189099532E-16
gfc   126   41 -2.53539680047318E-15 -1.16145507894690E-13
gfc   126   42  1.31053353046138E-13  1.54038398225325E-14
gfc   126   43  5.71455854404820E-13  6.63425023604211E-14
gfc   126   44  3.73163948632581E-13  1.01385564987390E-13
gfc   126   45  3.80379678441106E-14  1.20422887080302E-13
gfc   126   46 -2.60110011919292E-13 -1.23620697708618E-13
gfc   126   47  2.74719550160932E-13 -2.05888437779693E-13
gfc   126   48  2.40670447792543E-13 -1.66339649537626E-13
gfc   126   49 -5.84217923447674E-14  1.51038029090606E-13
gfc   126   50 -3.37945800742484E-13 -2.98966664662893E-14
gfc   126   51 -2.05430017352572E-13 -6.87149210869501E-14
gfc   126   52  1.85807945031247E-13 -2.54609333895155E-13
gfc   126   53  3.62086824160467E-13  4.06480832551461E-14
gfc   126   54  4.98059595646330E-14  2.71029408251414E-14
gfc   126   55 -3.38828961037839E-13  1.36281776796176E-13
gfc   126   56 -4.44652005359651E-13 -1.74089774232442E-14
gfc   126   57  1.00188490052092E-13 -7.26884155094605E-16
gfc   126   58  1.81794668689962E-13  1.71621224157840E-13
gfc   126   59  2.62662651677164E-13  2.13398371574175E-13
gfc   126   60 -4.38153530133055E-13 -1.48668606762646E-13
gfc   126   61 -3.59371843861567E-14 -2.04458568242097E-13
gfc   126   62  5.79685938114856E-14 -3.14080284181916E-13
gfc   126   63  3.48301199873992E-13  2.91264136904315E-13
gfc   126   64 -3.31829609239918E-13  1.56529265498984E-13
gfc   126   65 -1.26138999261614E-13  1.25782428777858E-13
gfc   126   66  8.32670733399653E-14 -4.42538499070580E-13
gfc   126   67  1.71467314211330E-13  1.63462203898571E-13
gfc   126   68  1.26919719747848E-16  6.67313110543737E-14
gfc   126   69 -2.83520663035791E-13  1.24300393929217E-14
gfc   126   70  3.21767385859823E-14 -4.47084110267389E-13
gfc   126   71  3.66238915528207E-13 -1.84520539774892E-14
gfc   126   72  9.68136306992567E-14  2.00744550452235E-13
gfc   126   73 -1.15053233504475E-13  3.08016638805522E-13
gfc   126   74 -2.05422734833565E-13 -3.45589518565071E-13
gfc   126   75  3.99370129606057E-13 -6.74509766748622E-14
gfc   126   76  1.77448061873859E-13 -6.66859914042541E-14
gfc   126   77 -5.82044225773072E-14  3.87652665629273E-13
gfc   126   78 -1.31462794982362E-13 -5.32579221833618E-13
gfc   126   79  4.95476146601838E-13  4.07730621057041E-13
gfc   126   80  3.08612799135080E-14  2.34544875592649E-14
gfc   126   81 -1.08535389208846E-13  6.14430640476030E-13
gfc   126   82 -2.15671823618139E-13 -5.05619521128900E-13
gfc   126   83  3.27052723381083E-13  2.04017274979502E-13
gfc   126   84  1.89469767775235E-13 -1.39209785878726E-14
gfc   126   85 -1.97956326651771E-13  5.84667526623186E-13
gfc   126   86 -5.83730485509398E-14 -4.80456407440636E-13
gfc   126   87  2.49482292205051E-13  4.95825656669012E-13
gfc   126   88 -1.62546610680797E-13  3.25611553298607E-13
gfc   126   89 -6.34608118119496E-13  4.44945038297496E-14
gfc   126   90  4.51326914987501E-13 -5.21125037394892E-13
gfc   126   91 -9.08524735419959E-14  7.52764601636497E-13
gfc   126   92 -3.17785372885331E-13 -2.27328438801801E-13
gfc   126   93 -1.64490066549818E-13  5.81545319166971E-14
gfc   126   94  2.41827738858991E-13 -1.49032276606705E-13
gfc   126   95 -5.85616749977437E-13  5.08079348201843E-13
gfc   126   96 -1.81743692821488E-14 -9.67998624869461E-13
gfc   126   97  4.56022641406602E-13  7.18887182554547E-13
gfc   126   98 -9.14553061410821E-13 -1.10165470039099E-13
gfc   126   99  1.84502851767103E-13 -6.09234513287943E-13
gfc   126  100  1.76809347203689E-13  1.63441055274601E-13
gfc   126  101 -2.38954115124512E-13 -1.94159685956103E-13
gfc   126  102  1.44761027524688E-13 -1.68133215273411E-14
gfc   126  103 -2.53937595226452E-13 -2.98038446872132E-13
gfc   126  104  3.83189879259526E-13 -7.95740349197899E-14
gfc   126  105 -1.99131998409706E-13  1.28000348575749E-14
gfc   126  106  4.02430978679906E-13 -1.35720812916364E-13
gfc   126  107 -5.96007349017376E-14  1.27117054024112E-14
gfc   126  108  2.96803318372494E-13 -1.90220340375419E-14
gfc   126  109 -1.14866636079147E-13  1.46524076558724E-13
gfc   126  110  2.47933408479046E-13 -1.25893902793746E-13
gfc   126  111 -1.36076914702140E-13  2.55058720460484E-13
gfc   126  112  2.32755349938616E-13 -1.19097715542639E-13
gfc   126  113 -1.72152489898010E-13  3.91438227684886E-13
gfc   126  114  9.12601146497243E-14 -3.22206688273635E-13
gfc   126  115 -1.32409472865867E-13  4.34795691143290E-13
gfc   126  116 -7.46596150449558E-14 -3.41995560354738E-13
gfc   126  117 -3.30896572538212E-14  3.76993655507250E-13
gfc   126  118 -2.34634652841201E-13 -4.09058151921423E-13
gfc   126  119  1.43173027481788E-13  2.47681116868786E-13
gfc   126  120 -3.52499385425575E-13 -4.43567329070994E-13
gfc   126  121  3.84376365276363E-13 -3.05232252252496E-14
gfc   126  122 -2.48969898204989E-13 -9.13432614347539E-14
gfc   126  123  6.13594126791302E-13 -3.36906319873704E-13
gfc   126  124  1.71537619566865E-13  5.38575574244081E-13
gfc   126  125 -1.47606676297183E-13  1.12402546736395E-13
gfc   126  126 -2.31260629767731E-13  1.08824952400142E-13
gfc   127    0 -1.24106591258944E-13  0.00000000000000E+00
gfc   127    1  4.33581604052615E-13 -1.19523445161042E-13
gfc   127    2 -5.72945318642722E-14  3.38246087855036E-13
gfc   127    3  5.66797144517746E-13  4.75329231746019E-13
gfc   127    4  1.43597281941543E-13  1.08433138045000E-13
gfc   127    5 -4.41365081349534E-14  3.14340788551959E-13
gfc   127    6  1.31887240114449E-13  2.90975530650468E-13
gfc   127    7 -1.97100157995065E-13  1.13355051602742E-13
gfc   127    8 -1.55219390327449E-13  4.83967314419265E-13
gfc   127    9 -5.71066039512422E-14  1.89130974654256E-13
gfc   127   10 -2.41875638897239E-13 -2.99682478615184E-15
gfc   127   11 -1.90699552764990E-13  1.48557163413515E-13
gfc   127   12 -1.22760221997772E-13 -4.45357435027777E-13
gfc   127   13 -3.72587395585010E-13 -7.80900335692931E-14
gfc   127   14 -8.28189642957497E-14  6.22355610575673E-14
gfc   127   15 -1.99930082382407E-13 -2.58795313740579E-13
gfc   127   16 -1.99838526390086E-13 -1.63360169583439E-14
gfc   127   17 -8.64244604210292E-14 -2.67729558935201E-13
gfc   127   18 -2.52461818678760E-13 -5.20987567075475E-13
gfc   127   19 -3.90755609248987E-16 -6.05020166992655E-14
gfc   127   20  9.87630853355603E-14 -2.82162869993947E-13
gfc   127   21 -1.93275334595021E-13  3.28902060889373E-14
gfc   127   22 -4.54030347869943E-13 -3.30482602202775E-14
gfc   127   23 -3.26352369323982E-13 -1.60319638154333E-13
gfc   127   24 -5.89289052240123E-14 -4.72648831137419E-13
gfc   127   25 -5.86485778565153E-13 -1.37816934712116E-13
gfc   127   26 -2.23422096005484E-13  9.69290627845249E-14
gfc   127   27  1.25798086203587E-13  1.82160372696109E-13
gfc   127   28 -2.72554951080241E-13 -2.22329200970133E-13
gfc   127   29 -8.86364974056318E-13  5.90383852536248E-14
gfc   127   30 -5.66665216694856E-14  3.36066549334232E-14
gfc   127   31  5.26462321603648E-13  6.96127383687356E-15
gfc   127   32  6.55892798733919E-13 -6.56979774043084E-14
gfc   127   33 -4.38613888407532E-14 -2.52229822386927E-13
gfc   127   34 -3.70393023272798E-13 -3.37091825171385E-13
gfc   127   35 -2.47345523656695E-13 -1.32619359639140E-13
gfc   127   36  7.84840365772528E-14 -1.53816516341174E-13
gfc   127   37  1.50843567642844E-13  8.77405709016024E-14
gfc   127   38  4.87057073129446E-14  3.04334250572518E-13
gfc   127   39  2.78566298662004E-14  3.44784905728223E-13
gfc   127   40 -2.06748631740742E-14 -2.48523069179769E-14
gfc   127   41  9.17761050521062E-14 -1.34997012518902E-13
gfc   127   42  2.36336907850543E-13  1.67191254395315E-13
gfc   127   43  5.39724026835834E-13  2.94967950270072E-13
gfc   127   44  1.87414916258075E-13  1.75227485260654E-13
gfc   127   45 -6.38886015549395E-14 -3.21152144678976E-13
gfc   127   46 -1.87315090314438E-14 -2.19706971098854E-13
gfc   127   47  2.23717887322065E-13 -9.29540957850546E-14
gfc   127   48  2.88053140912785E-13  2.19083338566124E-13
gfc   127   49  5.23340926886512E-15  1.30022064771709E-13
gfc   127   50 -4.49870564086220E-13 -7.67189910792635E-14
gfc   127   51 -1.08961108121046E-13 -8.40677732770184E-14
gfc   127   52  1.65601449863812E-13  4.55516684743486E-14
gfc   127   53  1.75078892516223E-13  7.56644586748307E-14
gfc   127   54 -2.09166752900251E-13 -6.64413944950480E-14
gfc   127   55 -3.92220838024653E-13 -2.45214276552944E-13
gfc   127   56 -1.89515603489679E-13 -2.76023324992679E-14
gfc   127   57  2.13408987615620E-13 -1.75261256735920E-14
gfc   127   58  2.28276576702283E-13  4.72144955624310E-13
gfc   127   59  9.63527128283488E-14  8.07534445021276E-16
gfc   127   60 -3.52816912890678E-13 -1.14333923954679E-13
gfc   127   61  2.08521398465396E-13 -2.89760402781916E-13
gfc   127   62  1.62405243151315E-14  2.27081871092397E-14
gfc   127   63  1.80393092205101E-13  2.52263310274127E-13
gfc   127   64 -5.85585266528580E-13  6.23551121969132E-15
gfc   127   65  2.59954240328743E-13 -1.31156082996423E-13
gfc   127   66  2.29255443705204E-13 -2.92742219806845E-13
gfc   127   67  3.43015226487525E-13  3.24568815985719E-13
gfc   127   68 -2.82096579839376E-13  2.54981870605906E-13
gfc   127   69 -1.15343835736363E-13 -1.43034159474517E-13
gfc   127   70 -8.00719087823964E-14 -7.10130709833812E-14
gfc   127   71  4.03050471045983E-13  2.75852911820436E-15
gfc   127   72 -2.80498523219966E-13  3.38783369923089E-13
gfc   127   73  5.12005908332548E-14 -1.66931178772827E-13
gfc   127   74 -1.45074758674803E-13 -1.09449613450392E-13
gfc   127   75  6.87064944265057E-13  4.73126258971414E-14
gfc   127   76 -4.25594945452748E-13  4.92317423436623E-13
gfc   127   77 -3.77377020911494E-14  5.53942106695116E-15
gfc   127   78 -4.36494048503853E-13 -2.75428421868920E-13
gfc   127   79  6.36672017992931E-13  2.94459541185045E-14
gfc   127   80 -3.12555075758764E-13  4.27955045801301E-13
gfc   127   81 -1.86956271160357E-13  1.06781341493683E-13
gfc   127   82 -6.97519369095967E-14 -4.69171581904799E-13
gfc   127   83  3.93188279919256E-13  4.41413907761049E-13
gfc   127   84 -4.98314732740611E-13  2.23704455683410E-13
gfc   127   85 -3.77164725046008E-13  1.28425090450643E-15
gfc   127   86  5.43922652879802E-14 -6.53341923928657E-13
gfc   127   87  2.56484313571644E-13  5.63477877847419E-13
gfc   127   88 -5.24397586384783E-13 -2.91391265938974E-14
gfc   127   89 -1.29696676322499E-13 -7.05430960772094E-14
gfc   127   90  4.62264445728841E-15 -3.38156945405788E-13
gfc   127   91 -4.72427596895490E-14  3.39401564862789E-13
gfc   127   92 -5.15419032842520E-13 -5.57014913961774E-13
gfc   127   93  3.89013071813918E-13 -2.49218652887289E-13
gfc   127   94  2.42086080039591E-13  1.40164288745040E-13
gfc   127   95 -4.90726931614960E-13  2.75278474323555E-13
gfc   127   96  6.77436813896681E-14 -1.05501162759206E-12
gfc   127   97  5.98513613267825E-13  6.34707114672242E-13
gfc   127   98 -7.10229665034141E-13 -4.71381251186311E-13
gfc   127   99  8.95005171924972E-13 -1.98215609896631E-13
gfc   127  100 -2.94815371402825E-13  4.65585148549987E-13
gfc   127  101 -1.04620342850805E-13 -5.73956003171219E-13
gfc   127  102  5.81775937995802E-13  5.43886299015977E-14
gfc   127  103 -1.43623256056738E-13  4.08710862429574E-13
gfc   127  104  6.25740089627254E-14 -3.21661185754236E-13
gfc   127  105  1.55028079493589E-13  2.64942666474832E-13
gfc   127  106  8.33578306950485E-14 -6.35439856447918E-14
gfc   127  107  9.73688823104382E-14  3.14907882414560E-13
gfc   127  108 -6.21377535145156E-14 -1.43188149502169E-13
gfc   127  109  7.38752435854736E-15  3.40791983983889E-13
gfc   127  110 -1.70991835818482E-13 -1.46736576189650E-13
gfc   127  111  1.24324829997697E-13  2.66366919460624E-13
gfc   127  112 -2.04855416658007E-13 -1.91435126015435E-13
gfc   127  113  1.26511941498403E-13  2.33141683292332E-13
gfc   127  114 -3.23505430488222E-13 -1.52859909024295E-13
gfc   127  115  2.51209100522313E-13  7.52149674500537E-14
gfc   127  116 -4.49633616339170E-13 -1.67990152074877E-13
gfc   127  117  2.93805034859787E-13 -5.89546481183149E-15
gfc   127  118 -3.77781517928943E-13 -3.56700907656956E-14
gfc   127  119  4.53184212417581E-13 -1.85671950683037E-13
gfc   127  120 -2.66520579672412E-13  7.99566948691730E-14
gfc   127  121  4.12235959371448E-13 -3.27725802713295E-13
gfc   127  122  5.98617513388977E-14  3.57711561491579E-13
gfc   127  123  1.83279664299815E-13 -2.38684551431374E-13
gfc   127  124  2.64282157049762E-13  5.43026962816096E-13
gfc   127  125 -4.34703532620147E-13  1.50740860052252E-13
gfc   127  126 -1.15883823986494E-13 -7.29405049027074E-14
gfc   127  127 -6.18741612983486E-14 -2.06318812051746E-13
gfc   128    0  1.70587250119495E-13  0.00000000000000E+00
gfc   128    1  9.95320279622088E-14 -4.78590807281164E-13
gfc   128    2  1.77229749136392E-13 -2.63592815078171E-13
gfc   128    3  2.39145036472001E-13 -9.73458974198110E-14
gfc   128    4  1.10407773445460E-13 -3.87459108847896E-13
gfc   128    5  1.72921639927981E-13 -1.22284414206159E-13
gfc   128    6 -4.94182926672182E-14  2.52084863416515E-14
gfc   128    7 -1.24154740505421E-13 -7.83070441965492E-15
gfc   128    8 -1.88304575526552E-13  1.37816907409190E-13
gfc   128    9 -4.89822161779251E-14 -1.41026985576305E-13
gfc   128   10 -3.66279948764492E-13 -2.93336251231814E-13
gfc   128   11  6.56512996957089E-14 -2.59157170366042E-13
gfc   128   12 -1.53459681911682E-13 -3.14760336609924E-13
gfc   128   13 -2.01008018477195E-13 -1.26896772927047E-13
gfc   128   14 -7.53838047366437E-14  6.18241340897345E-14
gfc   128   15 -1.95245759630121E-13 -2.75263755692073E-13
gfc   128   16 -3.25787023192488E-13 -1.97793024499762E-13
gfc   128   17 -2.10254736368752E-14 -4.89615741560190E-13
gfc   128   18 -6.72518072563250E-14 -3.76337425671084E-13
gfc   128   19  1.59013398155647E-13 -7.28439342119572E-14
gfc   128   20  1.45300621606288E-14 -2.30921417869372E-14
gfc   128   21 -1.17342006559247E-13 -2.08558249011252E-13
gfc   128   22 -4.37664160049654E-13 -2.33985982658937E-13
gfc   128   23 -1.14266888329334E-13 -1.59943583639012E-16
gfc   128   24 -1.07990561637907E-13 -3.73430284440650E-13
gfc   128   25 -4.16030590279947E-14 -2.45989270379141E-13
gfc   128   26 -1.83007198005631E-13  5.81982184899214E-13
gfc   128   27 -9.50478671533295E-14  3.07413079412633E-13
gfc   128   28 -4.13608435459550E-13 -4.89517561861558E-13
gfc   128   29 -2.61259678638649E-13  8.03918164619700E-14
gfc   128   30  1.74341397027042E-13  4.31486924739295E-13
gfc   128   31  4.52726086576296E-13  5.62852791961495E-13
gfc   128   32  3.12563387445525E-13 -5.76814887028325E-14
gfc   128   33 -1.86351177962877E-13 -3.04191106182074E-13
gfc   128   34 -3.11924298971049E-13 -1.67578945937830E-13
gfc   128   35 -1.93212911810006E-13 -8.53141965161634E-14
gfc   128   36  2.36877457285624E-14  1.52530548993063E-13
gfc   128   37 -1.59888534057518E-13  8.32572416761427E-14
gfc   128   38 -4.56722058239868E-14  4.43644398054957E-13
gfc   128   39  2.41060858311896E-14  1.79532422281166E-13
gfc   128   40  1.67640174665819E-13 -1.38308053232472E-13
gfc   128   41  2.29024832378344E-13 -2.09933444619696E-13
gfc   128   42  2.21145877588033E-13  4.84139618096499E-13
gfc   128   43  2.26998858270691E-13  4.10155944057094E-13
gfc   128   44  1.45585109851967E-13  6.88831275895957E-14
gfc   128   45 -5.57359058934844E-14 -4.14739930717684E-13
gfc   128   46 -1.13049196726225E-13 -2.09214917379338E-13
gfc   128   47  1.44943518266649E-13  8.16363198762310E-15
gfc   128   48  4.08266962307165E-14  2.80150883164603E-13
gfc   128   49 -2.07080178523997E-13 -2.28998095349919E-13
gfc   128   50 -1.88893419662362E-13 -2.01942757065263E-13
gfc   128   51  5.23582934796158E-14 -1.80027867314435E-13
gfc   128   52  2.04067802281393E-13  3.53372840645817E-13
gfc   128   53  4.36248276628289E-14  1.15117584093573E-13
gfc   128   54 -2.51928528450803E-13 -2.53072464289128E-14
gfc   128   55 -3.76468034868522E-13 -4.30764518273797E-13
gfc   128   56 -2.20077187088236E-14  1.01459925818822E-13
gfc   128   57  2.90846764807878E-15  4.08615317655736E-14
gfc   128   58  1.77352087484807E-13  4.99641090376748E-13
gfc   128   59 -6.03588866884886E-14 -3.13878744761935E-13
gfc   128   60 -3.85936272528667E-15 -1.11499687479073E-13
gfc   128   61  2.74941871609669E-13 -3.41418852293265E-13
gfc   128   62  1.38793295715539E-13  3.58735838493457E-13
gfc   128   63 -1.71021657383600E-13  6.61189245756102E-14
gfc   128   64 -3.04573749841767E-13  1.49731766572781E-13
gfc   128   65  1.42784140292010E-13 -2.74481270891279E-13
gfc   128   66  3.37273466106864E-13  6.30069762138604E-14
gfc   128   67 -2.11331367133050E-13  1.51145045982164E-13
gfc   128   68 -9.47332625547003E-14  3.70858176878546E-14
gfc   128   69 -1.48788986950723E-13 -3.56699679745926E-13
gfc   128   70  4.03619690819988E-13  1.82523122345693E-13
gfc   128   71  1.46714311487847E-14  2.22773735514864E-13
gfc   128   72 -2.48772401640874E-13  4.50018160207119E-13
gfc   128   73 -3.29795920862670E-13 -4.26553330654644E-13
gfc   128   74  1.50458679066281E-13  1.53025661363429E-14
gfc   128   75  1.76554821358674E-13 -1.84161009362397E-13
gfc   128   76 -3.07585554662661E-13  5.00388498300197E-13
gfc   128   77 -1.34052747047317E-13 -3.85690643124649E-13
gfc   128   78 -8.51031604431152E-15  4.54463252741808E-14
gfc   128   79  2.59335251125509E-13  1.10557172346723E-13
gfc   128   80 -6.33589248657907E-13  3.07325971845952E-13
gfc   128   81 -3.54209008747163E-14 -5.40449283438792E-13
gfc   128   82 -5.73643752335197E-14 -1.22901756169615E-13
gfc   128   83  2.26169245254489E-13 -7.73818432036579E-14
gfc   128   84 -2.85436608087344E-13  1.74867373669481E-13
gfc   128   85 -5.03563570371054E-14 -2.78775996084511E-13
gfc   128   86  1.04590331972117E-13 -1.74960497382064E-13
gfc   128   87  3.36435997677506E-14  1.65214098286613E-13
gfc   128   88 -3.62442750896245E-13 -2.23049122910005E-13
gfc   128   89  1.17128187441568E-13 -3.85340457692442E-13
gfc   128   90  4.40836939987956E-13 -1.40786086475970E-13
gfc   128   91  7.41139528624780E-15  4.34803307159690E-13
gfc   128   92 -3.26896788580485E-13 -5.31170745634147E-13
gfc   128   93  5.44050973305170E-13 -4.74710154543198E-15
gfc   128   94 -5.36873825053678E-14  9.94974435034753E-14
gfc   128   95  7.17643484925472E-14 -1.52673843723231E-14
gfc   128   96  2.45259164940453E-13 -3.85867303660073E-13
gfc   128   97  5.74937977018890E-13  5.61180690111008E-13
gfc   128   98 -8.26216027874167E-13 -1.63264271210400E-13
gfc   128   99  7.88198221185991E-13 -3.72668004468777E-13
gfc   128  100 -2.29857748106260E-14  6.39186935545896E-13
gfc   128  101  8.38726949900022E-14 -1.48264665475684E-13
gfc   128  102 -7.95533391815627E-14  3.11626443259151E-13
gfc   128  103  4.04651342232003E-14  1.61230950354327E-15
gfc   128  104  1.01854256564222E-13  1.17224618274000E-13
gfc   128  105 -6.84470690401113E-14  2.63587652400155E-13
gfc   128  106 -2.64394358243448E-13 -6.27748684853150E-14
gfc   128  107  1.91942854914734E-13  1.59285660165784E-13
gfc   128  108 -3.55772890739107E-13  1.04601896776745E-13
gfc   128  109  4.74612334071477E-14  9.40035449390976E-15
gfc   128  110 -3.43080649830124E-13 -2.02093193852512E-14
gfc   128  111  1.34654091217997E-13 -1.82321196640679E-13
gfc   128  112 -2.58428723776977E-13  5.58903702312843E-14
gfc   128  113  1.52991480469848E-13 -2.05996613736279E-13
gfc   128  114 -2.33501331230481E-13  8.62043253759939E-14
gfc   128  115  2.31310084772039E-13 -3.56335201965469E-13
gfc   128  116 -1.30524393684315E-13  2.43930780160209E-13
gfc   128  117  2.03202789831618E-13 -4.28849168301519E-13
gfc   128  118 -1.33125505936391E-14  3.12023802707154E-13
gfc   128  119  1.12830077359417E-13 -3.18657060012894E-13
gfc   128  120  1.40898390189632E-13  4.03287542132721E-13
gfc   128  121 -6.91139247492561E-14 -2.69095169615303E-13
gfc   128  122  2.13061295281475E-13  4.00912071487797E-13
gfc   128  123 -3.62130507750848E-13  6.10208888764227E-15
gfc   128  124  2.16747792412226E-13  1.96858438342846E-13
gfc   128  125 -5.68438475763691E-13  1.54900235704516E-13
gfc   128  126 -1.34747462508967E-13 -5.02358795188236E-13
gfc   128  127  8.60153044161717E-14 -1.38293736358688E-13
gfc   128  128  1.69281451842898E-13 -9.75301751893030E-15
gfc   129    0 -3.43065585149407E-13  0.00000000000000E+00
gfc   129    1  5.98280397423288E-14  2.17903676561744E-14
gfc   129    2 -1.99567213639062E-14 -7.00935158767320E-15
gfc   129    3  2.66888958148706E-13 -6.78769212744529E-14
gfc   129    4  4.47604467864934E-13  1.84770189698524E-13
gfc   129    5  2.90231413190548E-13  9.97206135354387E-14
gfc   129    6  1.40206893512420E-13  5.19671169331829E-13
gfc   129    7 -3.16976528970167E-14  4.48193179059575E-13
gfc   129    8 -8.87251051223922E-14  4.09034883295645E-13
gfc   129    9 -1.86069744302495E-13  7.78237558248902E-15
gfc   129   10  5.63397745379113E-14 -7.88701236126425E-14
gfc   129   11 -4.65880243350201E-14  4.31424180183611E-14
gfc   129   12  1.57091713033498E-14 -6.76877889241128E-14
gfc   129   13 -2.20410741145197E-13  1.63522329231142E-13
gfc   129   14 -2.29803446622569E-13  2.70897581639818E-13
gfc   129   15 -3.04031064310864E-13 -2.41829855328111E-13
gfc   129   16 -1.42685543807247E-13 -1.03296210861715E-13
gfc   129   17 -6.99052474029252E-14 -3.19473077142584E-13
gfc   129   18  2.63338965642814E-14 -7.06645699855439E-14
gfc   129   19 -1.08342839324262E-13  2.80560902122426E-14
gfc   129   20 -8.99752592323634E-14  1.65094602155142E-13
gfc   129   21 -2.56573420213436E-13 -1.88613250106966E-13
gfc   129   22 -6.19710230073408E-13 -1.11974302437164E-13
gfc   129   23 -5.96955384982760E-14 -6.02729103136892E-14
gfc   129   24  8.82161402623741E-14 -2.54753262454256E-14
gfc   129   25 -4.13509543576918E-13  1.92641614622064E-13
gfc   129   26 -6.72678082834641E-13  3.74571203523851E-13
gfc   129   27 -3.42799493539087E-14  1.31622641147752E-13
gfc   129   28 -3.31437870826813E-13 -1.30504706860501E-13
gfc   129   29 -3.61299558839755E-13  1.09622479018465E-13
gfc   129   30 -1.30210249571030E-13  3.64289706399071E-13
gfc   129   31  4.41209299737506E-13  3.90423228591527E-13
gfc   129   32  2.03420387255074E-13  3.27666912817289E-14
gfc   129   33 -1.73312688057807E-13 -1.90561986041712E-13
gfc   129   34 -4.23614011324722E-13 -2.89010386796553E-13
gfc   129   35 -9.98406731611633E-14  1.95815374920592E-14
gfc   129   36 -1.52662722716527E-13  1.63706053414378E-13
gfc   129   37 -2.14606220312123E-13  4.06462226897927E-13
gfc   129   38 -3.81068529797036E-13  2.08443096144807E-13
gfc   129   39  8.59839706367905E-14  2.17462672707527E-13
gfc   129   40  2.39078281153354E-13 -2.58531789510240E-13
gfc   129   41  1.60394059074723E-13 -8.85095945922435E-14
gfc   129   42 -5.32255283067415E-15  1.87268214803575E-13
gfc   129   43  1.13657340580813E-13  3.41055538954677E-13
gfc   129   44  2.34905013428842E-13 -2.43539259476365E-13
gfc   129   45  2.32983830682038E-13 -6.33333254390464E-13
gfc   129   46  6.18969494203434E-14 -2.69335245927758E-13
gfc   129   47 -1.83794401339544E-13  2.83033310191644E-13
gfc   129   48 -1.20486975396831E-13  2.88691524479597E-13
gfc   129   49 -6.31104626505847E-14 -3.06966349204077E-13
gfc   129   50 -1.50513383205002E-13 -3.84644099761274E-13
gfc   129   51  1.01394168459993E-13 -8.11206222432782E-14
gfc   129   52  3.23535097118435E-14  2.96449548463722E-13
gfc   129   53 -8.97508179919288E-15  3.27944265050789E-14
gfc   129   54 -5.67254499413327E-14 -2.07314600752925E-13
gfc   129   55 -4.45363541911231E-14 -2.95442383835979E-13
gfc   129   56  1.09518248679032E-13  1.71918740080803E-13
gfc   129   57 -7.23796781289934E-14  4.24493808347266E-13
gfc   129   58  4.36745418288842E-14  2.71205574148589E-13
gfc   129   59 -7.46054402602856E-14 -1.90185518717490E-13
gfc   129   60  1.67624757493354E-13 -2.42182270605269E-13
gfc   129   61  1.79800843075262E-13 -6.53102615452122E-14
gfc   129   62 -6.39256597850950E-14  1.73004423460530E-13
gfc   129   63 -2.50266062748802E-13 -3.92967144347247E-15
gfc   129   64 -7.07718611376939E-14 -1.28529842768600E-13
gfc   129   65  3.56554063455910E-13 -2.07749217271067E-14
gfc   129   66  1.76374973281777E-13  1.39023174910401E-13
gfc   129   67 -3.87408199195882E-13  2.91989856411575E-13
gfc   129   68 -1.41476819225009E-13 -2.19897803597054E-13
gfc   129   69 -1.72255228014480E-13 -2.02372427775361E-13
gfc   129   70  4.44645731646929E-13 -5.01141270957272E-15
gfc   129   71 -3.18142040129327E-13  1.95289330357770E-13
gfc   129   72  7.88985545500177E-14  1.62464429928500E-14
gfc   129   73 -2.97828229235890E-13 -3.04260498683565E-13
gfc   129   74  5.08508880314492E-13  7.15870875204497E-14
gfc   129   75 -3.16185997830721E-13  3.18715463287425E-14
gfc   129   76 -1.49140734340850E-13  1.60483771573959E-13
gfc   129   77 -2.78080302817951E-13 -5.68413321218719E-13
gfc   129   78  5.28347600062710E-13  1.45047261714924E-14
gfc   129   79 -4.12171219812241E-14  7.13063925716401E-14
gfc   129   80 -6.34703994026357E-14  1.18660883812795E-13
gfc   129   81 -2.37486594746470E-13 -4.32090561533368E-13
gfc   129   82  3.01822120400019E-13 -1.33215643948322E-13
gfc   129   83  6.09888660349461E-14  2.07317415797804E-13
gfc   129   84 -3.28362345848110E-13 -1.05419062326070E-13
gfc   129   85  1.64826585898135E-13 -4.59754245239966E-13
gfc   129   86  4.76028545985968E-13 -1.22509690249802E-13
gfc   129   87  1.43278506791593E-13  5.66980267163498E-13
gfc   129   88 -4.22448985490225E-13 -2.25942015682640E-13
gfc   129   89  4.74341585426353E-13 -2.27913221439714E-13
gfc   129   90  1.80956258212793E-13  1.68635286740961E-13
gfc   129   91 -1.07366198660274E-13  1.47164795492192E-13
gfc   129   92  7.38115584477571E-14 -3.31129619027069E-13
gfc   129   93  5.55957365549947E-13  3.82963431024248E-13
gfc   129   94 -1.70575283658876E-13  4.14287445969296E-13
gfc   129   95 -2.20687313616972E-13  3.51342414541557E-14
gfc   129   96  2.23676476727520E-13 -3.03354369791149E-13
gfc   129   97  3.77022782224334E-13  6.22096672782729E-13
gfc   129   98 -8.08730237739614E-13 -3.92392838364082E-14
gfc   129   99  7.06545959764585E-13 -2.51162288578121E-13
gfc   129  100 -4.88803189611946E-13  9.27080555315533E-13
gfc   129  101 -2.48640284303353E-13 -7.71729856075335E-13
gfc   129  102  4.33237137156315E-13  5.08153643564630E-13
gfc   129  103 -4.79741891472826E-13  1.19014742616363E-13
gfc   129  104 -2.04953347263241E-13 -1.33782069389240E-13
gfc   129  105  2.99883908790600E-14 -1.10143920941616E-13
gfc   129  106 -1.21127481613312E-13  1.45749034468888E-13
gfc   129  107 -4.91925200405502E-14 -2.06141340350031E-13
gfc   129  108 -1.89802248901132E-13  1.07952372132061E-13
gfc   129  109 -2.26063403639333E-14 -2.24940198547624E-13
gfc   129  110 -6.03449606694690E-14  7.00668584691011E-14
gfc   129  111 -2.43290317698418E-14 -3.68801307708990E-13
gfc   129  112  1.31761066595397E-13  1.58728818188496E-13
gfc   129  113 -4.66347624779505E-14 -2.38946099642238E-13
gfc   129  114  1.79010481237981E-13  1.60208111709408E-13
gfc   129  115 -1.00466487224842E-13 -2.72950333145029E-13
gfc   129  116  3.32057207732241E-13  1.72566739096286E-13
gfc   129  117 -1.73998970082277E-13 -1.11644786791188E-13
gfc   129  118  3.42739097929579E-13  1.56312900566438E-13
gfc   129  119 -3.05914540506632E-13 -3.10320805476375E-14
gfc   129  120  3.45707566626203E-13  1.44590082574417E-13
gfc   129  121 -4.07443198421995E-13  1.05801261546256E-13
gfc   129  122  3.32138367112787E-13 -8.08786570441212E-15
gfc   129  123 -3.95412649190272E-13  2.50778850793687E-13
gfc   129  124  4.65945419114240E-14 -3.49148914747788E-13
gfc   129  125 -2.11765521614372E-13  2.30487805222159E-13
gfc   129  126 -1.52773834630269E-13 -5.89842984339804E-13
gfc   129  127  4.26438642658016E-13 -1.24200730517665E-13
gfc   129  128  1.85516120530437E-13  2.44684392615132E-14
gfc   129  129 -1.86852220585219E-14  1.71787641718887E-13
gfc   130    0 -6.93531258179011E-14  0.00000000000000E+00
gfc   130    1  2.26891291559985E-14  6.52962877463888E-14
gfc   130    2  3.28265257537313E-13 -7.27412660249216E-13
gfc   130    3  2.21595758602399E-13 -2.30552725841385E-13
gfc   130    4  5.63341795051505E-13 -2.20165244844158E-13
gfc   130    5  3.64178891582498E-13 -7.39431404631786E-14
gfc   130    6 -4.01969828404370E-14  2.90059556544194E-13
gfc   130    7  1.01229470886541E-13  2.81718579500976E-13
gfc   130    8 -7.83167276251682E-14 -2.52204957296487E-14
gfc   130    9  5.08059414862978E-14 -4.96223388111070E-14
gfc   130   10 -1.05334231394649E-14 -1.56324639588295E-13
gfc   130   11 -5.84286136748855E-14  1.57331953774473E-14
gfc   130   12  3.26633844429357E-14  1.76331560374653E-13
gfc   130   13 -3.81570153143317E-13  1.35055856179896E-13
gfc   130   14 -3.22621223354632E-13  9.18964125224819E-15
gfc   130   15 -2.51361842898864E-13 -1.65005574687866E-13
gfc   130   16 -3.68371586652257E-13 -2.43851162009538E-13
gfc   130   17 -1.08816670716039E-13 -8.01832291166580E-14
gfc   130   18  5.07398001350193E-14 -1.69929072975470E-14
gfc   130   19 -2.30035127052496E-13  3.36127114926867E-15
gfc   130   20 -1.63972878410444E-13  8.30066569366899E-14
gfc   130   21 -3.73439855550468E-13 -3.91618642422698E-13
gfc   130   22 -3.79259334416303E-13 -2.10040750247202E-13
gfc   130   23 -1.09773804192425E-13  2.32416527544844E-13
gfc   130   24  9.14221204304419E-16  7.98866451237364E-14
gfc   130   25 -4.33491649929321E-13 -2.20692920991052E-13
gfc   130   26 -4.90667892704275E-13  5.23667314092981E-13
gfc   130   27 -3.98575247277400E-13  1.58242491077264E-13
gfc   130   28 -7.68068684528177E-14 -1.22549377535790E-13
gfc   130   29 -1.46129079268951E-13  1.15819179075145E-14
gfc   130   30 -7.83466295427653E-14  6.96375493655227E-13
gfc   130   31  1.15848850270718E-14  4.26725272928161E-13
gfc   130   32 -5.52280418375560E-15 -3.09408304281870E-13
gfc   130   33 -2.31619646962619E-14 -5.51236022027295E-13
gfc   130   34 -3.94666345813507E-15 -2.57925149485609E-13
gfc   130   35 -1.93192174262197E-13  3.53592476228878E-14
gfc   130   36 -1.95046466383503E-13  2.53867127545176E-13
gfc   130   37 -3.32053575000252E-13  7.31203936371041E-14
gfc   130   38 -4.29938396372873E-14  1.50246235730259E-13
gfc   130   39  2.90462940886851E-13  3.94981807589364E-14
gfc   130   40  4.39009716558381E-13 -1.59518704444635E-13
gfc   130   41  4.36063891501377E-14 -4.26548889027148E-14
gfc   130   42 -1.62014928568273E-13  2.48810592541979E-13
gfc   130   43  5.11471469637944E-15  1.97670514693981E-13
gfc   130   44  3.85496850009784E-13 -4.69609861852364E-13
gfc   130   45  3.64001302785937E-13 -5.44649185339995E-13
gfc   130   46 -8.29282191808950E-14 -2.23423994294072E-13
gfc   130   47 -8.45489452643180E-14  1.79056497952504E-13
gfc   130   48 -5.54761334062993E-14  5.56907978598059E-15
gfc   130   49  6.78838467678352E-14 -2.74111548547827E-13
gfc   130   50  1.41257385787279E-13 -1.29290264707916E-13
gfc   130   51  2.87785124412304E-14  2.20299805532729E-13
gfc   130   52 -1.81797423707902E-13  4.01861173625717E-13
gfc   130   53 -8.56982373539923E-14 -3.58536840686947E-14
gfc   130   54 -2.20138839614736E-14 -3.06086440520802E-13
gfc   130   55  3.53484647018299E-14 -1.03094699919863E-13
gfc   130   56  5.38368873252705E-14  1.80263020482297E-13
gfc   130   57 -4.86034849203910E-14  4.27350568639806E-13
gfc   130   58  3.34488910607261E-14  4.38297807872897E-14
gfc   130   59  1.46668962091383E-13 -8.59358260448598E-14
gfc   130   60  2.51272331233815E-13 -8.91943170022663E-14
gfc   130   61  6.00751706106122E-14  1.95712624611695E-13
gfc   130   62 -2.54166809787526E-13  3.25171678892222E-14
gfc   130   63 -2.75987742627037E-13 -9.17150959910084E-14
gfc   130   64 -4.77934551666459E-15 -2.19915535171232E-13
gfc   130   65  2.89519668872549E-13  2.41411934330610E-13
gfc   130   66 -8.01805909972977E-14 -7.28369420082731E-14
gfc   130   67 -2.21561821488642E-13  2.12610580839899E-13
gfc   130   68  3.99135351858150E-14 -5.05466951245579E-13
gfc   130   69  2.33925163517194E-13  2.62479749540178E-13
gfc   130   70  4.14779731403489E-14 -3.10897820659375E-14
gfc   130   71 -2.65018019225345E-13  3.49375619156479E-13
gfc   130   72 -1.36079989784560E-13 -4.47715386469253E-13
gfc   130   73  7.71345398140564E-14 -9.53207504404178E-14
gfc   130   74  3.52384967642543E-13 -1.41901255680540E-13
gfc   130   75 -1.59040488224070E-13  2.91761058526176E-13
gfc   130   76 -1.56467634214843E-14 -2.36553656849869E-13
gfc   130   77  5.76264158179372E-14 -1.11151751388543E-13
gfc   130   78  4.28094163135911E-13  2.51103629229290E-14
gfc   130   79 -1.92669053627670E-13  2.26171776367237E-13
gfc   130   80 -7.28182818017944E-14 -2.51201593717009E-13
gfc   130   81  2.92449362561223E-13 -2.83268840330040E-13
gfc   130   82  3.44622226543257E-13  3.40368940552537E-13
gfc   130   83 -1.90462074954944E-13  2.18501613902473E-13
gfc   130   84 -6.93683705627320E-14 -1.62772364378120E-13
gfc   130   85  2.77665380803014E-13  5.45476559247413E-14
gfc   130   86  6.44301418467975E-14  1.00116419888855E-13
gfc   130   87 -6.28273612926905E-14  3.76499541345148E-13
gfc   130   88 -1.80896106902002E-13 -3.03852599415427E-13
gfc   130   89  5.47077305929375E-13  2.17396460600721E-13
gfc   130   90 -1.89803530122466E-13  2.31024498997644E-13
gfc   130   91 -1.65361214181288E-13  2.87240657145771E-13
gfc   130   92 -3.54164797554470E-13 -3.43724866139025E-13
gfc   130   93  4.79153616756861E-13  3.34435608221564E-13
gfc   130   94 -4.92564838224973E-13  2.55859896909450E-13
gfc   130   95  5.71178546284540E-14 -2.09855492445539E-13
gfc   130   96  3.07862776470720E-14  9.41169693139761E-14
gfc   130   97 -1.89554481622296E-13  3.84705926703017E-13
gfc   130   98 -6.71944793142116E-13 -3.45417542033779E-13
gfc   130   99  5.80602721025550E-13 -3.13157131785462E-13
gfc   130  100 -2.93359520378024E-13  6.07523386131863E-13
gfc   130  101 -3.22027407333567E-13 -5.81534876532135E-13
gfc   130  102  1.56611490910377E-13  2.63557821888916E-13
gfc   130  103 -4.73517565292197E-13 -3.75640376118197E-13
gfc   130  104  4.65778626703456E-13 -1.38328342287919E-13
gfc   130  105 -4.04460740501397E-13  1.14196308526500E-13
gfc   130  106  9.35644959582992E-14 -3.46925011257871E-13
gfc   130  107  6.94813073759535E-14 -1.13663977697965E-13
gfc   130  108  1.19870408149003E-13  2.49134381381771E-14
gfc   130  109 -1.60753584457125E-13 -1.73479207166599E-13
gfc   130  110  3.18108099109027E-13 -9.35035188351557E-15
gfc   130  111 -6.68789855123959E-14 -8.80532238850502E-14
gfc   130  112  3.74887696987206E-13 -1.14530974513614E-14
gfc   130  113 -1.37788065624442E-13  9.35814936450261E-14
gfc   130  114  2.32439944812068E-13  1.29054265967076E-14
gfc   130  115 -1.58629209603917E-13  1.65361749450647E-13
gfc   130  116  2.28379176578609E-13 -6.53116555302176E-14
gfc   130  117 -2.13853382178566E-13  2.57577793014543E-13
gfc   130  118  2.29853575906629E-13 -1.23013535352819E-13
gfc   130  119 -1.97046800769265E-13  3.00415625835057E-13
gfc   130  120  8.02645920055216E-14 -2.99645495277741E-13
gfc   130  121 -2.26157070511047E-13  3.16572120189684E-13
gfc   130  122 -8.09503522668789E-14 -3.42012791892407E-13
gfc   130  123  3.43741247368789E-14  2.27284509604761E-13
gfc   130  124 -2.21257826994359E-13 -4.03145436274791E-13
gfc   130  125  3.05446304867617E-13  4.68098190777273E-14
gfc   130  126 -1.70607337700266E-13 -1.64460282628766E-13
gfc   130  127  5.56928336185664E-13 -1.40518111785314E-13
gfc   130  128  3.03176778320773E-14  4.18496469621479E-13
gfc   130  129 -8.16089651007029E-14  1.44156543659469E-13
gfc   130  130 -2.02689532147779E-13 -3.76904645929767E-14
gfc   131    0 -7.29131636560484E-13  0.00000000000000E+00
gfc   131    1 -1.91007734545535E-15  8.42847725533829E-14
gfc   131    2 -2.23084407005088E-13 -3.19306453954588E-13
gfc   131    3 -4.78712536823934E-14 -2.70716091494460E-14
gfc   131    4  3.61913337634819E-13  1.84364826214051E-13
gfc   131    5  1.05613358707430E-13  1.10950292668500E-13
gfc   131    6 -1.20474336313869E-13  3.62404906039041E-13
gfc   131    7  5.84462223767582E-14  3.58922749047685E-13
gfc   131    8 -1.43580496465393E-13  1.02160900686748E-13
gfc   131    9 -1.96752887336883E-14  1.65149482100299E-13
gfc   131   10 -3.01666495586200E-14 -8.01378924162596E-14
gfc   131   11 -3.81942336188771E-13  3.65230208127931E-13
gfc   131   12 -1.57694648780966E-13  3.81889098163402E-14
gfc   131   13 -3.17573959827607E-13  8.73931840135653E-14
gfc   131   14 -4.16629076195880E-13  8.62116200775797E-14
gfc   131   15 -1.09568698466598E-13 -1.59143454851000E-13
gfc   131   16 -3.83397565284107E-13 -2.82139662243856E-13
gfc   131   17 -2.50447375226839E-13  2.07371103291413E-13
gfc   131   18 -1.40046037507502E-13 -1.82621444072974E-13
gfc   131   19 -5.76502394180161E-13 -5.36359228622404E-14
gfc   131   20 -1.25616510393492E-13 -2.87154565849711E-13
gfc   131   21 -3.59811488017507E-13 -3.48181051528606E-13
gfc   131   22 -4.31364447525919E-13 -2.36229393579919E-13
gfc   131   23 -1.93954323531884E-13  2.32086564366788E-13
gfc   131   24  9.61509592640849E-14 -5.88495094218950E-14
gfc   131   25 -5.58255331234918E-13 -7.04040772749342E-14
gfc   131   26 -6.16200998045143E-13 -6.27345232903690E-14
gfc   131   27  4.80862251745749E-14  1.46913140807089E-13
gfc   131   28  2.86854183239703E-13  1.52365378837033E-13
gfc   131   29 -2.28329313015939E-13  2.09728459835656E-13
gfc   131   30 -2.38063580506120E-13  4.13407438096287E-13
gfc   131   31  1.76465042068669E-13  1.36559692168453E-13
gfc   131   32  3.73466678010899E-13 -9.89560985263075E-14
gfc   131   33  1.24319619214241E-13 -2.17622907127590E-13
gfc   131   34 -1.40443064075449E-14 -2.55528177267273E-13
gfc   131   35 -2.93636481119097E-13  2.41070937157637E-14
gfc   131   36 -1.87020920823959E-13  1.87937189478607E-13
gfc   131   37 -1.33570952065967E-13  1.04507910288778E-13
gfc   131   38  1.24925113206940E-13  8.72355661917193E-14
gfc   131   39  4.37976061974458E-13  7.88028794761638E-14
gfc   131   40  4.37097764983936E-13  1.15698044573668E-14
gfc   131   41 -1.13249424860857E-14 -3.06523659979514E-14
gfc   131   42 -1.21104813266723E-13  9.91490489313369E-14
gfc   131   43  2.15433889733798E-13  1.22864791349702E-13
gfc   131   44  5.19434257668011E-13 -1.19238566741080E-13
gfc   131   45  3.58275324330815E-13 -4.07556431314242E-13
gfc   131   46 -2.39191134398647E-13 -4.16571564626768E-14
gfc   131   47 -4.20777436936404E-13  1.75903868568187E-13
gfc   131   48 -9.91266718046664E-14  2.30039798550341E-14
gfc   131   49  3.92123838070597E-13 -2.89838873049804E-13
gfc   131   50  7.83425380776930E-15 -1.47586387658840E-14
gfc   131   51 -1.60246815372174E-13  2.14571354919362E-13
gfc   131   52 -2.23096101813514E-13  3.77795457401737E-13
gfc   131   53 -1.06357491832475E-14 -1.41708725508432E-13
gfc   131   54  8.34587788223928E-14 -2.32534961715935E-14
gfc   131   55  7.13171612003395E-14  2.50604461198328E-14
gfc   131   56 -3.23675335040332E-13  3.44213064563262E-13
gfc   131   57 -1.68120085025925E-13  1.64510172882654E-13
gfc   131   58 -1.01463183897636E-13  8.33201456009658E-15
gfc   131   59  3.55254817650099E-13 -2.19066186049854E-13
gfc   131   60  1.24172163882921E-13  3.11491066443411E-14
gfc   131   61  7.45742908537544E-14  1.66026795225195E-14
gfc   131   62 -3.23682659483758E-13 -3.33822610651258E-14
gfc   131   63 -1.74882236555469E-14 -2.69356866993205E-13
gfc   131   64  7.13875172597470E-14  1.76151904206151E-13
gfc   131   65  2.33525861998961E-13  1.84830784814661E-13
gfc   131   66 -4.03220160363027E-13  1.62261116677023E-13
gfc   131   67 -7.82814229156055E-14 -1.78098807462257E-13
gfc   131   68  8.49712865357524E-14 -2.13592419845530E-13
gfc   131   69  4.11290886058882E-13  5.76286174217781E-14
gfc   131   70 -1.61118413579918E-13  1.26254428664703E-13
gfc   131   71  3.25741791355539E-14  5.38154378773133E-14
gfc   131   72 -8.20082395987849E-14 -2.53998253773279E-13
gfc   131   73  2.73290666116294E-13  1.98745694045199E-13
gfc   131   74 -1.19659899238193E-13  6.19923959006090E-14
gfc   131   75 -1.28492620083206E-13  1.70177291513936E-13
gfc   131   76 -4.30544563855460E-14 -3.62660999903940E-13
gfc   131   77  3.66016151618264E-13  6.58223846146757E-15
gfc   131   78  2.07651619771040E-13  1.82319961946784E-13
gfc   131   79 -1.81801487700684E-13  2.47694422344750E-13
gfc   131   80 -1.40908005811647E-13 -1.69208324344009E-13
gfc   131   81  3.59621697997976E-13  1.65781115797378E-14
gfc   131   82 -1.59914116574626E-13  2.92880753365875E-13
gfc   131   83 -2.63079973899472E-14  6.22732975125695E-14
gfc   131   84 -3.37473435263892E-13 -7.70522019364519E-14
gfc   131   85  4.46646521862935E-13 -1.09077489710540E-13
gfc   131   86 -1.85278628759616E-13  4.54012821620644E-13
gfc   131   87 -1.29676415860308E-13  1.81943525902058E-13
gfc   131   88 -4.91764415020022E-13 -1.94734871331793E-13
gfc   131   89  4.71421040280079E-13 -1.47539457896259E-13
gfc   131   90 -4.54460740135342E-13  3.86324045069332E-13
gfc   131   91 -1.17346799837994E-13 -2.76360343793291E-13
gfc   131   92 -9.93696974875264E-14 -1.35219715973517E-13
gfc   131   93  1.80612264144638E-13  3.07729202954180E-13
gfc   131   94 -7.77230319139313E-13 -2.32301130204222E-14
gfc   131   95  1.90683701284510E-13 -5.50299540390165E-13
gfc   131   96 -1.03808100255009E-14 -2.54501762346189E-14
gfc   131   97  1.38917742074896E-13  6.73770544390376E-14
gfc   131   98 -4.97513654579394E-13 -2.44409003639768E-13
gfc   131   99  5.77073076581615E-13 -3.32573711992692E-13
gfc   131  100 -2.76029922777631E-13  4.49960595530018E-13
gfc   131  101 -1.07188779813309E-13 -8.66312290034807E-13
gfc   131  102  6.80042998033891E-13  2.41923166278696E-13
gfc   131  103 -5.30394581983022E-13  1.85043336335539E-13
gfc   131  104  3.07467562779831E-13 -5.22650337438847E-13
gfc   131  105  9.34278708126454E-14  1.66867329280467E-13
gfc   131  106  1.65358916647509E-13 -8.44760298830278E-14
gfc   131  107 -2.38192496388532E-14  1.86058870702097E-13
gfc   131  108  1.61818421603241E-13 -1.55470555591829E-13
gfc   131  109  5.05397317728188E-14  1.57379344046908E-13
gfc   131  110  1.17274529492882E-13 -9.13416327786801E-14
gfc   131  111  3.65680979832054E-14  1.81484117561690E-13
gfc   131  112  1.23531604115613E-13 -7.96490216721083E-14
gfc   131  113  1.19904047504862E-14  3.30162644094086E-13
gfc   131  114 -8.79469967303677E-14 -9.90072186408613E-14
gfc   131  115  7.97306866874920E-15  2.54938830257953E-13
gfc   131  116 -1.09316296893426E-13 -1.69605756402929E-13
gfc   131  117  9.54794259526513E-14  2.82006547681515E-13
gfc   131  118 -2.21777412840162E-13 -2.30521933679038E-13
gfc   131  119  1.46880331785777E-13  2.03518182336407E-13
gfc   131  120 -3.30231050484599E-13 -1.97040513735326E-13
gfc   131  121  2.43966983099341E-13  7.79482992019523E-14
gfc   131  122 -3.66093195377601E-13 -1.97866576995932E-13
gfc   131  123  3.81251337837483E-13  1.04209822649381E-15
gfc   131  124 -2.39712410033259E-13 -2.75440507135506E-14
gfc   131  125  4.40243536010800E-13 -1.73787122611753E-13
gfc   131  126 -8.05257996354672E-14  2.78216029580198E-13
gfc   131  127  2.17086318020088E-13 -1.46327015005070E-13
gfc   131  128  1.19813333968911E-13  5.47051732018878E-13
gfc   131  129 -3.68720715058856E-13  1.30395594325188E-14
gfc   131  130 -1.49094246320240E-13 -1.03795366524491E-13
gfc   131  131  2.14566817830781E-14 -2.32943625328655E-13
gfc   132    0 -1.07843191688045E-13  0.00000000000000E+00
gfc   132    1  1.46310370562846E-13  4.72169165854954E-14
gfc   132    2  1.61697200171341E-13 -5.98484017249261E-13
gfc   132    3  1.81686370236852E-13 -1.82081111329433E-13
gfc   132    4  3.16602636306961E-13 -2.17883979160040E-13
gfc   132    5  2.05910882549356E-13 -3.07394800570607E-13
gfc   132    6  1.01644626482506E-13 -9.32764793156038E-14
gfc   132    7  3.15230232479558E-13 -1.68032459840610E-13
gfc   132    8  8.72251673547307E-14 -6.49133443806018E-14
gfc   132    9  3.06534623278573E-13 -8.46131365635868E-14
gfc   132   10 -1.20198856221015E-13  2.63906814026892E-14
gfc   132   11 -2.17439131480751E-13  1.88297678846113E-14
gfc   132   12  5.90527397465237E-14  6.29936056953657E-15
gfc   132   13 -2.36934375729331E-13 -2.63248729642371E-13
gfc   132   14 -1.59978064092424E-13 -1.31839097610100E-13
gfc   132   15  1.34519161894169E-13 -1.85279161783472E-13
gfc   132   16 -4.59168503286542E-13 -5.21785619270196E-14
gfc   132   17  4.14680261433296E-14  1.54597598535385E-13
gfc   132   18 -1.09185105282934E-13 -1.69854080295571E-13
gfc   132   19 -1.74660461948768E-13 -1.74295760971408E-13
gfc   132   20 -1.12696170410093E-13 -1.15417056987654E-13
gfc   132   21 -5.64303414212516E-14 -2.69905531802917E-13
gfc   132   22 -2.71365468746117E-13  1.49029089038849E-14
gfc   132   23 -1.48973143598148E-14  4.10422417635553E-13
gfc   132   24 -7.89396027709802E-14  4.94921178791667E-14
gfc   132   25 -1.79508496617820E-13 -3.71694526106318E-13
gfc   132   26 -2.76661028679888E-13  1.24845110410812E-13
gfc   132   27  5.83221306068657E-14  5.64411815778068E-13
gfc   132   28  3.78826258344018E-13  2.14776737793419E-13
gfc   132   29  2.23723352961770E-14  1.61733591651532E-13
gfc   132   30 -3.56235759210025E-14  5.20086143160612E-13
gfc   132   31  4.06498369734756E-14  4.39984644499400E-13
gfc   132   32  3.12125333835793E-13 -1.32285541397551E-13
gfc   132   33  4.24035014195602E-13 -1.63856783939506E-13
gfc   132   34  3.87924335778608E-14 -7.68979290556130E-14
gfc   132   35 -2.90173931792150E-13  2.45676697535679E-13
gfc   132   36 -3.02419012307863E-13  1.94578634877502E-13
gfc   132   37 -8.52081436049297E-14  1.69531819788180E-13
gfc   132   38  2.72171546173069E-13  2.01023217757914E-13
gfc   132   39  3.29214904005110E-13  2.78483571253774E-13
gfc   132   40  1.66866050732332E-13  1.17166677731493E-14
gfc   132   41 -2.72198666501383E-13 -5.35288902655644E-14
gfc   132   42 -2.31067900713487E-13 -5.93865437166263E-14
gfc   132   43  2.03426415784488E-13  1.55454558306556E-13
gfc   132   44  6.34489629989859E-13 -2.04743519587791E-13
gfc   132   45  2.43027683514279E-13 -1.45998980678802E-13
gfc   132   46 -4.01795982830622E-13 -1.21425877082762E-13
gfc   132   47 -3.49678591433106E-13  8.88520369618146E-14
gfc   132   48  3.12248519502896E-14  4.44859875281847E-14
gfc   132   49  1.68739764194421E-13 -5.54608154633151E-14
gfc   132   50 -4.82687239314910E-14  7.42918003663195E-14
gfc   132   51 -4.47764434167346E-13  7.11584213121713E-14
gfc   132   52 -3.31879876040693E-13  5.90926099775197E-14
gfc   132   53  9.59012921254330E-14 -2.03352591068185E-13
gfc   132   54  1.53939976457533E-13  3.93009207461978E-14
gfc   132   55  4.51738556441624E-14 -3.03958709429703E-15
gfc   132   56 -4.06729110919060E-13  1.95884474525967E-13
gfc   132   57 -1.13489962200022E-13  1.49546030959549E-14
gfc   132   58 -1.64941196792160E-14  7.73608194706893E-14
gfc   132   59  3.56653347964888E-13 -4.99236743217954E-14
gfc   132   60 -2.14176830301263E-14  9.44887204776083E-14
gfc   132   61 -7.82846062802356E-14 -1.67843521012920E-13
gfc   132   62 -2.43497060720332E-13 -2.57498266189237E-13
gfc   132   63  6.04472595754601E-14 -2.06972363022106E-13
gfc   132   64  2.07524691350514E-13  2.67768444731489E-13
gfc   132   65  8.70240163407169E-14  1.56824441807719E-13
gfc   132   66 -3.17200677029429E-13  8.31174980315056E-14
gfc   132   67  1.13591188299114E-13 -1.84041701513488E-13
gfc   132   68  1.92188129460181E-13  1.73480875940719E-13
gfc   132   69  1.75701364179669E-13  3.65058836952842E-14
gfc   132   70 -3.37356478309395E-13  2.07465282507110E-13
gfc   132   71  1.37041944095252E-14 -4.48304943732863E-13
gfc   132   72  6.62180467523820E-14  1.57998794178152E-14
gfc   132   73  2.87364947860328E-13  7.90666058821470E-14
gfc   132   74 -1.42021318800025E-13  3.82820024243378E-13
gfc   132   75 -1.45465432288007E-13 -8.17691574800980E-14
gfc   132   76  2.52329173996476E-14 -1.12287957864442E-14
gfc   132   77  1.41408938367006E-13  1.41638353063591E-14
gfc   132   78 -1.32126359744591E-13  2.96108380124241E-13
gfc   132   79 -3.00632143747463E-13 -2.27454587878229E-13
gfc   132   80  9.09491895096217E-14 -4.93374269876578E-14
gfc   132   81  2.53545359850515E-13 -6.27449688666771E-14
gfc   132   82 -1.76122847873026E-13  5.65099217320701E-13
gfc   132   83 -4.29788325165052E-13 -3.26612203263541E-13
gfc   132   84  4.70019335267372E-14 -2.10033087016848E-13
gfc   132   85  2.23068257044330E-13 -2.83123951695629E-14
gfc   132   86 -4.23409482744069E-13  3.12442399265695E-13
gfc   132   87 -3.54342798603497E-14 -4.46387758869571E-13
gfc   132   88  4.59708411943627E-14 -4.75970178102069E-14
gfc   132   89  3.17414961143559E-13 -8.19770154435346E-14
gfc   132   90 -5.93344896208292E-13  2.73127826485065E-13
gfc   132   91  3.46605972192037E-14 -7.08926976869496E-13
gfc   132   92  8.34853620205717E-14  9.87133467829235E-14
gfc   132   93  2.55932250757015E-13 -1.35317927921801E-13
gfc   132   94 -3.14408763392119E-13  9.83096723125711E-14
gfc   132   95  3.04527107526888E-13 -5.88688273665143E-13
gfc   132   96  1.15401742895248E-13  3.97968405133448E-13
gfc   132   97 -1.53888195963189E-13 -2.31432362130945E-13
gfc   132   98  4.18488245274037E-14 -3.55790995633746E-13
gfc   132   99  7.52379603871612E-13 -3.47378478831478E-14
gfc   132  100 -2.79608859882140E-13  6.18003483295667E-13
gfc   132  101  4.60648520666174E-14 -6.84566987428241E-13
gfc   132  102  4.34520577977095E-13  4.62780767151349E-13
gfc   132  103 -3.45022664119379E-13 -1.25071844804701E-13
gfc   132  104  5.42199852275778E-13 -1.03720709049819E-13
gfc   132  105 -1.90543682149474E-13  6.20178034214279E-13
gfc   132  106 -1.67038282744478E-13 -3.71531131053737E-13
gfc   132  107  4.50772457093395E-13  2.88253184282414E-13
gfc   132  108 -3.40507408291129E-13  1.52204483794585E-13
gfc   132  109  8.12014793523700E-14  7.01328940980366E-14
gfc   132  110 -1.65258449823613E-13 -4.55955128811599E-14
gfc   132  111  8.67552150046306E-14  1.45459879524580E-13
gfc   132  112 -2.52818677961573E-13 -1.66994937208174E-14
gfc   132  113  1.20124657723039E-13  1.23955370725484E-13
gfc   132  114 -2.84681109313618E-13 -7.31439944088078E-14
gfc   132  115  1.05200754306930E-13 -5.72935736685245E-14
gfc   132  116 -2.46800736442091E-13 -3.97072908030435E-14
gfc   132  117  1.68258134379115E-13 -6.89331408456771E-14
gfc   132  118 -2.40740270994377E-13  3.17443804032277E-14
gfc   132  119  2.09458470648598E-13 -1.73361661854185E-13
gfc   132  120 -1.94323556236915E-13  1.08467247345547E-13
gfc   132  121  2.74257313507717E-13 -2.52555724039162E-13
gfc   132  122 -8.00427344248063E-14  2.00603880051128E-13
gfc   132  123  1.84314445319986E-13 -2.86437876012438E-13
gfc   132  124 -9.32057920789158E-15  3.43250540069978E-13
gfc   132  125 -4.35966222245116E-14 -2.21477412833961E-13
gfc   132  126  1.45530449128603E-13  3.46595942339707E-13
gfc   132  127 -2.64246940196748E-13 -1.03387875780909E-13
gfc   132  128  1.48280451765955E-13  1.52254098797385E-13
gfc   132  129 -4.65403036153317E-13  7.48471345187199E-14
gfc   132  130  1.79620202033402E-14 -3.70579513957216E-13
gfc   132  131  1.31409998703825E-13 -9.82293341642401E-14
gfc   132  132  1.83596599659538E-13  3.59359133923304E-14
gfc   133    0 -3.43239644226113E-13  0.00000000000000E+00
gfc   133    1 -5.00885418121995E-14 -2.75399284982810E-13
gfc   133    2 -1.52300285511079E-13 -8.71602245443803E-14
gfc   133    3 -2.12330971759369E-13 -1.79592074298930E-13
gfc   133    4  1.06358356338578E-13 -4.14668076186019E-14
gfc   133    5  3.07962072260175E-14 -1.59342551864201E-13
gfc   133    6  3.42606387119787E-13 -8.91719291382445E-14
gfc   133    7  2.32438193295754E-13 -7.31406420860265E-14
gfc   133    8  1.88457661445970E-13  1.53167564248833E-13
gfc   133    9  9.17772594538775E-14  1.34330059897052E-13
gfc   133   10 -1.38267277270476E-13  1.09153631367827E-13
gfc   133   11 -3.15065116899908E-13  3.43134315736737E-13
gfc   133   12  8.22879133314559E-14  3.53904678377538E-14
gfc   133   13 -7.44727080211268E-14 -1.65196899480987E-13
gfc   133   14 -5.96311754052047E-15  2.75770833704077E-13
gfc   133   15 -8.61342703133411E-14 -7.59125378521118E-14
gfc   133   16 -4.19621477281747E-13  1.09490771584058E-13
gfc   133   17 -1.84842544299902E-13  1.51036748088409E-13
gfc   133   18 -1.61860143343980E-13 -1.48330886818311E-13
gfc   133   19 -2.72594240539938E-13 -2.23855410965218E-13
gfc   133   20 -7.33450647845116E-14 -9.89884458420684E-14
gfc   133   21 -1.32559547175882E-13  2.35462349160312E-14
gfc   133   22 -2.80288966028901E-13  2.08998584412555E-13
gfc   133   23 -2.84928257259841E-13  3.36348690029721E-13
gfc   133   24  3.43511396741691E-14  7.79457872665918E-14
gfc   133   25 -9.05510050829799E-14 -9.61373121717211E-14
gfc   133   26 -4.91542959857585E-13  1.17407818912671E-13
gfc   133   27  2.02368457025810E-13  6.92739691486479E-13
gfc   133   28  2.94134436997766E-13  6.21625214252233E-13
gfc   133   29 -2.58428652979171E-13  1.84399674288920E-13
gfc   133   30 -4.47912573792566E-13  2.40397748765657E-13
gfc   133   31  3.05345271808869E-13  1.29272790580368E-13
gfc   133   32  4.35618687357063E-13  2.93119024145751E-13
gfc   133   33  3.09107254809721E-13  9.85368638613271E-14
gfc   133   34 -3.07865672267754E-13 -1.25017246758812E-13
gfc   133   35 -3.75397423864442E-13 -3.55649791601790E-14
gfc   133   36 -2.29077536160123E-13  6.54860483996541E-14
gfc   133   37  1.44715251980424E-13  3.11196336926428E-13
gfc   133   38  2.02310568385995E-13  2.27144311795757E-13
gfc   133   39  1.36010103837366E-13  2.43732831580275E-13
gfc   133   40  5.95741807874364E-14  8.09382923990288E-14
gfc   133   41 -2.48629169061159E-13 -1.62686095960120E-13
gfc   133   42 -1.15646897454525E-13 -1.47854523859067E-13
gfc   133   43  1.26927601927630E-13  1.15101113286949E-13
gfc   133   44  3.92409701590585E-13 -6.93083377896328E-16
gfc   133   45 -9.72038887177989E-15 -3.60055657521876E-13
gfc   133   46 -3.49764868478602E-13 -4.00495823668294E-13
gfc   133   47 -3.63259015366786E-13 -9.67122797131187E-14
gfc   133   48  1.98049771592629E-13  4.25407326407900E-14
gfc   133   49  3.47289652921529E-13  5.29133121631791E-14
gfc   133   50 -1.54662807996550E-13 -3.94361884805138E-14
gfc   133   51 -3.62228447775122E-13 -5.82988111626728E-14
gfc   133   52 -1.24849587168322E-13 -1.37859813358102E-13
gfc   133   53  6.90544208113023E-14 -2.18502099844566E-14
gfc   133   54  1.50995659260436E-13  1.03713357978179E-13
gfc   133   55 -1.59911659580741E-13 -2.42669682408555E-14
gfc   133   56 -2.92996412857750E-13 -7.89146842089588E-14
gfc   133   57 -1.73489752597504E-16 -1.34916166497631E-13
gfc   133   58  2.04077841580376E-13  1.04534635467468E-13
gfc   133   59  2.83157448070487E-13  1.47150148786006E-13
gfc   133   60  5.30901400615675E-14  1.14397512313347E-13
gfc   133   61 -8.92718751622700E-14 -1.50534201831542E-13
gfc   133   62 -5.04562657745307E-14 -2.87435914425945E-13
gfc   133   63 -5.38280800022181E-14  9.92036858392946E-14
gfc   133   64  1.16272846131271E-13  2.33664194797082E-13
gfc   133   65 -2.50408910559990E-13  1.66155184295436E-13
gfc   133   66  1.26835008715646E-14 -1.90048523994153E-13
gfc   133   67  4.89064941735092E-14 -1.20785294229679E-13
gfc   133   68  4.92205908659906E-13  1.48357524332477E-13
gfc   133   69 -2.71119206733505E-13  1.24139481322995E-13
gfc   133   70 -4.55933602271991E-14  6.43395926096338E-14
gfc   133   71 -1.09187706948074E-13 -2.44525879669307E-13
gfc   133   72  1.23703578423151E-13  9.91032449935294E-14
gfc   133   73 -1.04608064377059E-13  1.43222314772878E-13
gfc   133   74 -2.43897068339857E-13 -8.14771035228671E-15
gfc   133   75 -8.62094464342200E-14 -2.39040527439381E-13
gfc   133   76  3.25558459842433E-13 -9.78681414916697E-14
gfc   133   77  1.00590427565116E-14  2.22134007267505E-13
gfc   133   78 -1.19955384869628E-13  1.43799725134765E-13
gfc   133   79 -3.63733426298053E-13 -2.46214664417502E-13
gfc   133   80  3.18700434974858E-13 -1.33671100050449E-13
gfc   133   81 -3.72091565658446E-14  2.31639139294017E-14
gfc   133   82 -5.85510831784133E-14  1.63916175241741E-13
gfc   133   83 -2.07383745894323E-13 -4.64297266113806E-13
gfc   133   84  3.52986051390551E-13  4.83225650062459E-14
gfc   133   85 -1.03230856043783E-13 -1.15401084557319E-13
gfc   133   86  2.48318937663663E-14  2.56584149352763E-13
gfc   133   87 -2.78699548923997E-13 -4.35743400362534E-13
gfc   133   88  3.88396708139836E-13 -3.96185470124358E-14
gfc   133   89  9.17579185504345E-14 -1.54867150535712E-13
gfc   133   90  5.11417001068616E-15  2.00409612762936E-13
gfc   133   91 -3.32825404441760E-14 -4.54723768927064E-13
gfc   133   92  3.85950978194270E-13  2.48448980731905E-13
gfc   133   93 -5.24446271500061E-14  8.78426474435412E-14
gfc   133   94 -6.47154081166862E-14 -1.14702831574820E-13
gfc   133   95  4.74768866104295E-13 -4.08514052732794E-13
gfc   133   96  2.44956752402026E-13  6.57779054057856E-13
gfc   133   97 -2.71751486234149E-13 -7.30112121163900E-14
gfc   133   98  1.40983717245835E-13  9.11075161802740E-14
gfc   133   99  2.41235211977134E-13 -3.59561445381694E-14
gfc   133  100 -1.18045404749706E-13  5.08724681838772E-13
gfc   133  101 -1.03523363154139E-13 -5.38492514644707E-13
gfc   133  102  4.64441453398970E-13  6.55167546900622E-13
gfc   133  103 -7.17160054134010E-13  1.25455981128922E-13
gfc   133  104  2.06961155641643E-13 -3.05181651561114E-13
gfc   133  105  1.65173580400937E-14  3.21023341878710E-13
gfc   133  106 -2.16714606624599E-13  3.10586604537268E-14
gfc   133  107 -9.62945496779823E-15  2.50565793324707E-14
gfc   133  108 -2.80922060686133E-13 -2.77644998484368E-14
gfc   133  109  1.11953939613198E-13 -8.83587473381979E-14
gfc   133  110 -2.24447146464465E-13  9.92169653814203E-14
gfc   133  111  7.32394503039498E-15 -2.22463727025470E-13
gfc   133  112 -7.93460463185606E-14  8.27001669480050E-14
gfc   133  113  5.67183714643741E-15 -1.99688580703651E-13
gfc   133  114 -9.43622294361579E-14  8.89224156889291E-14
gfc   133  115  3.82274631565729E-14 -2.87265643613447E-13
gfc   133  116  4.03702774756214E-14  9.29207695964079E-14
gfc   133  117  3.01001021717983E-14 -2.62698145605918E-13
gfc   133  118  6.65890637210400E-14  2.00491557316120E-13
gfc   133  119  6.90363469832239E-15 -2.79562811438395E-13
gfc   133  120  1.76276228275427E-13  2.73114498698963E-13
gfc   133  121 -1.36028122969670E-13 -2.21369006277628E-13
gfc   133  122  2.51045001066090E-13  2.83822591627739E-13
gfc   133  123 -1.61197965091374E-13 -1.44969718022945E-13
gfc   133  124  2.59845989120030E-13  1.91353495993750E-13
gfc   133  125 -3.17016514633471E-13 -6.42675469459294E-15
gfc   133  126  2.32952497054225E-13  1.21533281106354E-13
gfc   133  127 -3.38697610017524E-13  7.58723284536241E-14
gfc   133  128  1.12760005025347E-13 -1.84231836988603E-13
gfc   133  129 -2.31307794897526E-13  1.14278842502696E-13
gfc   133  130  3.19190166499974E-14 -4.50946708790319E-13
gfc   133  131  3.46155416444206E-13 -1.13677452427057E-14
gfc   133  132  1.33750685127291E-13  1.17246873193192E-13
gfc   133  133 -8.59531233795606E-14  1.46936538876821E-13
gfc   134    0  2.21616894459192E-13  0.00000000000000E+00
gfc   134    1 -1.16295922837372E-14  4.02201437518463E-13
gfc   134    2  1.54850822376943E-13 -1.15118717848980E-13
gfc   134    3  5.97832280647702E-14 -7.35849754141622E-14
gfc   134    4  1.45411466271872E-13 -2.50356130811954E-13
gfc   134    5  2.54256175913500E-13 -2.26000664256803E-13
gfc   134    6  6.37366643130546E-13 -2.81508772854875E-13
gfc   134    7  3.61897539926236E-13 -1.81950002339042E-14
gfc   134    8  3.91061576323775E-13  1.58037867964644E-13
gfc   134    9  1.83596572731853E-13  1.15371126547759E-13
gfc   134   10 -5.90337267721915E-14  1.76908391762373E-13
gfc   134   11 -1.74851052317325E-13  7.35714785021729E-14
gfc   134   12  3.86871055142939E-13  6.99474740990362E-14
gfc   134   13 -1.12131169613342E-13 -6.57312195548005E-14
gfc   134   14  1.15620663181909E-13  1.64212857905187E-13
gfc   134   15 -1.19010032850221E-13  1.75864113054966E-13
gfc   134   16 -3.93981644992374E-13  2.63342331163102E-13
gfc   134   17 -2.69841718575228E-13  1.71958412056909E-13
gfc   134   18 -7.53845242806915E-14  5.89116186744204E-15
gfc   134   19 -1.67876405836088E-13 -1.79988758134989E-13
gfc   134   20 -2.55379607347163E-13  1.99536858311619E-13
gfc   134   21 -2.95307806895015E-13  1.70482972087494E-13
gfc   134   22 -2.59541432438329E-13  2.19425708421192E-13
gfc   134   23 -3.58030716532513E-13  1.80048999935873E-13
gfc   134   24  1.78186425558059E-15  1.25038829240558E-13
gfc   134   25 -6.19083604634972E-14 -4.06534643642083E-13
gfc   134   26 -2.25911251773312E-13  3.07916932085667E-13
gfc   134   27 -5.86095384370909E-14  8.23910908012517E-13
gfc   134   28  2.55585784905564E-13  3.52537529222345E-13
gfc   134   29 -1.01613072389079E-13 -1.03718496138961E-13
gfc   134   30 -4.21957543393297E-14  2.62839277086397E-13
gfc   134   31 -3.48794831927195E-14  4.48717024244387E-13
gfc   134   32  3.32888450770484E-13  2.25567675077604E-13
gfc   134   33  2.54497708682840E-13 -2.44501593875433E-13
gfc   134   34 -1.63529113896820E-13 -2.33230443551829E-13
gfc   134   35 -3.71575360873711E-13 -1.32684319211187E-13
gfc   134   36 -1.85550477209597E-13  2.02810479910709E-13
gfc   134   37  2.18608190731338E-13  5.71919871942125E-14
gfc   134   38  1.67214251113535E-13  2.55746710327306E-13
gfc   134   39  5.88523317841030E-14 -4.76666693570347E-14
gfc   134   40 -4.45306681466731E-14 -5.15541923199376E-14
gfc   134   41  8.17148802888870E-14 -3.22037420801492E-13
gfc   134   42  4.23493379661803E-15 -9.05916437727649E-14
gfc   134   43  3.25697903574867E-13  1.28132702074763E-13
gfc   134   44  2.71702459658529E-13 -6.60561025789166E-14
gfc   134   45  6.10110724344872E-14 -2.68775625102558E-13
gfc   134   46 -3.79750958882787E-13 -4.32118999458116E-13
gfc   134   47 -3.86607877321666E-14 -1.21768739015214E-13
gfc   134   48  7.51628704713159E-14  7.66980528463020E-14
gfc   134   49  1.21574421591593E-13  1.93960320112092E-13
gfc   134   50 -1.15801353891657E-13 -1.93963111965958E-13
gfc   134   51 -8.68445246995385E-14 -1.99769500101053E-13
gfc   134   52  2.03375437950257E-14 -1.67775593406297E-13
gfc   134   53  3.01478827215053E-13  1.96036200827596E-13
gfc   134   54  2.22342294954206E-14  1.64440344113081E-13
gfc   134   55 -1.10740480164853E-13  2.17577248430870E-14
gfc   134   56 -1.95636688283252E-13 -8.89078332536770E-14
gfc   134   57  9.07730526196029E-14  4.06694954623929E-15
gfc   134   58  8.51552164422096E-14  2.86784152389713E-13
gfc   134   59  1.69886306617895E-13  1.72740461000490E-13
gfc   134   60 -8.55699381278024E-14 -9.69040392319418E-14
gfc   134   61  1.21690669492640E-13 -1.97847793770643E-13
gfc   134   62  2.84528114054663E-14 -2.58133288150260E-13
gfc   134   63  8.63151077336587E-14  3.69539366703061E-13
gfc   134   64 -1.40368962194213E-13  1.76473909073752E-13
gfc   134   65 -1.97516264714902E-13  1.76773402634735E-13
gfc   134   66  1.29058993413530E-14 -2.62177183297172E-13
gfc   134   67  1.18317735029422E-13  1.02884941739169E-13
gfc   134   68  2.30198611349287E-13  6.51781382423781E-14
gfc   134   69 -4.02299349908268E-13 -4.30238833483264E-14
gfc   134   70 -4.93735335637209E-14 -1.89457049143648E-13
gfc   134   71  1.16790582573157E-13 -1.59978218734671E-13
gfc   134   72  1.81544867883583E-13  1.30684573428634E-13
gfc   134   73 -1.49328633818631E-13  2.72791749181014E-13
gfc   134   74 -2.15835932974830E-13 -2.41148360774378E-13
gfc   134   75 -1.94197316997462E-14 -2.36059408999639E-15
gfc   134   76  2.37635609983905E-13 -2.91909717536897E-13
gfc   134   77 -7.47793424262241E-14  3.09728435088160E-13
gfc   134   78 -7.24806237021975E-14 -3.13987824395703E-13
gfc   134   79  1.65760210130271E-14 -3.87830950988442E-14
gfc   134   80  5.00032113810681E-13 -1.52838965432998E-13
gfc   134   81 -8.66039446626708E-14  4.52408269346055E-13
gfc   134   82 -6.93330010769376E-14 -2.22740678355355E-13
gfc   134   83 -1.53174791391650E-13 -1.29191086092081E-13
gfc   134   84  4.89049204415839E-13 -2.12078035669368E-13
gfc   134   85 -4.95100905427782E-14  4.01980993169256E-13
gfc   134   86 -2.58273789104693E-14 -5.32258871350984E-14
gfc   134   87  3.70294492648059E-14 -2.56626042842986E-13
gfc   134   88  5.31281414353004E-13  2.05652173628842E-13
gfc   134   89 -3.02272061868227E-13  2.65838895518722E-13
gfc   134   90 -1.30517492168627E-13 -3.61281860723275E-14
gfc   134   91  1.79335544861825E-13 -2.94478597369680E-13
gfc   134   92  4.09039193715375E-13  4.21133244230551E-13
gfc   134   93 -3.45854550095206E-13  8.96716325731464E-14
gfc   134   94  1.37907462477691E-13 -2.97570388602320E-14
gfc   134   95  5.44935352720968E-14  4.89304430973820E-14
gfc   134   96  5.22469349402531E-15  3.80739220476701E-13
gfc   134   97 -3.44648801047087E-13 -1.62922153353787E-13
gfc   134   98  2.93529536135395E-13 -1.14978413586741E-14
gfc   134   99  3.19642269516541E-14  2.81839615546468E-13
gfc   134  100 -4.19541070859149E-13  3.54780269695952E-13
gfc   134  101 -2.55745803960042E-13 -6.25899758119927E-13
gfc   134  102  4.15618997182754E-13  4.29699769602672E-13
gfc   134  103 -7.61935310225625E-13 -9.47070435288592E-14
gfc   134  104  5.12641257533546E-13 -2.75053110112915E-13
gfc   134  105 -4.53557339205709E-13  4.29221082203569E-13
gfc   134  106 -2.28183496913284E-13 -5.89208818292464E-13
gfc   134  107  3.09477053185591E-13 -6.71501941775720E-14
gfc   134  108 -2.09613329245933E-13  1.58447886256711E-13
gfc   134  109 -8.54100216361888E-14 -4.02121237968356E-13
gfc   134  110  1.77626185674807E-13  2.16597505615495E-14
gfc   134  111 -2.08676112505742E-14 -1.92712812276272E-13
gfc   134  112  2.06391243455285E-13  7.60845976685403E-14
gfc   134  113 -4.78896897850510E-14 -1.38492594375840E-13
gfc   134  114  1.75614886057453E-13  1.07644655922983E-13
gfc   134  115 -5.60709556941021E-14 -8.08885534873214E-14
gfc   134  116  2.64438181122978E-13  3.98928625446233E-14
gfc   134  117 -9.13264976522678E-14 -1.44237017173781E-15
gfc   134  118  2.35671757295404E-13  7.95399417108326E-14
gfc   134  119 -2.07984031695480E-13  8.24890125325844E-14
gfc   134  120  1.97090565468386E-13  2.94769865299081E-14
gfc   134  121 -2.17397715781602E-13  1.85011484992399E-13
gfc   134  122  1.80348827382042E-13 -8.09897614731971E-14
gfc   134  123 -2.43483083728703E-13  1.91709461873064E-13
gfc   134  124  1.42899688945753E-13 -1.81512985055798E-13
gfc   134  125 -2.17694942746002E-13  2.23205089634392E-13
gfc   134  126  2.71747818193973E-14 -2.89346345625592E-13
gfc   134  127 -8.53224082741257E-14  2.46805024911809E-13
gfc   134  128 -1.22340796455248E-13 -3.82416905837372E-13
gfc   134  129  2.01689458710187E-13  1.11638638104176E-13
gfc   134  130 -1.53508559765908E-13 -2.42253493043941E-13
gfc   134  131  4.77673299204332E-13  1.51217127326333E-14
gfc   134  132 -8.31341169682892E-15  3.45048004946819E-13
gfc   134  133 -8.49598920013216E-14  1.16043479891278E-13
gfc   134  134 -1.14752069766434E-13 -1.03684172869646E-13
gfc   135    0 -4.58053297068082E-14  0.00000000000000E+00
gfc   135    1 -4.17428998318498E-13  1.15526043569100E-13
gfc   135    2 -2.85935199164804E-13  2.01627216807171E-13
gfc   135    3 -4.80501928609706E-13 -1.46342790476640E-13
gfc   135    4 -3.12245158671923E-13 -1.27910121001696E-13
gfc   135    5  9.47157683193733E-14 -8.99971830066529E-14
gfc   135    6  2.15037463381095E-13 -2.90075882581190E-13
gfc   135    7  4.10210877365566E-14  1.17785405769742E-13
gfc   135    8  7.72145327973227E-15  7.07492394112536E-14
gfc   135    9 -1.07248699556604E-13  2.16509778693630E-13
gfc   135   10 -2.89939400006876E-13 -3.70108899314062E-14
gfc   135   11 -1.60492027201057E-13  2.07640679788800E-13
gfc   135   12 -4.83153068244699E-14 -2.54409793936510E-14
gfc   135   13 -5.89630437748820E-14 -2.93219662537683E-14
gfc   135   14 -2.01548253774377E-13  1.67348401508578E-13
gfc   135   15 -3.11040861185163E-13  1.50037164693965E-13
gfc   135   16 -3.75777644692564E-13 -1.63311100602858E-13
gfc   135   17 -3.06830910679198E-13  2.10333427803838E-14
gfc   135   18 -7.56588341812565E-14 -2.07754341388882E-13
gfc   135   19 -2.09835901111980E-13 -2.36416803975559E-13
gfc   135   20 -3.90582989803682E-13  3.88021657206881E-14
gfc   135   21 -2.72136229950328E-13  2.38216170689085E-13
gfc   135   22 -2.75876414709181E-13 -5.71581441642655E-14
gfc   135   23 -4.06958008137173E-13  9.52853446045627E-14
gfc   135   24  1.03964666898013E-13 -1.37176546185756E-13
gfc   135   25 -2.20012988381327E-14 -2.79567542995940E-14
gfc   135   26 -4.56944487643914E-13  9.62325871627931E-14
gfc   135   27 -3.28355375311894E-15  5.70255853903279E-13
gfc   135   28  3.37454963900008E-13  1.96645290073900E-13
gfc   135   29 -3.03311984734258E-14 -1.22824097821464E-13
gfc   135   30 -1.02870631818453E-13 -7.64727376726700E-14
gfc   135   31  3.19150985816918E-13  3.18715461954487E-13
gfc   135   32  6.93459982557260E-13  4.27987956028252E-13
gfc   135   33  1.38468425699761E-13 -1.45111130470196E-13
gfc   135   34 -1.46455772260405E-13 -4.42304549482673E-13
gfc   135   35 -2.33958315436669E-13 -3.33426432539359E-13
gfc   135   36  1.74247662655808E-13  2.15128478286214E-13
gfc   135   37  3.44978948978700E-13  3.40472564339898E-13
gfc   135   38  1.81811217118901E-13  1.73588192575930E-13
gfc   135   39 -7.76974786818966E-14 -4.08176295766800E-14
gfc   135   40  1.20387268153964E-13 -8.10704315970575E-14
gfc   135   41  1.87683868772420E-13 -2.33785713459674E-13
gfc   135   42  2.22823489740574E-13 -8.16398486196159E-14
gfc   135   43  1.28507599266951E-13  9.96270865330086E-14
gfc   135   44  2.02675762072698E-13  2.25729811763855E-14
gfc   135   45  9.51225544915443E-14 -3.65053473237191E-13
gfc   135   46 -3.73653438534936E-14 -4.35603947911937E-13
gfc   135   47 -9.77904146690380E-14  1.20038293105378E-13
gfc   135   48 -1.60014217657849E-14  3.25717794355444E-13
gfc   135   49  1.32170141424603E-13  2.83381418897783E-13
gfc   135   50 -1.77792380137574E-13 -1.82215838204242E-13
gfc   135   51  2.05448031059399E-14 -1.28511091589913E-13
gfc   135   52  6.14962146882505E-15 -2.30962830019132E-14
gfc   135   53  8.77921348432959E-14  3.66871206666258E-13
gfc   135   54 -1.31139811031114E-13  1.55070227024969E-13
gfc   135   55  9.17431118775166E-15 -9.50498141945589E-14
gfc   135   56 -7.55792912809086E-14 -1.83209642379967E-13
gfc   135   57  1.41805825658517E-13  2.16549868710390E-13
gfc   135   58 -4.21810515915184E-15  3.70092601550923E-13
gfc   135   59  8.69121663713253E-14  2.29624298631263E-13
gfc   135   60 -1.44833666021086E-13 -1.92178961666049E-13
gfc   135   61  1.91747986846185E-13 -2.01103820958189E-13
gfc   135   62 -1.53145258723240E-13 -2.03432266999872E-13
gfc   135   63  2.30758288587925E-14  3.47197327256646E-13
gfc   135   64 -2.58334262001032E-13 -2.65272393214164E-14
gfc   135   65  5.64941707524879E-14  2.00825624437266E-14
gfc   135   66  8.09597136231522E-14 -2.58054270465427E-13
gfc   135   67  1.96579123822259E-13  3.50098631180618E-13
gfc   135   68 -2.54432523627785E-14 -3.45903339705566E-14
gfc   135   69 -2.63510262061406E-13 -6.62908170867767E-14
gfc   135   70 -8.68634956081093E-14 -2.20088963740845E-13
gfc   135   71  2.57674538646294E-13  2.34287743125575E-14
gfc   135   72 -1.52543510364877E-13  9.99186818014743E-14
gfc   135   73  9.59484906099289E-14  5.27166509870627E-14
gfc   135   74 -1.59205019605278E-13 -2.61842895881969E-13
gfc   135   75  4.19516296565461E-13  2.44089062757879E-14
gfc   135   76 -6.47266207735550E-14  1.35088884075163E-13
gfc   135   77 -2.43242233036385E-14  2.49697558034695E-13
gfc   135   78 -3.16285808169922E-13 -2.66394191645320E-13
gfc   135   79  3.10124471826022E-13 -2.89094039885230E-14
gfc   135   80  1.50132833234210E-13 -8.48340050636675E-14
gfc   135   81  6.84097371812281E-14  3.49225956710349E-13
gfc   135   82 -1.31310736378523E-13 -3.28387364145122E-13
gfc   135   83  2.43244063188520E-13  1.32102898660408E-13
gfc   135   84  1.82710750613334E-13  1.48160002126259E-13
gfc   135   85 -3.19949954657018E-13  3.55247153130375E-13
gfc   135   86  4.83758607221530E-14 -2.77292076470064E-13
gfc   135   87  7.73539844199688E-14  1.23102716993800E-13
gfc   135   88  1.63442703192653E-13  5.17969715506344E-14
gfc   135   89 -2.29210525362023E-13  2.69269455111373E-13
gfc   135   90 -1.28132407789905E-13 -3.35679894107134E-14
gfc   135   91  8.89130576733759E-14  7.94564650837447E-14
gfc   135   92 -4.37924306762684E-14  2.33221089081669E-13
gfc   135   93 -3.11500791569919E-13 -8.34579305377756E-14
gfc   135   94  2.88944927404369E-14 -1.94770660733743E-13
gfc   135   95  1.44666204450182E-13  4.03590901722649E-14
gfc   135   96 -2.59102063066397E-13  4.42085402816858E-13
gfc   135   97 -3.84919244855687E-13 -3.79110478635305E-13
gfc   135   98  2.44711998148446E-13 -9.11269278745064E-14
gfc   135   99 -1.95609238110415E-13  3.53400950301306E-14
gfc   135  100 -1.14033419528362E-13 -1.11616025081924E-13
gfc   135  101  7.73553873113704E-15 -3.04522095181622E-13
gfc   135  102  2.31028797979817E-13  1.97854965996806E-13
gfc   135  103 -5.96394393001030E-13 -1.53177436415120E-13
gfc   135  104  4.88166154174633E-13 -5.68188827686729E-13
gfc   135  105 -4.08532538670895E-14  3.92929426698955E-13
gfc   135  106  1.84995371775019E-14 -3.60647018343188E-13
gfc   135  107  1.39126570926433E-13  9.76545958424177E-14
gfc   135  108 -9.55463400859503E-15 -2.95146831035297E-13
gfc   135  109  2.91076771003411E-13  2.52572016415673E-14
gfc   135  110  9.69082277679976E-14  1.06933451020082E-13
gfc   135  111 -4.69778523713276E-14 -1.15640753774348E-14
gfc   135  112  3.02191750411020E-13 -1.60066066160111E-14
gfc   135  113 -5.09990279674909E-14  2.07605700504192E-13
gfc   135  114  1.46130536767000E-13 -6.63593464368135E-14
gfc   135  115 -6.30655555448418E-14  2.05954285143261E-13
gfc   135  116  1.01828018375496E-13 -2.16767846039962E-14
gfc   135  117 -7.48105767285795E-14  2.62182749158257E-13
gfc   135  118 -1.32845989976786E-15 -9.13546428324019E-14
gfc   135  119 -8.86148503007526E-14  2.27240515554607E-13
gfc   135  120 -7.29254276054558E-14 -1.60312041594081E-13
gfc   135  121 -3.11100973697737E-14  2.30228150709337E-13
gfc   135  122 -9.99061446592261E-14 -2.50686049901706E-13
gfc   135  123 -7.22165329976586E-15  2.35927707147865E-13
gfc   135  124 -1.88347418745329E-13 -2.66676890294633E-13
gfc   135  125  1.16782257354011E-13  1.37242026895994E-13
gfc   135  126 -1.98345104163691E-13 -2.50707343781044E-13
gfc   135  127  2.62973448124093E-13  4.93597969398696E-14
gfc   135  128 -1.85171017933994E-13 -8.41364758579292E-14
gfc   135  129  3.30603153085763E-13 -6.57603590740026E-14
gfc   135  130 -8.23542373889554E-14  1.67856316006899E-13
gfc   135  131  2.23828135786643E-13 -7.47927680730543E-14
gfc   135  132 -4.23513830592112E-14  4.30840579029787E-13
gfc   135  133 -3.10837433781888E-13 -2.71408538086226E-15
gfc   135  134 -1.28135756246133E-13 -1.21429587636986E-13
gfc   135  135  1.14976120419037E-13 -1.04815870517382E-13
gfc   136    0 -2.18058899864514E-14  0.00000000000000E+00
gfc   136    1 -1.86301750691002E-13  4.81294866247759E-13
gfc   136    2 -2.21016610874467E-13  6.02203029849034E-14
gfc   136    3  5.90323625013899E-14 -1.63792689134376E-13
gfc   136    4 -1.58597283766756E-13 -6.15122837519000E-14
gfc   136    5  3.63767875439532E-13 -2.16179349477109E-13
gfc   136    6  2.69781550710108E-13 -2.54516270734110E-13
gfc   136    7  2.32197371582297E-13 -1.28809498117478E-14
gfc   136    8  7.49236869697890E-14 -7.10938815444004E-14
gfc   136    9  1.88321128033807E-13 -1.21709146064046E-14
gfc   136   10  1.17457590437974E-13 -2.88767068831905E-14
gfc   136   11  1.74205034584283E-13 -4.93173905790135E-14
gfc   136   12  1.85459602306979E-13  6.57327157751560E-14
gfc   136   13  2.62975943438121E-14 -5.48565380651236E-14
gfc   136   14 -3.32212340145637E-13 -1.42416694386234E-15
gfc   136   15 -9.24214969838821E-14  2.07264457690128E-13
gfc   136   16 -1.57057275808730E-13 -9.28447757340547E-14
gfc   136   17 -7.69674974602311E-14  1.98709492435744E-15
gfc   136   18  6.25659134596114E-14 -6.95033268691466E-14
gfc   136   19 -3.62283606897296E-14 -1.88126849868247E-13
gfc   136   20 -4.45929720560737E-13  1.48794236732145E-13
gfc   136   21 -1.05409953274979E-13  1.60439901535814E-13
gfc   136   22 -7.70998750202941E-14 -9.39844821701503E-14
gfc   136   23  3.70418112676232E-14 -2.73119316227478E-14
gfc   136   24  1.75343266766139E-13  8.45467324330902E-14
gfc   136   25  1.30304246599106E-13 -5.18339776799641E-15
gfc   136   26 -1.43874798902423E-13  2.57139158904496E-13
gfc   136   27  2.99570717391754E-14  6.36606987159327E-13
gfc   136   28  3.40597032075900E-13  1.01424164290031E-13
gfc   136   29  4.11208794629838E-13 -1.32936428339870E-13
gfc   136   30  1.43725247237443E-13  1.41608735281250E-13
gfc   136   31  4.85005775134877E-14  7.71092187853891E-13
gfc   136   32  3.82183447426104E-13  1.26857794747721E-13
gfc   136   33  3.64305552941413E-13 -3.40312603574305E-13
gfc   136   34  1.20134523541659E-13 -5.40534991034985E-13
gfc   136   35 -1.28327407034107E-13  3.50969193535314E-14
gfc   136   36 -1.98609818328700E-15  3.29858939421863E-13
gfc   136   37  1.84595028751972E-13  2.93810981525557E-13
gfc   136   38  1.92170963066073E-13  1.89377585759619E-15
gfc   136   39 -2.53815464064948E-14 -7.03014882300332E-14
gfc   136   40  2.07730024205487E-13  3.22560769802748E-15
gfc   136   41  2.34203684255432E-13 -1.51306810943624E-14
gfc   136   42  8.91681747696616E-14  1.07146535004265E-13
gfc   136   43 -1.45349880301114E-13  1.11921264591385E-13
gfc   136   44  5.39917688931078E-14 -7.54830308345975E-14
gfc   136   45  4.03011959663001E-14 -2.80414025319647E-13
gfc   136   46 -1.52372839490805E-14 -2.99788070242683E-13
gfc   136   47 -1.81864080320564E-13 -1.77680534215371E-14
gfc   136   48 -1.88053197170356E-13  3.41599682789791E-13
gfc   136   49 -2.00256841440942E-13  2.15901017624256E-13
gfc   136   50  9.76127332955673E-14 -8.12712232268814E-14
gfc   136   51  1.74161229316563E-13 -1.24304055414681E-13
gfc   136   52 -1.39802528693165E-13  1.97064105618796E-13
gfc   136   53 -9.06623862130503E-14  3.58859651088749E-13
gfc   136   54 -1.80049378924950E-13  1.63438897875675E-13
gfc   136   55 -1.51162458881973E-14 -1.50156884480374E-13
gfc   136   56  5.27017523839323E-14 -1.50984033847856E-13
gfc   136   57 -4.24530635350902E-14  1.58960929719573E-13
gfc   136   58 -7.61758938148672E-14  2.59714493310594E-13
gfc   136   59  3.66952415340758E-14 -1.28179468113337E-14
gfc   136   60  1.35606765033980E-13 -1.77549804436942E-13
gfc   136   61  2.30476592405771E-13 -2.24220775898113E-13
gfc   136   62 -1.93608029275947E-13  9.86964749704774E-15
gfc   136   63 -1.68255341986646E-13  1.91036289253963E-13
gfc   136   64 -2.31852354933777E-13 -6.15771803445239E-14
gfc   136   65  1.20064565283603E-13 -1.35235096630998E-13
gfc   136   66  1.89106351883393E-13 -6.84248049456344E-14
gfc   136   67  5.43635504828205E-14  2.28862405144939E-13
gfc   136   68 -2.93314328128866E-14 -6.35035502534261E-14
gfc   136   69 -2.01787148700076E-13 -2.39621430914307E-13
gfc   136   70  2.68401760230336E-13  7.36873472932029E-14
gfc   136   71  1.38030531764617E-13  1.12633671633222E-13
gfc   136   72 -1.66246299936419E-13  2.51328751615413E-13
gfc   136   73 -5.83674369495823E-14 -1.63532566476800E-13
gfc   136   74 -4.97602220823837E-14 -1.01902474995221E-13
gfc   136   75  3.09537203495611E-13 -9.87470732887923E-14
gfc   136   76 -1.39043834875068E-13  2.71607690879269E-13
gfc   136   77  9.63277010420039E-14 -7.42258723514175E-14
gfc   136   78 -1.74964297060821E-13  2.24060198598067E-14
gfc   136   79  4.22462618041576E-13  4.07656332411324E-14
gfc   136   80 -2.41372503419332E-13  2.69326029751966E-13
gfc   136   81 -1.05772193181968E-13  3.69881350474729E-17
gfc   136   82 -2.31247523714212E-13 -2.25048013783975E-13
gfc   136   83  4.11600594804140E-13  2.73001960173562E-14
gfc   136   84 -4.57347975534353E-14  2.71138377485610E-13
gfc   136   85 -1.22815091046122E-13  1.14641697044422E-13
gfc   136   86 -2.07452008845520E-13 -7.97774011445076E-14
gfc   136   87  1.15248504749555E-13 -1.18956627251989E-13
gfc   136   88 -3.47124415493672E-14  2.77795534323005E-13
gfc   136   89 -4.36366023054001E-13 -4.02422751815776E-14
gfc   136   90 -1.97613575873080E-14 -3.15739182765590E-13
gfc   136   91  2.60108312151114E-13 -7.25205732876171E-14
gfc   136   92 -3.16934055954796E-14  3.32260024032383E-13
gfc   136   93 -3.73086100980067E-13 -2.38819484637830E-13
gfc   136   94  2.46201766460055E-13 -2.30540744008317E-13
gfc   136   95 -8.34810928358072E-15  4.57645058713421E-14
gfc   136   96 -2.30987669670182E-13  5.17747157160357E-14
gfc   136   97 -1.46470408730529E-14 -4.31236123096114E-13
gfc   136   98  3.76408023716199E-13  1.40021413095784E-13
gfc   136   99 -2.03137806390378E-13  5.39944787402459E-14
gfc   136  100 -5.48889789757211E-14 -2.22649038100631E-13
gfc   136  101  1.54984814588985E-13 -4.05282083233023E-13
gfc   136  102  4.70001815489788E-13  2.25481635989936E-13
gfc   136  103 -3.71026136277267E-13  7.27084475525902E-15
gfc   136  104  5.42322339797284E-13 -3.88650047890753E-13
gfc   136  105 -9.19955200144058E-14  5.86402640628128E-13
gfc   136  106 -1.05588043159120E-13 -5.95687267316704E-13
gfc   136  107  6.67176791572225E-13  3.35500854205798E-13
gfc   136  108 -3.18634731820138E-13  2.43197525901174E-13
gfc   136  109  1.23874471457580E-13 -5.82480129971198E-14
gfc   136  110  1.38259047749098E-13  1.12151446728908E-13
gfc   136  111 -4.01519693461443E-14  2.84083814861742E-13
gfc   136  112 -6.97212379440796E-14 -4.72706384058843E-15
gfc   136  113  7.12994474797091E-16  1.51106714039116E-13
gfc   136  114 -1.44812836447384E-13 -4.97456260225855E-14
gfc   136  115  8.27610223272283E-15  1.63756401122776E-13
gfc   136  116 -1.61947467864533E-13 -5.60280445946677E-14
gfc   136  117  1.81113034575539E-14  1.15379613675372E-13
gfc   136  118 -2.32836051400566E-13 -7.23979387873532E-14
gfc   136  119  1.05558690551455E-13  5.30661960857749E-15
gfc   136  120 -2.21423537501863E-13 -1.27426692473457E-13
gfc   136  121  1.26733436271514E-13 -7.12943904229776E-14
gfc   136  122 -2.13638346803377E-13 -5.96182091885101E-14
gfc   136  123  2.35087193265691E-13 -1.04581046887841E-13
gfc   136  124 -2.05351384178053E-13  1.60044033970757E-14
gfc   136  125  2.50953178565581E-13 -1.40460400867535E-13
gfc   136  126 -1.41310269521364E-13  1.46667022485854E-13
gfc   136  127  2.73242963652180E-13 -1.98325332561108E-13
gfc   136  128 -1.13570840156359E-13  2.30836236421536E-13
gfc   136  129  8.10915177610653E-14 -1.84169725912870E-13
gfc   136  130  4.61310727329087E-14  3.06017808599372E-13
gfc   136  131 -1.62432859812454E-13 -1.48380818067860E-13
gfc   136  132  7.80780344915085E-14  2.18330175739837E-13
gfc   136  133 -4.40531410910835E-13 -6.74238057154170E-14
gfc   136  134  5.93351488434627E-14 -2.87580288932512E-13
gfc   136  135  1.46133089572875E-13 -1.31991648205004E-13
gfc   136  136  1.10124403316841E-13  1.05191275873017E-13
gfc   137    0 -3.19789845694898E-14  0.00000000000000E+00
gfc   137    1 -3.97907156934135E-13 -9.75884912458041E-14
gfc   137    2 -1.68149624674195E-13 -1.86677011729217E-14
gfc   137    3 -4.13005165276290E-13 -2.60934048436703E-13
gfc   137    4 -1.53072838617712E-13 -1.17040024842285E-13
gfc   137    5 -3.76248771347216E-14 -3.07064674699090E-13
gfc   137    6 -5.65193343900843E-15 -1.72340534133998E-13
gfc   137    7 -4.55997083531023E-14 -3.52983087431079E-13
gfc   137    8 -5.83220455560855E-14 -2.38646420153571E-13
gfc   137    9  1.46366985791928E-13 -9.68144094356206E-14
gfc   137   10  1.47077735597865E-13 -1.37941187016624E-13
gfc   137   11  1.92843414382534E-13 -1.77025115824026E-14
gfc   137   12 -6.20881513005624E-15  2.66865770572462E-13
gfc   137   13  1.03536012947795E-13 -2.27921854896050E-13
gfc   137   14 -3.03810029181941E-13  1.26068434932425E-13
gfc   137   15  2.64203646636911E-14  1.52714852677126E-13
gfc   137   16  7.62932181323481E-15 -1.41675030491367E-13
gfc   137   17  8.62233893973905E-16  1.21626322057320E-13
gfc   137   18  7.39806032711667E-14  1.29790908081135E-13
gfc   137   19 -1.21473084075425E-13 -1.77550166315671E-13
gfc   137   20 -4.57249316280289E-13  2.07916197010459E-13
gfc   137   21 -4.47999804415210E-14  8.27072521385344E-14
gfc   137   22  2.52950593641026E-15  3.95597874732507E-14
gfc   137   23 -3.50189737178918E-14  3.64823009619707E-14
gfc   137   24 -1.03764283962271E-14  2.34996774374173E-13
gfc   137   25  1.56227754180073E-13  2.17530141414450E-13
gfc   137   26 -3.33770372482941E-13  2.29451053616545E-13
gfc   137   27  1.08386879477664E-13  2.20362564121273E-13
gfc   137   28  4.70353061107901E-13  3.27717188542455E-13
gfc   137   29  4.58102838884112E-13  2.65429875355778E-14
gfc   137   30 -2.45545178158412E-13  2.09853698547353E-13
gfc   137   31  2.95362527510421E-13  4.72460969572983E-13
gfc   137   32  4.43265339732465E-13  2.92854172707534E-13
gfc   137   33  2.23916964709902E-13 -2.32508630980670E-13
gfc   137   34 -1.15361749651820E-13 -4.92871199045805E-13
gfc   137   35 -1.99942094799025E-13 -1.51340137134568E-13
gfc   137   36 -1.03228259082411E-14  3.21855152367945E-13
gfc   137   37  1.56324183369125E-13  2.79857215208499E-13
gfc   137   38 -4.51149271520602E-14 -1.30607325002719E-13
gfc   137   39  1.37421150135158E-14 -1.13449627596551E-13
gfc   137   40  1.35870856801501E-13  1.61091029630133E-14
gfc   137   41  2.63893893181061E-13  4.03243642979344E-14
gfc   137   42 -4.10863836815816E-14 -9.08359500054606E-14
gfc   137   43 -2.54864581439803E-13 -4.32013809049857E-14
gfc   137   44 -8.76254278485549E-14 -5.44000517616893E-14
gfc   137   45  1.55235327306202E-13 -1.98567403186193E-13
gfc   137   46  3.54747977377594E-14 -2.37528122930514E-13
gfc   137   47 -3.56912898471626E-13  7.27943876318168E-14
gfc   137   48 -4.38496909627547E-13  1.27954042497549E-13
gfc   137   49 -8.20741115022200E-14  9.17076549740425E-14
gfc   137   50  7.80871737245281E-14 -1.46625337001178E-13
gfc   137   51  1.96384146072233E-13 -8.66337270068609E-14
gfc   137   52 -1.15716713892892E-13  7.62203189343436E-14
gfc   137   53 -2.35008467002289E-13  2.13188910737586E-13
gfc   137   54  1.32281506664244E-14  1.65096074837187E-14
gfc   137   55  2.18765939182441E-13 -7.14642500414301E-14
gfc   137   56  1.11889980467079E-13 -4.81352299366250E-15
gfc   137   57 -7.08834961857944E-14  1.67341371302658E-13
gfc   137   58 -1.62610134080523E-13  1.09470293681335E-13
gfc   137   59  6.18866043447414E-14 -1.28140620590718E-13
gfc   137   60  2.20461550235416E-13 -1.89711721822080E-13
gfc   137   61  2.04351557379940E-13 -1.72527883469190E-13
gfc   137   62 -1.62732859478861E-13  2.09691965880404E-14
gfc   137   63 -1.44239814804985E-13 -5.54219206104459E-15
gfc   137   64 -3.39882936609712E-14 -4.40094718960220E-14
gfc   137   65  1.68785818366752E-13  3.10076809764818E-14
gfc   137   66  1.60991831954645E-13  1.87406317618926E-13
gfc   137   67 -8.91528796343437E-14  1.98790374577751E-13
gfc   137   68 -7.06869572151771E-14 -1.72305726595307E-13
gfc   137   69 -1.16729829149519E-13 -2.34266513290091E-13
gfc   137   70  2.84105437476587E-13  1.98913791947438E-13
gfc   137   71  1.78991519877374E-14  1.02015339724879E-13
gfc   137   72 -5.91884662152720E-14  1.63553586110693E-13
gfc   137   73 -5.72550783162902E-14 -3.19886923032960E-13
gfc   137   74  2.52043029882599E-13  1.52319032040627E-13
gfc   137   75 -1.17338931254629E-13  1.10584312982008E-15
gfc   137   76 -7.21869239881864E-14  3.11124093700014E-13
gfc   137   77 -2.52206594785168E-13 -3.33868654133102E-13
gfc   137   78  1.68077602703645E-13  1.60938778996294E-14
gfc   137   79  2.06012747093666E-13 -2.46665321709256E-14
gfc   137   80 -7.87443994682330E-14  3.13822075758792E-13
gfc   137   81 -2.14609648704458E-13 -1.83020786429143E-13
gfc   137   82  2.93948668783418E-14 -1.69115220608004E-14
gfc   137   83  1.35110329762112E-13  9.41575666728166E-14
gfc   137   84 -1.75722825163582E-13  2.22077268015498E-13
gfc   137   85 -2.55176503224836E-13 -2.41073636745722E-13
gfc   137   86  2.21340546776524E-13 -2.84752931655905E-13
gfc   137   87  1.12354805359919E-13  1.65657671703769E-13
gfc   137   88 -2.22627244669040E-13  8.05612128772967E-14
gfc   137   89 -1.90551199636843E-13 -1.71818242064172E-13
gfc   137   90  1.69234282474233E-13 -1.23102766889987E-13
gfc   137   91  3.60965230784106E-14  1.72351064202120E-14
gfc   137   92 -7.73213316075005E-16 -2.47567091403228E-14
gfc   137   93 -7.61099990466975E-14 -3.65398645429700E-13
gfc   137   94  5.13859630052865E-13  6.93316983560039E-14
gfc   137   95 -1.50261132133028E-13  1.95714205967333E-13
gfc   137   96  2.41263500958671E-14  2.75494511959318E-14
gfc   137   97 -1.30537840313516E-13 -3.14399352435652E-13
gfc   137   98  5.59264552395067E-13  1.30434471476674E-13
gfc   137   99 -2.46068063440911E-13  2.18194390340890E-13
gfc   137  100  2.50740604774191E-13 -1.66491458943446E-13
gfc   137  101  8.91068050598445E-14  1.42373336658663E-13
gfc   137  102  9.10685328054628E-14  2.23054210436628E-13
gfc   137  103 -2.81556750345724E-13 -1.05744894520260E-13
gfc   137  104  4.97849196034232E-13 -8.61408081168003E-14
gfc   137  105 -1.51656279567731E-13  5.76317342811541E-13
gfc   137  106 -1.92595914777433E-13 -2.65463046895632E-13
gfc   137  107  2.32931690728131E-13  2.94626111434692E-13
gfc   137  108 -3.85675940175144E-13  3.08781367088498E-14
gfc   137  109  3.41647067477428E-13  5.06198181305072E-16
gfc   137  110 -3.19663997696962E-13  3.40126393598872E-13
gfc   137  111 -1.17615238430790E-13 -2.18315959201549E-13
gfc   137  112 -6.42524543565817E-14  7.84762763991770E-14
gfc   137  113 -3.09002169079400E-14 -3.77447739104113E-14
gfc   137  114 -2.63331764143918E-13  1.41082256442767E-14
gfc   137  115  6.57271540157919E-14 -1.16386835983935E-13
gfc   137  116 -1.61076234825171E-13 -2.18208194479360E-14
gfc   137  117  6.93411764144118E-14 -1.88180527431167E-13
gfc   137  118 -1.27075462662735E-13  2.65968154163382E-14
gfc   137  119  1.08377706148394E-13 -1.98935626433783E-13
gfc   137  120 -2.95963396999871E-14  5.84369116652112E-14
gfc   137  121  8.90539160044604E-14 -2.23545778779928E-13
gfc   137  122  4.01219422561933E-14  8.36256885470542E-14
gfc   137  123  1.00077237126584E-13 -2.17005547990135E-13
gfc   137  124  6.54002196394544E-14  2.18433048832319E-13
gfc   137  125  4.31342229709932E-14 -2.10727202651086E-13
gfc   137  126  1.21826764658710E-13  2.60576498014239E-13
gfc   137  127 -9.44933514927439E-14 -1.47100289094464E-13
gfc   137  128  1.61512532677082E-13  2.43516604113091E-13
gfc   137  129 -2.48180941904066E-13 -5.20737479886692E-14
gfc   137  130  1.76906022908955E-13  1.21159286576564E-13
gfc   137  131 -2.77356949415798E-13  1.31621974599431E-14
gfc   137  132  7.99551485024767E-14 -1.14163269241416E-13
gfc   137  133 -2.01126604040832E-13  6.71780021407638E-14
gfc   137  134  4.63329590141445E-14 -3.71047234700652E-13
gfc   137  135  2.49691983017788E-13  4.92258243477788E-14
gfc   137  136  1.10882956102210E-13  1.48376822101843E-13
gfc   137  137 -9.95202098777619E-14  9.16972735635492E-14
gfc   138    0  6.72512850055240E-14  0.00000000000000E+00
gfc   138    1 -5.06758859152029E-14  3.72597790933079E-13
gfc   138    2  6.54681728315648E-14  1.98500746453549E-13
gfc   138    3  1.15015232658589E-13  1.40590835715694E-13
gfc   138    4  1.56495887564258E-13  2.62099660354634E-13
gfc   138    5  1.11086380366750E-14 -6.24585391381164E-14
gfc   138    6  1.58396246140431E-13  5.43930554224150E-14
gfc   138    7  8.13481331019010E-14 -1.79364577020991E-13
gfc   138    8  1.55588302169934E-13 -5.28292311619730E-14
gfc   138    9  3.07716599742129E-13  9.58561222081285E-14
gfc   138   10  5.05322196887305E-13  4.92688745948508E-14
gfc   138   11  1.03821810303699E-14  1.38025482291841E-13
gfc   138   12  1.63476449427406E-13  3.22610092779473E-13
gfc   138   13 -6.13097022237222E-14 -3.14253352861163E-14
gfc   138   14 -2.42529317475387E-13  1.60920598227368E-13
gfc   138   15  1.40052487302209E-13  2.59409071842016E-13
gfc   138   16  1.63157840677766E-13  1.39168878126842E-13
gfc   138   17 -2.00595409757346E-13  2.72678244843721E-13
gfc   138   18  5.99374534605770E-14  2.10935082046878E-13
gfc   138   19 -3.11273168144410E-13 -7.22958636867696E-15
gfc   138   20 -2.42147782029813E-13  2.15083186951864E-13
gfc   138   21 -7.22309778216551E-14  2.35503589633861E-13
gfc   138   22  1.75164446797044E-13  2.00667353259484E-13
gfc   138   23 -1.76472720970634E-14  8.86960970669944E-14
gfc   138   24 -1.24382927326498E-13  4.40316950056703E-13
gfc   138   25 -1.87117290976786E-13  2.45940022190969E-13
gfc   138   26  5.28727311125757E-14  1.55205767506787E-13
gfc   138   27 -3.11871551348905E-14  2.64702892827936E-13
gfc   138   28  3.93852397882334E-13  2.21203369285465E-13
gfc   138   29  3.25130807437053E-13 -9.44605947707416E-14
gfc   138   30 -4.26593785592674E-14  3.09798262987696E-13
gfc   138   31 -1.43186160655078E-13  4.04480920841082E-13
gfc   138   32  2.22483671147679E-13 -7.90458527016917E-14
gfc   138   33  4.61010980558225E-13 -5.71540969462812E-13
gfc   138   34  5.39532316530787E-14 -4.22276804755528E-13
gfc   138   35 -2.97402520241941E-13  5.82909852491046E-14
gfc   138   36 -3.26372332023699E-13  2.93880226134613E-13
gfc   138   37  9.51753272299826E-14 -9.18900329322852E-14
gfc   138   38  8.86782532884388E-14 -2.60564091060651E-13
gfc   138   39  1.20591534903026E-13 -1.40937857490899E-13
gfc   138   40  5.91363694824679E-14  1.12836245270267E-13
gfc   138   41  1.85847155470298E-13  1.17340221477010E-14
gfc   138   42 -8.99246039324173E-14 -2.12124967864181E-13
gfc   138   43 -2.20357822947832E-13 -2.59477066008102E-13
gfc   138   44  6.75333414298752E-14 -1.65950502220805E-13
gfc   138   45  1.94617664563871E-13 -1.01605036930600E-13
gfc   138   46  6.88759116528569E-14 -1.66661368038699E-13
gfc   138   47 -3.18317843671103E-13 -1.64956307885507E-13
gfc   138   48 -3.04820796551493E-13 -3.15610715208002E-14
gfc   138   49 -1.33917126705194E-13  1.83670033782255E-13
gfc   138   50  4.14196391756680E-13 -4.09063367564769E-15
gfc   138   51  1.25986233287531E-13  2.80944815389872E-14
gfc   138   52 -2.18424339143886E-13  2.28926000784542E-14
gfc   138   53 -2.03295996663771E-13  7.21403017582646E-14
gfc   138   54  1.24563995867701E-13 -7.23217892151714E-14
gfc   138   55  3.11374980916656E-13  4.22225831954749E-14
gfc   138   56  1.45256334271088E-13 -2.16695545420681E-14
gfc   138   57 -8.77038564396431E-14  1.78770854186548E-13
gfc   138   58 -4.99971346929637E-14 -5.84136362892526E-14
gfc   138   59  2.29186787508707E-13  3.74696761248063E-14
gfc   138   60  2.75477300404816E-13 -1.08609868838025E-13
gfc   138   61  2.70536911287573E-14  5.64764496215133E-14
gfc   138   62 -2.20733566322228E-13 -6.20849770819533E-14
gfc   138   63 -2.00135658452839E-13 -2.94561859475094E-15
gfc   138   64  9.83576106591966E-14 -7.38233499599714E-14
gfc   138   65  1.52512793690385E-13  1.96073768254564E-13
gfc   138   66  7.18551965739209E-14  1.83891297945223E-13
gfc   138   67 -9.41181016834258E-14  1.96337865851820E-13
gfc   138   68  8.53296323707112E-15 -2.52561487289884E-13
gfc   138   69 -2.05823336869163E-14  3.46232237276569E-14
gfc   138   70  1.43096254270375E-13  1.80897428448915E-13
gfc   138   71 -1.85187714709006E-13  2.03734102840179E-13
gfc   138   72 -8.09053380527302E-14 -1.82022482523797E-13
gfc   138   73 -5.08237774762888E-14 -1.21135569015236E-13
gfc   138   74  2.50646121242228E-13 -6.40545556625318E-14
gfc   138   75 -1.64767551482890E-13  1.44837616388861E-13
gfc   138   76 -3.12332174830787E-14  3.54022478796505E-14
gfc   138   77 -1.26182706521363E-13 -1.82783367559214E-13
gfc   138   78  2.09191193711849E-13  7.96528027323889E-14
gfc   138   79 -8.20087363135491E-14  5.73723098479110E-14
gfc   138   80 -1.09899044596877E-13  3.00151655420037E-14
gfc   138   81 -1.33846675758272E-13 -2.88060840388704E-13
gfc   138   82  3.39791820905472E-13 -7.04971462484188E-14
gfc   138   83  1.14436216947091E-13  2.67690420145583E-13
gfc   138   84 -1.16381073317904E-13  8.83063052464140E-14
gfc   138   85 -1.49072433780765E-13 -1.42902878630409E-13
gfc   138   86  2.41719450571114E-13 -1.87696865103192E-13
gfc   138   87 -6.66312718221055E-14  1.71141487622683E-13
gfc   138   88  1.93615409784211E-14 -8.45072242348572E-14
gfc   138   89 -1.85398202614547E-13  5.43518133101399E-14
gfc   138   90  3.28740168872608E-13 -2.70547237580089E-13
gfc   138   91  7.39672643825227E-14  3.69343436663391E-13
gfc   138   92 -6.19450181378509E-14 -6.05869970284614E-14
gfc   138   93 -1.97987951222049E-13 -1.03487481346747E-13
gfc   138   94  4.29437914459381E-13 -9.69233024159088E-14
gfc   138   95 -1.76544931749360E-13  3.88803978431874E-13
gfc   138   96  2.07636626239199E-15 -1.80155066071503E-13
gfc   138   97  1.09708231644025E-13  2.24710257813213E-14
gfc   138   98  2.67536476658141E-13  2.69590186224783E-13
gfc   138   99 -5.35295969312056E-13  1.70149076719598E-13
gfc   138  100  2.53331775853459E-13 -3.35789795449815E-13
gfc   138  101  5.58269661086570E-14  3.46096387579576E-13
gfc   138  102  3.57233351537215E-14  7.56735595743523E-14
gfc   138  103 -3.81564177921004E-13  1.16306019338895E-13
gfc   138  104  1.58942561933193E-13 -2.12066480058592E-13
gfc   138  105 -2.44409423613082E-13  4.33740023094170E-13
gfc   138  106 -2.15405968729521E-13 -4.52557393577023E-13
gfc   138  107  3.47244959476717E-13  2.30429954815661E-13
gfc   138  108 -5.68602317986156E-13  1.70096058322406E-13
gfc   138  109  1.36457835651474E-15 -4.32417787383720E-13
gfc   138  110  4.97841126950438E-14  1.32636715841061E-13
gfc   138  111 -1.15746107101459E-13 -1.62653742522603E-13
gfc   138  112 -4.34163477519838E-14  1.62761897589512E-14
gfc   138  113 -3.39771486089048E-14 -2.62969214212938E-13
gfc   138  114  8.96527575437028E-14  2.07730468798487E-14
gfc   138  115  7.12785607057318E-15 -1.33486871947112E-13
gfc   138  116  9.01580998592558E-14  1.68763414476262E-14
gfc   138  117 -2.59114174501306E-14 -1.75656413820952E-13
gfc   138  118  1.53608554537593E-13  5.21596867086851E-14
gfc   138  119 -1.24309550313713E-14 -1.17912218182072E-13
gfc   138  120  2.01499080536081E-13  1.11433832575414E-13
gfc   138  121 -4.44945414207845E-14 -3.58769055759540E-14
gfc   138  122  1.89306052033951E-13  1.09495070790453E-13
gfc   138  123 -1.47670530082306E-13 -1.78236649201916E-14
gfc   138  124  2.07164934193394E-13  1.35403185429742E-13
gfc   138  125 -2.09759456177249E-13  4.99710163184579E-14
gfc   138  126  1.97536523460374E-13  1.45774957254552E-14
gfc   138  127 -2.71465916875212E-13  1.08268801189875E-13
gfc   138  128  1.67859711385600E-13 -6.30939627380039E-14
gfc   138  129 -2.16447798253447E-13  1.25937704236242E-13
gfc   138  130  8.19575902962289E-14 -1.95102709106180E-13
gfc   138  131 -1.30284443327051E-13  1.38640995028311E-13
gfc   138  132  2.50326093511918E-14 -3.00577045687359E-13
gfc   138  133  6.90540055231088E-14  1.11164779137235E-13
gfc   138  134 -5.98517570364320E-14 -2.26599581545736E-13
gfc   138  135  3.23607574416725E-13  1.02214926685061E-13
gfc   138  136 -8.52257525974483E-14  2.26333308173029E-13
gfc   138  137 -1.55579435425372E-13  7.38062316758960E-14
gfc   138  138 -6.02717836693392E-14 -1.28724342458419E-13
gfc   139    0  1.51503177044442E-13  0.00000000000000E+00
gfc   139    1 -9.91566199266578E-14 -7.07543719494542E-14
gfc   139    2  6.87962497210470E-15 -7.23333468011990E-14
gfc   139    3 -2.24480520965970E-13  2.38884711439405E-13
gfc   139    4 -1.03689537829051E-13 -1.52214106027743E-13
gfc   139    5 -3.76167045878390E-13 -4.73443377491577E-14
gfc   139    6 -1.62672917347932E-13 -2.58942443602391E-13
gfc   139    7 -1.85434703210854E-13 -3.60003259479896E-13
gfc   139    8  4.27800607017563E-14 -2.85588780499054E-13
gfc   139    9  1.43553151052379E-13  8.99917214951852E-14
gfc   139   10  2.32485027978359E-13 -8.01767813184441E-14
gfc   139   11 -1.07872602708715E-13  9.47015794358492E-14
gfc   139   12 -1.22456740179652E-13  2.25238442504481E-13
gfc   139   13 -1.20401218772567E-13 -1.33807169181235E-13
gfc   139   14 -1.45851898767498E-13  8.73714769290701E-14
gfc   139   15  5.86128018955924E-14  2.62704355341230E-13
gfc   139   16  7.23514116835311E-14 -2.01492111194719E-14
gfc   139   17 -2.10154454768196E-13  2.10679267148727E-13
gfc   139   18 -1.33062565443388E-13  2.72594180891949E-14
gfc   139   19 -2.97973436806349E-13 -5.28728289347772E-14
gfc   139   20 -2.76837309009173E-13 -4.08581841748861E-14
gfc   139   21 -1.29234444581554E-13  1.61634039673119E-13
gfc   139   22  2.23253741694038E-13  1.16047661552880E-13
gfc   139   23 -1.15443956109138E-13  1.36641143542039E-14
gfc   139   24 -1.70568377601298E-13  1.35306171137063E-13
gfc   139   25  9.18625435544134E-15  2.22136265797623E-13
gfc   139   26  1.27318943484203E-13  4.43230895765363E-14
gfc   139   27  1.31108830562073E-14  3.37992882873560E-14
gfc   139   28  5.07914925218176E-13  3.14772597266049E-13
gfc   139   29  1.80766599231049E-13  4.37045793078429E-14
gfc   139   30 -1.81338536499602E-13 -7.13507713231169E-15
gfc   139   31  1.29509576246993E-13 -7.02178509507523E-15
gfc   139   32  5.63565611641580E-13  3.55831728613676E-14
gfc   139   33  3.13902374582286E-13 -3.03690159784191E-13
gfc   139   34 -8.65177502120667E-14 -4.40511922951024E-13
gfc   139   35 -3.98719770690834E-13 -2.75374086600399E-13
gfc   139   36  3.76521965655597E-15  7.97819512514989E-15
gfc   139   37  1.78408194816565E-13  2.81752646701281E-16
gfc   139   38  2.66631605656104E-13 -1.76561485271921E-13
gfc   139   39  1.34596061236380E-13 -2.29705735999339E-14
gfc   139   40  1.68497789928526E-13  1.44098223057584E-13
gfc   139   41  1.37562612408156E-13 -8.74156349298688E-14
gfc   139   42  3.11111632234044E-14 -2.41550938709032E-13
gfc   139   43 -1.17306737790234E-13 -2.62106940482648E-13
gfc   139   44  7.80313796530140E-14  9.71595173984920E-14
gfc   139   45  2.39488231273660E-13 -6.64718439320475E-14
gfc   139   46  9.73957869907275E-14 -1.71119986461393E-13
gfc   139   47 -3.41525261274998E-13 -2.57196557944634E-13
gfc   139   48 -2.48057690094928E-13 -4.12097348721584E-14
gfc   139   49  1.58651700867415E-13  1.93915093203698E-13
gfc   139   50  3.57060695419125E-13  1.86001360511491E-13
gfc   139   51  9.02001961913212E-14  3.58462254919389E-14
gfc   139   52 -1.62902847895496E-13 -2.46195655988148E-14
gfc   139   53 -1.83482369508320E-13  9.35363411236978E-14
gfc   139   54  2.01528613391938E-13  1.50090764953476E-13
gfc   139   55  2.69142350688682E-13  1.57081137890417E-13
gfc   139   56 -9.28759156760305E-14  3.14372150735780E-14
gfc   139   57 -1.32530832181786E-13  4.67458958170827E-14
gfc   139   58 -5.20099724860139E-14 -8.84541015456398E-14
gfc   139   59  2.78269917125742E-13  7.47571824530035E-14
gfc   139   60  2.31447469199384E-13  1.91662047599035E-14
gfc   139   61 -7.24710805320063E-14  2.68518444861655E-14
gfc   139   62 -2.29185833921805E-13 -1.10172784782237E-13
gfc   139   63 -1.33754941528284E-13  4.46668269826338E-14
gfc   139   64  7.98091713562376E-14  7.78569333861526E-14
gfc   139   65 -1.14737989379956E-14  2.80222388115704E-13
gfc   139   66 -1.09075473992383E-13  1.34847581141959E-13
gfc   139   67 -6.48939018731013E-14 -4.36191616698753E-14
gfc   139   68  5.25823273010881E-14 -2.60313540931837E-13
gfc   139   69  7.54756344509144E-14  4.05073486039969E-14
gfc   139   70 -1.00238038792548E-14  2.08816333525312E-13
gfc   139   71 -1.63311614162648E-13  8.93211760822252E-15
gfc   139   72 -7.55866766837873E-14 -2.11485757044601E-13
gfc   139   73  6.43972887660401E-14  6.38477469025975E-14
gfc   139   74  5.35183163429005E-14 -1.66617430562847E-14
gfc   139   75 -2.08308841401451E-13  1.21879785266590E-13
gfc   139   76 -3.45636707124671E-14 -2.91438970322383E-13
gfc   139   77  1.04680892222625E-13 -5.53358062799841E-14
gfc   139   78  1.99950330791353E-13  4.30172712775817E-16
gfc   139   79 -5.86865698719313E-16  2.86654819578586E-13
gfc   139   80 -2.17204026774615E-13 -9.61878209222294E-14
gfc   139   81  4.98620894627761E-14 -1.09203574703953E-13
gfc   139   82  1.29652768251742E-13 -2.19798007331558E-14
gfc   139   83  1.19635471237012E-13  2.41460170494061E-13
gfc   139   84 -2.31319715579174E-13 -1.83028301619710E-13
gfc   139   85  1.70704841715089E-13 -1.07500850538221E-13
gfc   139   86  1.06277771923722E-13 -4.26813818385323E-14
gfc   139   87  5.41409510781872E-14  4.46715915107535E-13
gfc   139   88 -4.04828626207713E-13 -1.66365094620873E-13
gfc   139   89  2.04796769072609E-13 -6.72412668963023E-14
gfc   139   90  1.58595552959337E-13 -1.60642206459756E-14
gfc   139   91 -8.03366589242430E-14  2.91495648779906E-13
gfc   139   92 -1.47006952581124E-13 -2.67148633468215E-13
gfc   139   93  1.57237190077563E-13  1.31811971755838E-13
gfc   139   94  9.88305908409891E-14  1.37830775205915E-13
gfc   139   95 -3.53974825210414E-13  2.90456415019926E-13
gfc   139   96 -1.08711109880472E-13 -4.07861396039123E-13
gfc   139   97  1.51873508336812E-13  1.70084318759227E-13
gfc   139   98  2.27387186231551E-14  7.08293650484718E-16
gfc   139   99 -2.73601125575070E-13  2.05531669139128E-13
gfc   139  100  8.99047842900748E-15 -4.20900623167860E-13
gfc   139  101  4.82485585426314E-14  3.39257590759444E-13
gfc   139  102 -2.76356499212570E-13 -1.86070090806247E-13
gfc   139  103 -2.65146554744611E-15 -1.34400145311079E-13
gfc   139  104  2.23310091496600E-13 -1.01082929287540E-13
gfc   139  105 -2.81107477438093E-13  3.64292812010348E-13
gfc   139  106 -1.17631447541674E-13 -5.78203246898332E-13
gfc   139  107  3.36396124352983E-13  2.13047584675700E-13
gfc   139  108 -3.73920598812674E-13 -1.79345258403663E-13
gfc   139  109  3.73758783155272E-13 -2.33251699577464E-13
gfc   139  110 -9.94335441732423E-14  2.82956750588734E-13
gfc   139  111 -1.71699620090109E-13 -3.94340174101885E-13
gfc   139  112  4.33562524787939E-13  6.31581152549343E-15
gfc   139  113 -1.09353828714746E-13  5.77350012334009E-14
gfc   139  114  1.73071138821746E-13 -7.12337336959419E-14
gfc   139  115  4.82158535483982E-15  6.29108476739081E-14
gfc   139  116  2.42401540353597E-13  2.56184545905673E-14
gfc   139  117 -8.99462452681554E-14  6.90731409133318E-14
gfc   139  118  1.44768200847319E-13 -5.43168145010939E-15
gfc   139  119 -4.78554926853214E-14  1.33382746479581E-13
gfc   139  120  1.07097289349305E-13 -3.11692647599604E-14
gfc   139  121 -1.13482467291911E-13  1.63881735986416E-13
gfc   139  122  6.84323704530084E-14 -1.51385700449155E-14
gfc   139  123 -1.20424608010738E-13  2.02565661915441E-13
gfc   139  124  6.25849882799501E-15 -1.30836611191861E-13
gfc   139  125 -1.17102165148842E-13  2.04503536187149E-13
gfc   139  126 -4.16651342507561E-14 -1.83463908943658E-13
gfc   139  127 -5.19757788877927E-14  1.39217578705080E-13
gfc   139  128 -1.24301018961745E-13 -3.01601799313232E-13
gfc   139  129  4.01480317566620E-14  1.63994871831400E-13
gfc   139  130 -7.26438995205138E-14 -2.23221125590006E-13
gfc   139  131  1.83393440482021E-13  9.18291289712909E-14
gfc   139  132 -1.66732939827897E-13 -1.42224263374568E-13
gfc   139  133  3.00968310626965E-13  3.33928947332463E-14
gfc   139  134 -1.08215180885548E-13  8.22835931620349E-14
gfc   139  135  2.17470454203183E-13 -3.95378258899261E-14
gfc   139  136 -1.14265920887432E-13  3.22561125046363E-13
gfc   139  137 -2.42882930911353E-13 -5.41261799463133E-14
gfc   139  138 -9.09672377730368E-14 -1.34744177621487E-13
gfc   139  139  1.32369495047638E-13 -7.03744712614896E-14
gfc   140    0 -7.29125726925113E-14  0.00000000000000E+00
gfc   140    1  1.59905830423479E-13  2.00254660189344E-13
gfc   140    2 -1.73622431580051E-13  3.43252348179724E-13
gfc   140    3  5.57288703594980E-14  3.97125595635116E-13
gfc   140    4 -1.52316170134780E-13  2.17033467307485E-13
gfc   140    5 -2.75461821290871E-13  8.11122544954792E-14
gfc   140    6 -1.29897403100137E-13 -3.65843431116794E-14
gfc   140    7  2.09593924349726E-14 -2.13654942576990E-13
gfc   140    8 -3.09496963021617E-14 -6.30428279978564E-14
gfc   140    9  1.80685592924973E-13  6.48903552649460E-14
gfc   140   10  2.49037504108030E-13 -9.64956614782799E-14
gfc   140   11 -6.23869483500099E-14  6.54744321367491E-14
gfc   140   12 -3.40674255144700E-15 -3.22986772597836E-14
gfc   140   13  1.88215131482787E-13  2.91009142892749E-14
gfc   140   14 -5.11001097009708E-14  5.05226722428436E-14
gfc   140   15  2.26153380628662E-13  2.26924237634547E-13
gfc   140   16  1.40921777650270E-13  1.00859531064308E-13
gfc   140   17 -2.00200065894837E-13  9.52369735801485E-14
gfc   140   18 -1.14081541096107E-13  2.52098692550588E-14
gfc   140   19 -5.08747441820637E-14  1.08066631767561E-13
gfc   140   20 -4.00361616747500E-14 -5.81659616472051E-14
gfc   140   21 -9.47756227899830E-15  4.09961267939117E-13
gfc   140   22  1.09090142190904E-13  2.32854733841345E-13
gfc   140   23  3.84825936918623E-14  3.96098857370805E-14
gfc   140   24 -1.71538022451353E-13  1.03088055604886E-13
gfc   140   25  1.01131264256453E-13  2.34124643097736E-13
gfc   140   26  3.74108539286957E-13 -1.60502041735242E-13
gfc   140   27  1.99079431766741E-13  2.86032052345003E-13
gfc   140   28  2.47363964921398E-13  1.66540304544765E-13
gfc   140   29  3.03915472143239E-13  1.17389682072370E-13
gfc   140   30  1.54754314861653E-13 -1.54579971990478E-14
gfc   140   31  6.07266204530391E-14  1.86238615515353E-13
gfc   140   32  2.91310386871264E-13 -1.17226912041682E-13
gfc   140   33  5.11292752922347E-13 -2.48205785579027E-13
gfc   140   34  4.88156192363650E-14 -3.43335110735034E-13
gfc   140   35 -3.36545324866841E-13  4.81639702330659E-14
gfc   140   36 -2.79421689489124E-13 -4.93798455912247E-14
gfc   140   37  1.55194266971199E-13 -3.70059881616692E-14
gfc   140   38  3.32032368660482E-13 -1.20061298406809E-13
gfc   140   39  1.26830656555845E-13  1.35322011859567E-13
gfc   140   40  6.29899412077794E-14  1.72105584326166E-13
gfc   140   41  1.33944867170885E-13 -6.74767561094906E-14
gfc   140   42  8.64702485193674E-14 -3.17099553961895E-13
gfc   140   43 -4.08260154849065E-14 -1.39659562153556E-13
gfc   140   44  1.01675663122799E-13  1.26595850924253E-13
gfc   140   45  8.42913800476573E-14  1.21643211197245E-13
gfc   140   46  4.37218326395974E-14 -1.77748382809566E-13
gfc   140   47 -3.47223758958112E-13 -3.26796699364691E-13
gfc   140   48 -2.13003517829278E-13  1.06222174061682E-14
gfc   140   49 -1.04339421858625E-13  4.23751126428739E-13
gfc   140   50  2.64397986827817E-13  2.25843852779907E-13
gfc   140   51  2.08567002723832E-14 -3.10655180487614E-14
gfc   140   52 -1.92090122464777E-13 -1.83074346573563E-13
gfc   140   53 -3.60609441412572E-14  5.12679133794618E-14
gfc   140   54  1.60531452452934E-13  1.89244578679287E-13
gfc   140   55  1.12323907734292E-13  2.60726877455635E-13
gfc   140   56 -1.29478271213664E-13 -7.49130873372127E-15
gfc   140   57 -7.60732040948265E-14 -7.31850482046327E-14
gfc   140   58 -8.04036032824958E-14 -4.11899887360967E-14
gfc   140   59  2.08105991962354E-13  1.70150908914196E-13
gfc   140   60  9.62396199282962E-16  2.52466528871967E-14
gfc   140   61 -1.05945253215004E-13 -4.63691965021276E-14
gfc   140   62 -2.33693938116403E-13 -2.96702045737970E-13
gfc   140   63 -1.06737678171397E-14 -7.65876317393062E-15
gfc   140   64  7.70310898839362E-15  9.45571182253136E-14
gfc   140   65 -7.06071064481714E-14  2.63506150925795E-13
gfc   140   66 -5.63350291769569E-14  6.33629948071023E-14
gfc   140   67  6.55523669412368E-14 -1.78777253751975E-13
gfc   140   68  7.70827073427923E-14 -1.46188001929807E-13
gfc   140   69 -1.19147460602611E-14 -5.89031034508537E-15
gfc   140   70 -1.65024306849715E-13  1.38470529642264E-13
gfc   140   71 -5.35722386339074E-14 -2.29282475984142E-13
gfc   140   72 -3.32943490464481E-14 -1.45204615795988E-13
gfc   140   73  2.64641723362546E-13  8.63769610455999E-14
gfc   140   74 -1.09853281201261E-13  1.00356134193855E-13
gfc   140   75 -3.82642199137795E-14 -4.30618279722377E-16
gfc   140   76  1.61585922904409E-15 -1.17839705340773E-13
gfc   140   77  1.61963008500056E-13 -4.33254512691799E-14
gfc   140   78  1.89411874019957E-14  1.63112107262975E-13
gfc   140   79 -1.04567571466857E-13 -2.82709242524459E-15
gfc   140   80 -3.73204197235737E-14 -6.26780401827615E-14
gfc   140   81  1.95316246150144E-13 -1.03834897258350E-13
gfc   140   82  5.87585698979423E-14  2.64121372902977E-13
gfc   140   83 -1.34213369412069E-14  8.87087887732739E-14
gfc   140   84 -3.24619494040898E-13 -1.23527405344265E-13
gfc   140   85  2.41335234155024E-13 -1.80595192205892E-13
gfc   140   86 -8.31977123865228E-14  1.52713337559754E-13
gfc   140   87  5.33470101363446E-14  9.54202864535815E-14
gfc   140   88 -2.33908976977247E-13 -1.14090204322999E-13
gfc   140   89  2.83558954827517E-13  8.04337691844870E-14
gfc   140   90 -1.99435404605898E-13  1.04681817488258E-14
gfc   140   91  8.53074661280776E-14  8.23753331265763E-14
gfc   140   92 -3.36648184421846E-13 -1.50286921576654E-13
gfc   140   93  2.49233914288617E-13 -6.56484435277414E-14
gfc   140   94 -9.80766245965850E-14  6.42593225302663E-14
gfc   140   95 -4.05651164045113E-14  8.84864163769654E-14
gfc   140   96 -1.41031378456158E-13 -2.38750805807754E-13
gfc   140   97  1.81737161100469E-13  7.73317368834534E-14
gfc   140   98 -2.03865329620106E-13  4.33828411445159E-14
gfc   140   99 -1.37340503665862E-13 -1.27053003300991E-13
gfc   140  100  1.92762210533494E-13 -4.02938550117901E-13
gfc   140  101  1.43676900523189E-13  3.36255824068564E-13
gfc   140  102 -2.97420029835290E-13 -1.83859960246143E-13
gfc   140  103  1.98249429033002E-13 -8.10119919965715E-14
gfc   140  104  2.47670571470528E-14 -1.06164981804172E-13
gfc   140  105  8.72177394480265E-14  1.03002735567990E-13
gfc   140  106 -1.61358975618410E-14 -3.53293789435664E-13
gfc   140  107  4.17185563797801E-13  2.66286633754320E-13
gfc   140  108 -4.34001699064234E-13  3.02231453349097E-14
gfc   140  109  3.56828447925053E-13 -2.82689449590196E-13
gfc   140  110  1.30446014020378E-13  2.48152656439169E-13
gfc   140  111 -5.19158862936196E-14  4.85435496626920E-14
gfc   140  112  8.83120061457339E-14  6.91470003267075E-14
gfc   140  113  6.85794562126277E-15  6.39810815995797E-14
gfc   140  114  1.25204584570641E-13  3.02201112294454E-14
gfc   140  115 -4.76211113810567E-14  3.05587240141692E-13
gfc   140  116 -2.99303551602680E-14 -9.44222730694421E-14
gfc   140  117 -1.36240535590489E-14  1.63970341769062E-13
gfc   140  118 -9.28675430250352E-14 -6.60947953301058E-14
gfc   140  119 -3.18480188540048E-15  1.74441545174493E-13
gfc   140  120 -1.26740065057134E-13 -6.75645081168247E-14
gfc   140  121 -1.84115820785320E-14  7.44878126242162E-14
gfc   140  122 -1.08607096565316E-13 -1.03491579640348E-13
gfc   140  123  6.17095685596105E-14  8.09598014035708E-14
gfc   140  124 -1.72721319838614E-13 -1.25558494105069E-13
gfc   140  125  1.32267828762087E-13  3.91666805461111E-15
gfc   140  126 -1.87435486886425E-13 -1.36137038551975E-13
gfc   140  127  1.87349201173466E-13  1.55007074872251E-14
gfc   140  128 -1.39436185185259E-13 -7.65992651535181E-14
gfc   140  129  2.44966411421201E-13 -6.17271415890882E-14
gfc   140  130 -1.26893157649383E-13  4.13962773438278E-14
gfc   140  131  2.48984745183662E-13 -8.70579560547184E-14
gfc   140  132 -9.96825838992005E-14  1.35623017762920E-13
gfc   140  133  1.26226564182094E-13 -1.37559470922602E-13
gfc   140  134  1.27430343254122E-14  2.43647688446497E-13
gfc   140  135 -6.88573401413088E-14 -1.52353825574280E-13
gfc   140  136  1.47249664820167E-14  2.06963690917387E-13
gfc   140  137 -2.89056356624443E-13 -1.23883845643057E-13
gfc   140  138  6.60843703285358E-14 -2.29131143346760E-13
gfc   140  139  1.28278327180041E-13 -4.79806042424292E-14
gfc   140  140  3.25086021223510E-14  9.07125942808231E-14
gfc   141    0  2.82720795236038E-13  0.00000000000000E+00
gfc   141    1  6.87151996848963E-14 -3.10230312034697E-13
gfc   141    2  1.07513661691722E-13  3.31127501591096E-14
gfc   141    3 -5.56350131672901E-14 -2.26808138222584E-14
gfc   141    4 -1.69003381813077E-13 -1.83551894455906E-13
gfc   141    5 -1.52913124153582E-13 -1.94298082556711E-13
gfc   141    6 -1.51231070392691E-13 -2.06049691800627E-13
gfc   141    7  7.32378196219589E-14 -3.22607950906294E-13
gfc   141    8  9.29971512117813E-15 -1.82703184735399E-13
gfc   141    9  1.20314186303670E-13 -1.21635709496969E-13
gfc   141   10  7.19311028710372E-14 -1.77289672882321E-13
gfc   141   11  7.90165146827614E-14 -2.46052286002293E-13
gfc   141   12  1.39269471698521E-14  6.50537596247228E-14
gfc   141   13  2.89060079335932E-13 -1.54566804788415E-14
gfc   141   14  1.89190184682640E-13  5.51303549338282E-14
gfc   141   15  1.84950061951709E-13  1.99424860573279E-13
gfc   141   16  9.95015636583952E-14  5.70773768593416E-14
gfc   141   17  1.01938648896867E-14 -1.21868042057386E-13
gfc   141   18 -1.19497132772354E-13  1.17265468905336E-13
gfc   141   19  2.80959197144912E-13  3.15638639502686E-14
gfc   141   20 -7.32048258849783E-14  3.25562154595546E-14
gfc   141   21  7.38887461724445E-14  2.61453239561343E-13
gfc   141   22  1.52647004772623E-13  2.89651493015533E-13
gfc   141   23  1.71864766883851E-13  4.04842758009627E-14
gfc   141   24 -1.43059476308379E-13  1.26808277488855E-13
gfc   141   25  3.51567427092751E-13  2.23437503289146E-13
gfc   141   26  2.08756309076038E-13  2.07880789491367E-13
gfc   141   27  8.18865070511522E-14  6.63455022964951E-14
gfc   141   28  1.17758941923219E-13  2.92985821909168E-13
gfc   141   29  2.19458689353442E-13  1.73313712695017E-13
gfc   141   30  4.08156384854822E-14 -1.35166550771299E-13
gfc   141   31  3.05350740645090E-13 -7.38072254341521E-14
gfc   141   32  4.26007362801885E-13  1.94570479871644E-13
gfc   141   33  2.22620462944537E-13 -2.05514707346254E-14
gfc   141   34 -2.59399599390577E-13 -3.82845827637520E-13
gfc   141   35 -2.82041839048680E-13 -3.91406414156659E-13
gfc   141   36 -3.78556665421395E-14 -7.78954313121218E-14
gfc   141   37  1.99421883597599E-13  2.51897855629815E-13
gfc   141   38  3.78887884413033E-14  6.13165360881729E-14
gfc   141   39 -1.43529403522888E-14  1.35102564938163E-13
gfc   141   40 -9.96909023065231E-14 -2.16360233466893E-14
gfc   141   41  1.36559937560791E-13 -9.70691888346973E-14
gfc   141   42  2.77281277413492E-14 -3.01840434466113E-13
gfc   141   43 -2.13615301090757E-15 -8.74115600534429E-14
gfc   141   44 -1.71699243152580E-13  1.56486806722931E-13
gfc   141   45 -2.11051135656192E-15  4.24320501371429E-15
gfc   141   46 -4.98714751342610E-15 -2.70543586584181E-13
gfc   141   47 -2.34079589764776E-13 -2.87992808952111E-13
gfc   141   48 -2.85967497544684E-13  1.90740865427755E-14
gfc   141   49 -5.67305743351059E-14  3.58566273123541E-13
gfc   141   50  5.25617634494861E-14  2.43339385575656E-13
gfc   141   51 -6.62822425812554E-14 -1.32674662817143E-13
gfc   141   52 -4.70339972424462E-15 -2.76579646569883E-13
gfc   141   53 -1.30902443228330E-13  9.10405442459904E-14
gfc   141   54  1.16072523749710E-13  1.77461603303761E-13
gfc   141   55 -8.67315089287246E-15  8.84660474577987E-14
gfc   141   56 -3.49294357062114E-14 -1.49460853997182E-13
gfc   141   57  9.10249449909181E-15 -1.59484517240625E-13
gfc   141   58  1.06024516207068E-13 -5.21221792403922E-14
gfc   141   59  6.60539939221503E-14  2.28602098284814E-13
gfc   141   60  2.63696589034287E-14 -7.06430713383898E-14
gfc   141   61 -9.41179055003324E-14 -1.00691365497505E-13
gfc   141   62 -3.18420087273730E-14 -2.99645029994835E-13
gfc   141   63 -5.76492565377067E-14  1.02082042475468E-13
gfc   141   64 -1.51373237300876E-14  8.07825997579619E-14
gfc   141   65 -1.92060797464514E-13  1.78080907031461E-13
gfc   141   66  1.40567667203494E-13 -1.38519111088287E-13
gfc   141   67  1.77144321235223E-13 -1.92808227995891E-13
gfc   141   68  2.59865676544131E-13 -2.96576524511042E-14
gfc   141   69 -1.44843315812733E-13  5.64037312414171E-14
gfc   141   70 -6.76586768800499E-14  9.69539997365168E-14
gfc   141   71 -1.02466401807445E-13 -2.53683839658555E-13
gfc   141   72  5.60673142210207E-14  1.62405091200383E-14
gfc   141   73  1.02996790891458E-13  1.36828098375453E-13
gfc   141   74 -9.38956311763274E-14  6.03224273483594E-15
gfc   141   75  4.64433086185190E-14 -7.49343776697939E-14
gfc   141   76  1.81334510829520E-13 -9.17286589468136E-14
gfc   141   77  1.46707345165545E-13  1.08000354587832E-13
gfc   141   78 -6.65843504355772E-14  2.39999291208744E-13
gfc   141   79 -1.91207956126170E-13 -8.62742903871930E-14
gfc   141   80  2.68536170377152E-14  2.54011932575986E-14
gfc   141   81  8.09739590866969E-14 -1.37191284637452E-13
gfc   141   82  4.44331812086394E-14  3.01642647021054E-13
gfc   141   83 -1.22935935041325E-13 -2.12962281485482E-13
gfc   141   84 -4.61109489808564E-14  2.66707875145447E-14
gfc   141   85  1.22449407851367E-13 -1.33921866451439E-13
gfc   141   86 -8.14002131999212E-14  3.89335073554376E-13
gfc   141   87 -1.35278787356557E-13 -1.75518175637615E-13
gfc   141   88 -1.02299801693527E-13 -1.18146360918754E-14
gfc   141   89  2.27960447903182E-13 -2.46130022616391E-13
gfc   141   90 -5.99941740662570E-14  2.93701831041205E-13
gfc   141   91 -1.96054241356050E-13 -1.69279051367656E-13
gfc   141   92 -2.27878797355604E-14 -1.86356736433850E-13
gfc   141   93  3.23016354279364E-13  7.03728635939350E-15
gfc   141   94 -2.11884856890056E-13  1.77743379304242E-13
gfc   141   95 -8.24158343772783E-14 -2.47850317789538E-13
gfc   141   96  1.94563655366152E-13 -2.28627554107962E-13
gfc   141   97  2.70409950210094E-13  1.90206385848774E-13
gfc   141   98 -1.83084475493000E-13  4.32892030128565E-14
gfc   141   99  7.16028455008228E-14 -1.29101336965679E-13
gfc   141  100  1.20743835764254E-13 -3.80003612262894E-14
gfc   141  101  7.57516323398535E-14  1.97066077755334E-13
gfc   141  102 -9.16712090156396E-14 -1.51627774510501E-13
gfc   141  103  2.96260161320964E-13 -2.81893675842668E-14
gfc   141  104  5.70638175391225E-15  2.34630474281230E-13
gfc   141  105 -1.04725459892906E-13  1.25924177336696E-13
gfc   141  106 -1.12559566733479E-14 -3.03542242843805E-13
gfc   141  107  3.69555185608218E-13  2.86921404380907E-13
gfc   141  108 -4.89378568459116E-13  9.08652936507799E-14
gfc   141  109  4.05197609166526E-13 -2.05201230238702E-13
gfc   141  110 -1.91289322113605E-13  5.03959644152005E-13
gfc   141  111 -1.70043518166759E-13 -3.01508369032693E-13
gfc   141  112  2.52133837992572E-13  1.90898689030029E-13
gfc   141  113 -2.09484870770753E-13  2.11229193661295E-13
gfc   141  114 -1.52897229545135E-13 -1.22191614451146E-13
gfc   141  115  3.68918688661755E-14  8.74597987666547E-14
gfc   141  116 -1.83165748213254E-13 -4.91833781138500E-14
gfc   141  117 -2.90872401737550E-14  9.38415702047369E-15
gfc   141  118 -1.86330468963590E-13 -3.83522868956304E-14
gfc   141  119  1.15737887438910E-13 -9.54556729400716E-14
gfc   141  120 -1.40945346409006E-13 -2.24550892466293E-14
gfc   141  121  6.83239239110911E-14 -1.17558024503875E-13
gfc   141  122 -9.23947658554202E-14 -2.00190754678266E-14
gfc   141  123  1.30166124713917E-13 -1.38637167662041E-13
gfc   141  124 -1.00489737203313E-13  3.40662728932949E-14
gfc   141  125  1.48988548450989E-13 -1.61015310574396E-13
gfc   141  126 -2.84092022580138E-15  9.90825931355341E-14
gfc   141  127  1.09425185096055E-13 -1.46679409507107E-13
gfc   141  128  2.28003840907479E-14  1.95617830467436E-13
gfc   141  129  1.11531556577766E-13 -1.68373486643991E-13
gfc   141  130  2.94387925397399E-14  2.30582089793497E-13
gfc   141  131 -3.06915284171481E-14 -1.30221388428756E-13
gfc   141  132  6.76936003136461E-14  2.85835855066623E-13
gfc   141  133 -1.08956858632524E-13 -8.07491041797969E-14
gfc   141  134  7.88410758634728E-14  1.71302842244602E-13
gfc   141  135 -2.32684290391767E-13 -1.56192930624090E-14
gfc   141  136  9.95872759912842E-14 -6.96033342795701E-14
gfc   141  137 -2.18799382171263E-13 -2.60317233532282E-14
gfc   141  138  1.22434509464844E-13 -2.88410009095821E-13
gfc   141  139  2.16813009994688E-13  3.47662946075220E-14
gfc   141  140  7.39025018283530E-14  1.86062172081081E-13
gfc   141  141 -1.08948616035543E-13  1.54751858019275E-14
gfc   142    0  6.55674626163682E-16  0.00000000000000E+00
gfc   142    1  3.63394687685999E-14  5.07187988269111E-14
gfc   142    2 -1.31365269288782E-14  4.17807211733767E-13
gfc   142    3 -9.80896429084925E-14  1.53264298694603E-13
gfc   142    4 -1.02086039565365E-14  3.17389768782486E-13
gfc   142    5 -1.30387350259435E-13  8.54454893678744E-14
gfc   142    6 -4.54289517113698E-14  1.64181379914814E-13
gfc   142    7  1.64107467067145E-14  7.40709148624434E-14
gfc   142    8  1.78269272354031E-14  8.74919223120645E-14
gfc   142    9 -1.00960814118716E-13 -6.85054477672924E-14
gfc   142   10  2.73018593299874E-13 -8.20436607719917E-15
gfc   142   11  6.49839518085591E-14 -9.13980910148292E-14
gfc   142   12  1.09212756613157E-13  1.46679206585469E-13
gfc   142   13  4.35478381971570E-13  3.11621425316125E-13
gfc   142   14  1.03239856923857E-13  2.13934194997122E-13
gfc   142   15  1.10849558057866E-13  2.05223012427915E-13
gfc   142   16  1.84965564468087E-13  2.13099807975399E-13
gfc   142   17 -1.66801530017645E-13 -4.03081406412465E-14
gfc   142   18 -3.35763162381443E-14  3.47318880858554E-13
gfc   142   19  1.02426406309764E-13  2.54934786454201E-13
gfc   142   20 -4.41134823352453E-14  1.64510842671959E-13
gfc   142   21 -1.45793577683551E-13  3.57102382474045E-13
gfc   142   22 -3.08423381193093E-14  2.91716568809163E-13
gfc   142   23  1.34112315157324E-13 -4.31161953755070E-14
gfc   142   24  3.92237306054571E-14  1.20579882723735E-13
gfc   142   25  1.63446485210786E-13  2.39034281420181E-13
gfc   142   26  2.93173387564506E-13  1.51905417331533E-13
gfc   142   27  7.92259358998276E-14  1.86337620555402E-13
gfc   142   28 -1.78616867760380E-13  2.30562959468335E-13
gfc   142   29  2.04517182772464E-13  4.72648606900590E-14
gfc   142   30  2.68353333360510E-13 -1.45030639703350E-14
gfc   142   31  1.42291391619868E-14  1.74136580894383E-14
gfc   142   32 -1.50982923457938E-14  9.60406246446758E-14
gfc   142   33  2.02410099334231E-13 -2.71849656036177E-13
gfc   142   34 -7.17489677562217E-14 -3.17490623475994E-13
gfc   142   35 -3.07112623864644E-13 -3.28211866181025E-13
gfc   142   36 -4.01039120743102E-13 -2.98612744044809E-14
gfc   142   37 -9.27188651045548E-15  2.99062215845865E-15
gfc   142   38  8.38219681303995E-14  3.52065882288222E-14
gfc   142   39 -2.86136010024496E-14 -9.97412891430776E-14
gfc   142   40 -7.31350773358702E-14 -7.41324241790858E-15
gfc   142   41  1.60430816135594E-13 -2.09189208895282E-13
gfc   142   42  9.97342128171721E-15 -1.62381805675266E-13
gfc   142   43 -5.27870660909894E-14 -1.79449485773942E-13
gfc   142   44 -2.16692907766929E-13  7.94868046656463E-14
gfc   142   45 -5.50752365868843E-14 -1.66668278952328E-13
gfc   142   46 -9.43481251953190E-14 -2.89698808131006E-13
gfc   142   47 -1.32067848585260E-13 -3.47428520346424E-13
gfc   142   48 -2.82732421587517E-13  1.44115138766091E-13
gfc   142   49 -1.41617489289712E-13  2.92622285977030E-13
gfc   142   50  1.39094016147123E-13  1.00024975734734E-13
gfc   142   51  1.39856368694006E-13 -2.34508174589578E-13
gfc   142   52  2.03493663373467E-14 -1.35664735918335E-13
gfc   142   53  6.23535732398168E-14  7.57203118594320E-14
gfc   142   54  3.53103208460367E-15  1.83857766865415E-13
gfc   142   55 -6.26037167408098E-14  1.76096738804310E-14
gfc   142   56  1.54114561965685E-13 -2.27012067749715E-13
gfc   142   57  7.03893509510139E-14 -1.02627838312514E-13
gfc   142   58  1.05747569543163E-13  3.54038229971519E-14
gfc   142   59  1.24862988490956E-16  1.53896599769558E-13
gfc   142   60  4.50875374325423E-14 -1.07161942098715E-13
gfc   142   61  2.75649824030615E-14 -2.08442632285271E-13
gfc   142   62  1.10986707341201E-13 -1.76439890328752E-13
gfc   142   63 -9.57575961761722E-15  1.82803783960755E-13
gfc   142   64 -5.12507868333325E-14  1.54157174426925E-13
gfc   142   65 -1.52528592911680E-13  1.83496628452108E-13
gfc   142   66  2.67583901888083E-13 -7.07619458934847E-14
gfc   142   67  1.27051325405222E-13 -7.50399627816852E-14
gfc   142   68  2.09504710665556E-13  1.49674586121941E-14
gfc   142   69 -2.71201088917690E-13  1.34370113798298E-16
gfc   142   70  5.65467512958961E-14 -7.03167315016031E-15
gfc   142   71  1.49417736045691E-14 -1.76992031281054E-13
gfc   142   72  4.34939085968354E-14  2.29142303384907E-13
gfc   142   73  1.80229081888353E-14  2.04913392449489E-13
gfc   142   74 -1.75901556122674E-13 -3.44055222225434E-14
gfc   142   75  5.91364471319526E-14 -7.85059346214306E-14
gfc   142   76  1.59609954004797E-13 -6.29266131039652E-14
gfc   142   77 -9.61161573073270E-14  1.59652104369816E-13
gfc   142   78  3.04552289380269E-15 -2.88568460805946E-14
gfc   142   79 -1.88253693984669E-13 -3.06232928441973E-14
gfc   142   80  2.51112625365184E-13 -1.13652307789555E-13
gfc   142   81 -7.43061341486158E-14  1.96864428689949E-13
gfc   142   82 -4.12191361049066E-14  7.94611976928282E-14
gfc   142   83 -2.40037908813139E-13 -1.72104215371760E-13
gfc   142   84  1.82360808049853E-13 -1.20592394791736E-13
gfc   142   85  5.53581103911218E-15  1.24963656954525E-14
gfc   142   86  4.69075523480313E-14  2.12837723077419E-13
gfc   142   87 -1.34682380378452E-13 -2.06522197399976E-13
gfc   142   88  2.35988223795708E-13 -1.52534413107766E-14
gfc   142   89  5.85024493336203E-14  1.92533867803487E-14
gfc   142   90 -1.68152797380572E-13  9.71400638676800E-14
gfc   142   91 -3.26125162681095E-14 -2.89467783962859E-13
gfc   142   92  1.14816157477781E-13  7.13517736938789E-14
gfc   142   93  1.21564360663729E-13  3.61700509424846E-14
gfc   142   94 -1.23293248803598E-14  9.95122232070393E-14
gfc   142   95  6.04238615217608E-15 -1.31923952211348E-13
gfc   142   96  1.81069112962690E-13  2.46943247639112E-14
gfc   142   97 -7.37912471576525E-15  2.03212891316983E-13
gfc   142   98 -1.06884047725076E-13 -9.34655888853291E-14
gfc   142   99  1.17374779734253E-13 -3.97710760483027E-14
gfc   142  100  1.78075164561272E-13  5.13628377538222E-14
gfc   142  101 -4.77401667037048E-14  3.91517413006017E-13
gfc   142  102 -2.28352113494591E-13 -1.39949499161686E-13
gfc   142  103  2.67522768900296E-13  1.50183369723811E-14
gfc   142  104 -1.48206252360871E-13  1.88922640139662E-13
gfc   142  105 -8.17397677435034E-14 -3.68080709255342E-14
gfc   142  106  1.07909843536087E-14 -2.27167367722924E-16
gfc   142  107 -2.43222750537181E-14  2.02883178895352E-13
gfc   142  108 -4.53187241861520E-13 -5.38280146987643E-14
gfc   142  109  2.17173720525978E-13 -2.89168293400239E-13
gfc   142  110 -1.09795196679033E-13  3.83336199072775E-13
gfc   142  111 -1.86261334225673E-13 -2.36870178144416E-13
gfc   142  112  7.00666337814371E-14  1.21510876257279E-13
gfc   142  113 -2.01754098142148E-13 -2.02604437866773E-13
gfc   142  114  7.82161458721937E-14 -5.31361463327010E-14
gfc   142  115 -9.64969155717840E-14  6.59536775461039E-15
gfc   142  116 -8.99889422389562E-14 -1.36698318940376E-13
gfc   142  117  8.05776225522629E-14 -1.95593265223698E-13
gfc   142  118 -1.40950979996572E-14  8.43746399984120E-14
gfc   142  119  9.92000241794663E-14 -1.67992224110704E-13
gfc   142  120  7.82285052944154E-14  3.16364097157265E-14
gfc   142  121  5.26157725234860E-14 -1.66591519904112E-13
gfc   142  122  1.03610190462181E-13  1.02196622103850E-13
gfc   142  123  5.03239002425917E-14 -5.09842920203439E-14
gfc   142  124  1.15768341383380E-13  9.94336895261075E-14
gfc   142  125 -5.14600770386248E-14 -8.23572013904570E-14
gfc   142  126  1.49409258046509E-13  1.18217267491116E-13
gfc   142  127 -9.59782751431850E-14 -2.79545999683060E-14
gfc   142  128  1.18016487035046E-13  1.21537085023812E-13
gfc   142  129 -1.60738472978436E-13 -1.60073220126315E-14
gfc   142  130  1.70127150081723E-13  1.25553510353957E-13
gfc   142  131 -2.09317922495652E-13 -1.08132394032315E-14
gfc   142  132  8.57740461807787E-14 -1.04920126524741E-14
gfc   142  133 -2.36966738864228E-13  9.74968034324732E-14
gfc   142  134  1.35397311555666E-13 -1.20818985634976E-13
gfc   142  135 -1.61457427590397E-13  5.98731485919928E-14
gfc   142  136  4.11947897044523E-14 -2.17413228826918E-13
gfc   142  137  2.31401667278017E-14  1.08607157131910E-13
gfc   142  138 -6.63074317018851E-15 -2.24754707092476E-13
gfc   142  139  2.59095545936609E-13  9.82999838621630E-14
gfc   142  140 -6.67084993615802E-14  1.42198705035466E-13
gfc   142  141 -1.56349438649903E-13  6.11547139545889E-14
gfc   142  142 -2.12745907773466E-14 -8.35880631181236E-14
gfc   143    0  2.73470798206625E-13  0.00000000000000E+00
gfc   143    1  1.79351132665784E-14  9.21694794676948E-15
gfc   143    2  2.71102528636664E-13 -9.56004622265699E-14
gfc   143    3 -5.02118670952005E-14 -2.09409109616167E-14
gfc   143    4  1.04116331557992E-13  1.81031230275197E-14
gfc   143    5 -8.62712148208732E-15  3.04514446129496E-14
gfc   143    6 -1.11521549291268E-13  5.41847655333785E-14
gfc   143    7  9.02199186718204E-16  9.78903860728934E-14
gfc   143    8 -1.05089165376082E-13 -1.79620510368265E-13
gfc   143    9 -2.00581727883339E-13 -1.51307765964769E-13
gfc   143   10  5.25072935001514E-14 -1.22291288351720E-13
gfc   143   11  4.94425229711452E-14 -2.41633424583369E-13
gfc   143   12  4.92450517158188E-14  1.25391576069127E-13
gfc   143   13  1.76435027395165E-13  2.32053673503897E-13
gfc   143   14  1.44288610162406E-13 -7.62386449659535E-14
gfc   143   15 -5.27801465545807E-14  2.17729898347326E-13
gfc   143   16  2.05341968020087E-13 -3.54380208315172E-14
gfc   143   17 -1.07936745435224E-14 -9.64035813110426E-14
gfc   143   18  8.61931860433821E-14  2.74758830847621E-13
gfc   143   19  1.72168466195196E-13  1.77906115904134E-13
gfc   143   20 -4.80097945610083E-14  9.58007310962107E-14
gfc   143   21 -2.28227893863691E-13  1.07591722490304E-13
gfc   143   22  7.62942406276794E-14  1.58919132808913E-13
gfc   143   23  1.93389884029122E-13  3.70314858977692E-14
gfc   143   24  9.64368739251994E-14 -6.20177681284195E-14
gfc   143   25  8.34319274983060E-14  8.17181246946043E-14
gfc   143   26  1.71841190345293E-13  2.23123862470159E-13
gfc   143   27 -8.93775849367339E-14 -1.94936248962752E-13
gfc   143   28  8.51007892404451E-14  3.66469121340934E-14
gfc   143   29  2.25988650157914E-13  9.87243688253038E-14
gfc   143   30  3.36230293029942E-13 -2.66949440444768E-13
gfc   143   31  4.86297276511568E-14 -1.47008440154897E-13
gfc   143   32  2.05861952647772E-13  8.62088795175032E-14
gfc   143   33 -6.37214851784718E-14 -9.64587868845404E-14
gfc   143   34 -3.75927205134865E-14 -4.95339640576087E-13
gfc   143   35 -2.97265136443246E-13 -6.25903010297389E-13
gfc   143   36 -5.18343915423512E-14 -2.65543829029246E-14
gfc   143   37 -1.23357598700941E-13  2.90023046211906E-13
gfc   143   38 -7.65127024509510E-14  6.50540836160401E-14
gfc   143   39 -8.95958354845645E-14 -2.28062587219899E-13
gfc   143   40  4.29995035232099E-14 -2.49467281691536E-13
gfc   143   41  1.72015883868628E-13 -1.71465452378462E-13
gfc   143   42  4.09239558711181E-14 -8.58294770280260E-14
gfc   143   43 -3.06331282131677E-15 -1.50702040119343E-13
gfc   143   44 -2.30570016843361E-13 -3.86751765903609E-14
gfc   143   45  4.15814972199854E-14 -1.86155666540328E-13
gfc   143   46  5.66938491702163E-14 -1.94997097021707E-13
gfc   143   47 -5.90117480718952E-14 -1.67783878471607E-13
gfc   143   48 -3.02323939793727E-13  1.76734481017851E-13
gfc   143   49 -1.16494721504923E-13  1.38153755379767E-13
gfc   143   50  1.13969996347732E-13  1.31932332690938E-13
gfc   143   51  2.14455137553853E-13 -1.92183654713681E-13
gfc   143   52  2.04247593982657E-13 -8.12298279004468E-14
gfc   143   53 -8.51469634825623E-14  1.18689785287300E-13
gfc   143   54 -6.29753413103691E-15  1.49112936972773E-13
gfc   143   55  2.13469947107560E-14  1.15015417001638E-14
gfc   143   56  2.27306669340005E-13 -1.56417635520605E-13
gfc   143   57  1.37036385206921E-13  3.01500842442357E-14
gfc   143   58 -1.83651861413933E-14  7.37349922485925E-14
gfc   143   59 -1.02637746296271E-13  1.58722771815837E-13
gfc   143   60  2.94747965362898E-14 -8.91382996217758E-14
gfc   143   61  1.23550144274349E-13 -6.66792079987085E-14
gfc   143   62 -4.04388171502776E-15 -1.02562547116781E-13
gfc   143   63 -8.17994385466687E-14  2.00044898467457E-13
gfc   143   64 -1.93149758580418E-13  3.44227002844207E-14
gfc   143   65 -2.99747231270601E-14  1.78522997686427E-13
gfc   143   66  3.50630080245293E-13 -2.24333424134465E-14
gfc   143   67  1.52717179455466E-13  1.22057394949258E-13
gfc   143   68  3.46581742947381E-14  4.60651941324627E-14
gfc   143   69 -2.97772020203082E-13 -8.72375719039575E-15
gfc   143   70 -4.93417723694458E-14 -6.88886783935304E-14
gfc   143   71  5.12361192335169E-14 -1.17212013238178E-13
gfc   143   72 -1.05593866809847E-13  1.99056855960938E-13
gfc   143   73  7.15502923361605E-14  1.05526568222489E-13
gfc   143   74 -1.96734704497275E-13 -1.67993569250246E-13
gfc   143   75  1.76672167735182E-13  2.54328345007747E-14
gfc   143   76  2.59737932323331E-15 -7.34690770682691E-15
gfc   143   77 -7.54120337770299E-14  1.67435180069138E-13
gfc   143   78 -1.51243028858479E-13 -1.89948170565749E-13
gfc   143   79 -5.38611124734150E-15 -6.65020780768996E-14
gfc   143   80  1.32379363255600E-13 -1.05498923885430E-13
gfc   143   81 -3.50196571457551E-14  1.85365739998025E-13
gfc   143   82 -2.37943134694367E-14 -8.81482533672080E-14
gfc   143   83 -8.49218579388616E-14 -3.63727958889803E-14
gfc   143   84  2.44610336436804E-13 -7.91786219915181E-14
gfc   143   85 -8.20051926162064E-14  2.57188531862231E-13
gfc   143   86 -3.63249358718634E-15 -6.72977066874046E-14
gfc   143   87 -4.09309124749661E-14 -1.48652438013457E-13
gfc   143   88  2.53251164431105E-13 -8.32309932638131E-14
gfc   143   89  2.89064362642130E-14  1.56324241237750E-13
gfc   143   90 -3.89391122002736E-14  4.22008484744984E-14
gfc   143   91 -9.76952325889989E-14 -3.18811966021403E-14
gfc   143   92  9.73863052413220E-14 -8.52352205128995E-14
gfc   143   93  1.44624078527036E-13  2.83577046795318E-13
gfc   143   94 -2.59289339350377E-13  2.91151084099316E-14
gfc   143   95  4.55065327276786E-14 -1.63388894550400E-13
gfc   143   96  2.12464235977487E-13  6.84291660030232E-14
gfc   143   97 -3.36685349350877E-14  3.30670810173962E-13
gfc   143   98 -3.39296715536441E-13 -1.23892827232728E-13
gfc   143   99  1.76736900524086E-13 -7.61865537877685E-14
gfc   143  100 -3.49362271236667E-14  7.80450423703610E-14
gfc   143  101 -1.31213487548871E-13  9.84959890418316E-14
gfc   143  102 -9.52591911245485E-14 -1.79359822295429E-13
gfc   143  103  2.42140913195284E-13  1.67606247299625E-13
gfc   143  104 -3.32108148294565E-13  6.18508189846405E-14
gfc   143  105 -6.81099892822918E-14 -1.84571162558727E-13
gfc   143  106 -2.48370708668979E-14 -1.84830728103895E-13
gfc   143  107  1.05092720838110E-13  1.26769554835580E-13
gfc   143  108 -3.82662756259365E-13 -4.83581392402884E-14
gfc   143  109  2.72364615988610E-13 -3.12184116333849E-13
gfc   143  110 -1.10376799070416E-13  3.02466208477445E-13
gfc   143  111 -2.13980711122999E-13 -4.81719133076001E-13
gfc   143  112  4.50188120142070E-13  7.20869698100320E-14
gfc   143  113 -2.92004279309207E-13  7.66979122224823E-14
gfc   143  114  7.56577376879070E-14 -2.78811150461392E-13
gfc   143  115  8.62136875911663E-14  1.18195022287364E-14
gfc   143  116  1.05701709079590E-13 -1.34598318913327E-14
gfc   143  117  6.90891372024134E-15 -5.45522722436106E-14
gfc   143  118  1.06387882431736E-13  2.30582734626302E-14
gfc   143  119  5.43273875812789E-14 -5.02022270169660E-15
gfc   143  120  1.63055853259562E-13  8.46861112173438E-14
gfc   143  121 -4.68295864388211E-14  3.73853027102925E-14
gfc   143  122  1.66946973715540E-13  4.47294414483558E-14
gfc   143  123 -9.13797734434799E-14  1.31528827872447E-13
gfc   143  124  8.22844953503288E-14  5.60382989294119E-14
gfc   143  125 -1.42078993343365E-13  9.59803990291116E-14
gfc   143  126  6.41625314639897E-14 -1.04663653493029E-14
gfc   143  127 -1.46267147738454E-13  1.30566347481124E-13
gfc   143  128  4.82569612276679E-14 -5.26379071638350E-14
gfc   143  129 -1.39307879857822E-13  9.62966215763710E-14
gfc   143  130 -6.85364277146216E-15 -1.61500506656536E-13
gfc   143  131 -1.13258964381579E-13  1.54446035613085E-13
gfc   143  132  1.06808145893388E-14 -2.58148143918042E-13
gfc   143  133 -2.04269518406746E-14  1.09357836492201E-13
gfc   143  134 -2.21721391483035E-14 -1.91843949077471E-13
gfc   143  135  1.12837898530425E-13  1.00030852613915E-13
gfc   143  136 -5.29798370806937E-14 -1.46725494384700E-13
gfc   143  137  2.09034549886947E-13  1.06883151556281E-13
gfc   143  138 -9.77333084901475E-14  2.76571960079178E-14
gfc   143  139  1.49181384806283E-13  1.55032246691257E-14
gfc   143  140 -1.19215276223296E-13  2.10199783584655E-13
gfc   143  141 -1.67179989553477E-13 -8.18868634725264E-14
gfc   143  142 -2.88804051814053E-14 -1.92031952596060E-13
gfc   143  143  1.13747284663588E-13  8.24134352272378E-15
gfc   144    0 -2.88866693058722E-13  0.00000000000000E+00
gfc   144    1 -3.33314312260723E-14  2.89915442896497E-15
gfc   144    2 -1.52893144228042E-13  1.13123149843537E-13
gfc   144    3 -2.18946364150986E-13  4.62073715955764E-14
gfc   144    4 -5.71598134539501E-14  2.80838545832744E-13
gfc   144    5 -8.09271771870321E-14  1.80568585986367E-13
gfc   144    6 -3.19615278880709E-13  1.77518242834173E-13
gfc   144    7 -6.89229363246726E-14  1.98886531082019E-13
gfc   144    8 -2.60416068894594E-13 -1.72461364105511E-13
gfc   144    9 -2.76755076332949E-13 -1.09838520552907E-13
gfc   144   10  6.01196001220563E-14 -1.18786035991723E-13
gfc   144   11  3.12880480236556E-14  9.81378548328673E-15
gfc   144   12 -8.37663596341435E-15  8.05816081876672E-14
gfc   144   13  2.74335219745813E-13  2.55554662605510E-13
gfc   144   14 -1.58238858281469E-14 -7.19833483328046E-14
gfc   144   15 -4.38902227895124E-15  4.98020993448943E-14
gfc   144   16  1.74605248120786E-13 -4.58923765126194E-14
gfc   144   17 -6.48509397689963E-14  1.76629366369606E-14
gfc   144   18  6.64417482069975E-14  2.11444922879770E-13
gfc   144   19  6.30333766837352E-14  2.05650924193121E-13
gfc   144   20  6.87108274753965E-14 -7.86078129961913E-14
gfc   144   21 -1.38168745449959E-13  7.41664854743220E-14
gfc   144   22  2.89644711380937E-14  1.31281174487699E-13
gfc   144   23  3.14785798204799E-13  1.45056052667660E-13
gfc   144   24  2.79163711556152E-13 -9.50856160719956E-14
gfc   144   25  1.02195446314257E-14  2.27932350251302E-13
gfc   144   26  2.19284419018659E-13  4.37794456331134E-15
gfc   144   27  1.09801012060915E-13 -3.42188130915117E-15
gfc   144   28 -2.45318504214996E-14  1.18795515795834E-14
gfc   144   29  3.19512074353301E-13  9.40269549611239E-14
gfc   144   30  3.25473176244815E-13 -1.50361511179603E-13
gfc   144   31 -6.92108666417561E-14 -6.44207013425306E-14
gfc   144   32 -1.56424475566313E-13 -1.47910375413498E-13
gfc   144   33  1.70934873322783E-13 -2.53807544689252E-13
gfc   144   34  3.04931101085932E-13 -3.94893088677912E-13
gfc   144   35 -2.32850317060835E-13 -2.09619278977789E-13
gfc   144   36 -4.32032560761857E-13  6.82826460922216E-14
gfc   144   37 -2.05940495208424E-13  1.97228183636695E-13
gfc   144   38  2.30997961742948E-13 -1.33216186809634E-14
gfc   144   39  1.18302366918089E-14 -1.42898431049487E-13
gfc   144   40  8.39094463887215E-14 -7.52057961606854E-14
gfc   144   41  3.41705139278584E-14  6.34305062736466E-14
gfc   144   42  1.13837882356875E-13 -1.03747704935543E-13
gfc   144   43 -1.82401994351399E-13 -1.55004563801082E-13
gfc   144   44 -9.35185440016729E-14 -1.56752215330010E-13
gfc   144   45 -9.02619123032794E-14 -8.37656967427298E-14
gfc   144   46  5.64983456148919E-14 -8.28181243087994E-14
gfc   144   47 -1.41173979454359E-13 -6.66703842359173E-14
gfc   144   48 -2.06309953382391E-13  1.86916735794703E-13
gfc   144   49 -2.37639705306678E-13  1.26347681068522E-13
gfc   144   50  1.84013551007298E-13  1.11364714081031E-13
gfc   144   51  2.27864170619639E-13 -3.76219107296142E-14
gfc   144   52  1.08013156105152E-13  8.94746304429269E-14
gfc   144   53 -1.41326831017089E-13 -2.05796491195490E-14
gfc   144   54 -1.09325761173565E-13  2.61927682557393E-14
gfc   144   55 -5.29505961280613E-14  3.67565260238169E-14
gfc   144   56  2.63259107856355E-13 -4.33304277381701E-14
gfc   144   57  3.02701123225476E-14  3.71562664767186E-14
gfc   144   58 -1.19375728068932E-13  3.32794810475984E-14
gfc   144   59 -1.62326050114584E-13  3.85159584595754E-14
gfc   144   60  7.16629922430271E-14 -4.59765624987997E-14
gfc   144   61  8.76141813418574E-14  2.39972323832938E-14
gfc   144   62 -2.64329313349096E-14  2.58398104637647E-14
gfc   144   63 -2.45175175505462E-13  1.06756873869919E-13
gfc   144   64 -1.86552614602467E-13  1.72082570863777E-15
gfc   144   65 -8.17503294594588E-14  1.18400467536108E-13
gfc   144   66  2.64222230095992E-13  1.20497961940786E-15
gfc   144   67  4.26485336949067E-14  7.50029663952294E-14
gfc   144   68 -3.28919137635510E-15 -9.77759990636813E-14
gfc   144   69 -1.32359919708582E-13 -1.20422210024966E-13
gfc   144   70  5.82556547737032E-14 -4.73505224737271E-14
gfc   144   71 -1.35976357554457E-14 -3.65019381648439E-14
gfc   144   72 -2.16229852347827E-13  2.09396186366038E-13
gfc   144   73  1.35628972787378E-14 -9.73215284313498E-14
gfc   144   74 -5.38719912305435E-14 -1.93754737718067E-13
gfc   144   75  1.77091990689672E-13 -2.66389454137970E-14
gfc   144   76 -1.10276445669543E-14  6.62620501951260E-14
gfc   144   77 -1.63199321402669E-14  2.11310765107847E-14
gfc   144   78 -9.04411138817754E-14 -1.50750040267043E-13
gfc   144   79  2.33077055263798E-13 -6.25459029610992E-16
gfc   144   80 -9.60674735626767E-14  4.21469607623762E-14
gfc   144   81  2.87974710157424E-14  1.51818453446346E-13
gfc   144   82 -2.19774421690516E-13 -1.52282475597626E-13
gfc   144   83  1.97971093913200E-13 -8.44149731575667E-14
gfc   144   84  1.01971089114671E-13  5.03577941293507E-14
gfc   144   85  1.15227990124254E-14  2.38645176179094E-13
gfc   144   86 -7.96150548739949E-14 -6.88413685026228E-14
gfc   144   87  1.20232157714584E-13 -1.30424907439796E-13
gfc   144   88  7.91829959867741E-14  5.46409435295117E-14
gfc   144   89 -8.22228524809582E-14  1.14195853111860E-13
gfc   144   90 -2.04144032015236E-13 -5.75452207080967E-14
gfc   144   91  1.73301834952898E-13 -1.65380855458503E-13
gfc   144   92  8.49883576479101E-14  2.10675276548894E-13
gfc   144   93 -7.64012102641430E-14  6.85968180241986E-14
gfc   144   94 -1.37150220363877E-13 -6.40582944313580E-14
gfc   144   95  9.65685955978694E-14 -1.84374546376709E-14
gfc   144   96 -5.95851102220992E-14  1.88945603284828E-13
gfc   144   97 -8.24841197407179E-14 -1.76113677677261E-14
gfc   144   98 -1.74414673326112E-13 -1.85390658232799E-13
gfc   144   99  2.75069715879224E-13 -2.06234776044524E-14
gfc   144  100 -2.17133700709019E-13  1.64437252208611E-13
gfc   144  101 -4.62832433748345E-14 -8.10167956555998E-14
gfc   144  102 -1.47868625474118E-13 -1.75050900922159E-13
gfc   144  103  3.04899792501965E-13 -1.00215922695939E-13
gfc   144  104 -2.59440353226790E-13  1.33961790310055E-13
gfc   144  105  1.25516956649445E-13 -2.90524797129710E-13
gfc   144  106  9.04881163895483E-14  3.24629379704503E-14
gfc   144  107 -3.52961885540549E-14 -3.97608750784009E-14
gfc   144  108 -1.39157655809968E-13 -1.96697927385858E-13
gfc   144  109  4.41476541110816E-13 -1.55891281844809E-13
gfc   144  110 -5.42448418050128E-14  3.19126102570282E-13
gfc   144  111 -6.17214224608234E-14 -3.26398966870669E-13
gfc   144  112  3.22924767932392E-13  1.49452547288930E-13
gfc   144  113 -1.94414413086424E-13  8.32426876721307E-15
gfc   144  114  2.78701715836774E-13 -9.79087355712366E-14
gfc   144  115 -4.55513580588507E-14  2.92742269934021E-13
gfc   144  116  8.79168508704478E-15 -1.62660354387064E-13
gfc   144  117  1.06325753973001E-13  1.46480946325784E-13
gfc   144  118  2.67122803612433E-14  8.94938413176520E-14
gfc   144  119 -4.30789447585725E-14  1.00787514286801E-13
gfc   144  120  1.82888076417315E-14 -4.74418171539363E-14
gfc   144  121 -8.52355570673319E-14  1.72108105845281E-13
gfc   144  122 -6.35475771403291E-15 -7.19385496121339E-15
gfc   144  123 -7.96870428174235E-14  1.24462614752695E-13
gfc   144  124 -1.23734114258046E-13 -9.32481351166364E-14
gfc   144  125 -3.70422525137881E-14  7.81988595103344E-14
gfc   144  126 -5.42759874075037E-14 -1.03388455214016E-13
gfc   144  127 -8.31567326227205E-17  7.34378693587540E-14
gfc   144  128 -1.44875710869679E-13 -1.55069935877760E-13
gfc   144  129  7.35271909789118E-14  2.44966740095638E-14
gfc   144  130 -9.74787011107373E-14 -1.67383077963686E-13
gfc   144  131  1.23922859891319E-13  3.94899681852129E-14
gfc   144  132 -1.18558259270072E-13 -7.82384796894960E-14
gfc   144  133  2.06720870084965E-13  8.63291640485463E-15
gfc   144  134 -9.53850359910584E-14 -3.85458566829565E-14
gfc   144  135  1.62657016472679E-13  1.75091541768579E-15
gfc   144  136 -1.02041523842139E-13  8.24203698867156E-14
gfc   144  137  1.82838231090111E-13 -6.92810009004616E-14
gfc   144  138 -6.43562311091051E-14  2.11588991547188E-13
gfc   144  139  3.40461823539360E-14 -9.56214270350188E-14
gfc   144  140 -2.87466341839169E-14  2.02225856386750E-13
gfc   144  141 -1.99187855099468E-13 -1.35085427962141E-13
gfc   144  142  5.86289097004542E-14 -1.46862682804681E-13
gfc   144  143  1.44435275599488E-13 -4.79243626010763E-14
gfc   144  144  2.88847129292639E-14  1.13691551222811E-13
gfc   145    0  1.26490061328633E-13  0.00000000000000E+00
gfc   145    1  1.23384186897916E-13 -8.91095518639282E-14
gfc   145    2  2.42907702979300E-13 -2.45120637667142E-13
gfc   145    3  1.73766217716195E-13 -1.47666645664446E-13
gfc   145    4  1.34755355641765E-13  9.49280423453579E-14
gfc   145    5  1.55060341021669E-13 -4.84291063058604E-14
gfc   145    6 -1.09341081787948E-13  6.02982080805522E-14
gfc   145    7  1.10119972184874E-13 -9.79844657557433E-15
gfc   145    8 -1.09066167652376E-13 -2.34021921499299E-13
gfc   145    9 -7.19714672868682E-15 -2.79017440076175E-13
gfc   145   10 -9.84360015331754E-15 -4.85214879273641E-14
gfc   145   11  1.23242829231699E-13 -2.39937814723062E-13
gfc   145   12  6.59797087925816E-14  8.05103821730179E-14
gfc   145   13  2.09069861123703E-13 -2.18983552841633E-14
gfc   145   14  1.98922571754380E-13 -2.14265878971489E-13
gfc   145   15  2.65291211763877E-13  5.34070762084000E-14
gfc   145   16  2.47261216134809E-13  4.93595174063332E-14
gfc   145   17  2.94134466506036E-13  3.79894401057258E-14
gfc   145   18  8.89368061734679E-14  1.76652818108215E-13
gfc   145   19  2.04756793458581E-13  1.45640634397416E-13
gfc   145   20  1.37629995174899E-13 -5.18699720985552E-16
gfc   145   21 -6.70664722445701E-15 -7.00710546198431E-14
gfc   145   22  1.53532126034305E-13  1.83886996161068E-13
gfc   145   23  4.79515122116311E-13  2.41692519629058E-13
gfc   145   24  1.30936929860498E-13 -7.30821614178343E-14
gfc   145   25  5.21376186338866E-14  3.38461867350713E-14
gfc   145   26  1.41642089667238E-13  1.78118528348681E-13
gfc   145   27  1.78787880350631E-13 -1.32442856837011E-13
gfc   145   28  2.39255993579542E-13 -5.69298244409796E-14
gfc   145   29  3.44422766515759E-13  2.12267804659140E-13
gfc   145   30  1.45011219520623E-13 -1.39329483541764E-13
gfc   145   31  3.56426881862413E-15 -1.52513576271572E-13
gfc   145   32 -4.22070758058663E-14 -5.49517363734770E-14
gfc   145   33  1.22045145751065E-13  8.42303560518213E-14
gfc   145   34  1.22557162944381E-14 -4.09513116719448E-13
gfc   145   35 -2.65737412075078E-13 -4.02401775028725E-13
gfc   145   36 -3.81815908802422E-13  7.93268757652461E-14
gfc   145   37 -1.41247230513524E-13  4.37333528634739E-13
gfc   145   38  2.61389209131564E-14  2.81295503583553E-14
gfc   145   39  1.50074162179233E-13 -1.32956847233460E-13
gfc   145   40 -2.34752720427654E-14 -1.94469467164137E-13
gfc   145   41  1.27092380995831E-14  2.20324211400393E-13
gfc   145   42 -5.88795617783171E-14 -5.71189921933804E-14
gfc   145   43 -5.35561589971599E-15 -6.07765405640597E-14
gfc   145   44 -1.96308928399917E-13 -2.67168571245525E-13
gfc   145   45 -8.70655481092580E-14  1.30434587604082E-14
gfc   145   46 -1.31465920114611E-13  5.22221645155213E-15
gfc   145   47 -1.31170719671175E-13  7.01485107023663E-14
gfc   145   48 -3.12463328169190E-13 -4.28645136394655E-14
gfc   145   49 -1.46488255554286E-13 -4.71193331230816E-15
gfc   145   50  4.26885425864845E-14  1.22217570328632E-13
gfc   145   51  1.12277727331099E-13  9.11229202232007E-14
gfc   145   52  8.79213058770773E-14 -2.66872814968434E-14
gfc   145   53 -2.11120740149020E-13 -7.52243155304502E-14
gfc   145   54 -1.27619283394489E-13 -1.15351866589877E-13
gfc   145   55  4.30358773747477E-14  1.10615987218869E-14
gfc   145   56  1.31310207648969E-13  4.35351812271530E-14
gfc   145   57 -2.15718390225352E-14 -7.84131746958006E-15
gfc   145   58 -1.73314473236881E-13 -1.10511076121310E-13
gfc   145   59 -1.44065834560935E-13 -5.97044779729351E-14
gfc   145   60  9.45823627841747E-14  8.12823216497462E-15
gfc   145   61  3.78945224097451E-14 -3.70249084498579E-14
gfc   145   62 -5.42078328551942E-14  2.06677377974804E-14
gfc   145   63 -1.94066596901731E-13 -9.91520274926586E-14
gfc   145   64 -5.34106215294269E-14 -5.07470638127507E-15
gfc   145   65  7.93775655865502E-14  1.01394279980523E-13
gfc   145   66  1.85212668932694E-13  1.47768494518287E-13
gfc   145   67 -4.51285051152160E-14 -6.75108675487821E-15
gfc   145   68 -5.97242949639417E-14 -1.24424094631367E-13
gfc   145   69 -3.55332465756953E-14 -2.35033451421989E-13
gfc   145   70  1.78351116678013E-13 -4.37895813460218E-14
gfc   145   71 -4.27653337465795E-14 -8.85953639421066E-14
gfc   145   72 -1.04133654026601E-13  2.02644246727413E-13
gfc   145   73  5.39827881820931E-14 -1.46238940611301E-13
gfc   145   74  9.00203401875249E-14 -8.78883369816855E-15
gfc   145   75  5.85649125733332E-14  2.93228236189441E-14
gfc   145   76 -4.85315047358894E-14  1.26089537358164E-13
gfc   145   77 -3.06170319453788E-14 -1.90805197077519E-13
gfc   145   78  8.08197416415589E-14 -1.82197643537738E-15
gfc   145   79  2.28784400895586E-13 -4.32242643160672E-14
gfc   145   80 -5.98680590387338E-14  2.08134309499205E-13
gfc   145   81 -8.15893647140795E-14  3.47195133850764E-14
gfc   145   82 -6.40295305190538E-14 -5.79475597535860E-14
gfc   145   83  1.22430642096888E-13  3.48587368349689E-14
gfc   145   84  2.12953186116653E-14  1.08068924511663E-13
gfc   145   85 -1.06396643840251E-13  7.76042839319687E-14
gfc   145   86 -2.60440927561065E-14 -1.52228582675227E-13
gfc   145   87  1.57123022477277E-13 -9.98416650601246E-14
gfc   145   88  4.48045559705979E-14  2.25292280651009E-13
gfc   145   89 -1.48501334957626E-13  7.03603584970240E-15
gfc   145   90 -6.18167156569918E-14  2.28097879145931E-14
gfc   145   91  2.13041171772150E-14 -1.03150987126345E-13
gfc   145   92 -1.44007705727421E-14  1.45792795285126E-13
gfc   145   93 -3.00915992635836E-14 -1.21306211285706E-13
gfc   145   94 -7.39120928631008E-14  6.17468780880081E-14
gfc   145   95  6.21335606845512E-14 -2.52979261351161E-13
gfc   145   96  5.83317299028576E-14  3.17389871487301E-13
gfc   145   97 -1.63757916391881E-13 -1.17567733639169E-13
gfc   145   98 -1.10242808195215E-13 -9.98769043558634E-14
gfc   145   99  2.22042318465932E-13 -2.07271478052793E-13
gfc   145  100 -2.65528145094357E-14  2.31166940093224E-13
gfc   145  101 -8.39755948454581E-15 -2.22445934207123E-13
gfc   145  102  1.27256234697482E-13  3.69425047092263E-14
gfc   145  103  1.62018136437081E-13 -9.51383072358961E-15
gfc   145  104 -2.58748821128528E-13  1.15728441525280E-13
gfc   145  105  2.11126268370976E-13 -3.51966833348031E-13
gfc   145  106  1.86811473951774E-13  2.94007625212222E-13
gfc   145  107  2.09585557826174E-14 -5.96208761899730E-14
gfc   145  108 -6.03874607027418E-14  4.46662026104065E-14
gfc   145  109  2.14222828474557E-13 -1.47259965396900E-13
gfc   145  110 -3.56289258970977E-14  3.57459095065083E-13
gfc   145  111 -6.62238766444617E-14 -2.78013821888159E-13
gfc   145  112  3.63113279467853E-13  2.25569210657715E-13
gfc   145  113 -3.39308572177059E-13  2.04848281724875E-13
gfc   145  114 -1.24874658181616E-14 -1.81026817075080E-13
gfc   145  115  1.01977686281442E-13  2.35316236191595E-13
gfc   145  116 -9.42544768527705E-14  2.20194182660223E-15
gfc   145  117 -4.84559511312987E-15  1.00154848429654E-13
gfc   145  118 -1.54441076237702E-13 -1.49695705143859E-14
gfc   145  119  7.34751426065873E-14  2.70135339200385E-14
gfc   145  120 -1.61394412311917E-13 -1.54800835158840E-14
gfc   145  121 -4.91393072412997E-14 -1.43940044816834E-15
gfc   145  122 -1.34064439079779E-13 -3.82120247451499E-14
gfc   145  123  4.36988277996890E-14  2.66358755640418E-14
gfc   145  124 -1.39041976831194E-13 -9.53853562974669E-14
gfc   145  125  5.64137211631491E-14 -1.27379488798476E-13
gfc   145  126 -6.31970772546763E-14 -6.33374435118948E-14
gfc   145  127  1.53043415173210E-13 -4.59197338765319E-14
gfc   145  128 -7.98846981712459E-14 -9.35242146226312E-15
gfc   145  129  1.47070496344740E-13 -1.24180128284252E-13
gfc   145  130 -2.76629731625636E-14  4.74554821194486E-14
gfc   145  131  1.93510174769248E-13 -6.50603092326914E-14
gfc   145  132 -3.58629096602971E-14  1.31321834755161E-13
gfc   145  133  9.79914804705242E-14 -7.87311685269900E-14
gfc   145  134 -1.68397249293998E-14  1.81549849008493E-13
gfc   145  135  5.77907789363151E-14 -1.37092509462557E-13
gfc   145  136 -5.72641986454637E-14  2.08042954971976E-13
gfc   145  137 -7.19865234388819E-14 -7.33679798024924E-14
gfc   145  138  4.66008793371070E-14  1.41750170069878E-13
gfc   145  139 -1.85819671172814E-13 -5.91400159368645E-14
gfc   145  140  9.52624849118346E-14  6.49401095635112E-15
gfc   145  141 -1.65720703564504E-13  3.00907409249438E-16
gfc   145  142  1.12231949863531E-13 -1.72102840595806E-13
gfc   145  143  1.61724232969162E-13  5.95662893108796E-14
gfc   145  144 -1.29748273512525E-14  1.22019358440162E-13
gfc   145  145 -7.79523542947920E-14 -7.16034053004107E-15
gfc   146    0 -1.19071237070270E-13  0.00000000000000E+00
gfc   146    1 -1.35448154470809E-14 -2.29377273212902E-13
gfc   146    2  1.13144948269607E-14 -4.63001556573798E-15
gfc   146    3 -1.16086519198954E-13 -6.58500597634161E-14
gfc   146    4  2.85373431703950E-14  2.39966124109827E-13
gfc   146    5 -7.47053435056942E-14  1.19436457397710E-13
gfc   146    6 -1.00449867763993E-13  1.20664288926432E-13
gfc   146    7 -7.64050046115869E-14  6.59158076690687E-14
gfc   146    8 -6.46604575593164E-14  5.16075596522270E-14
gfc   146    9 -1.35157400465945E-13 -5.83818071076903E-14
gfc   146   10 -6.27916030712395E-14  1.67011419912909E-13
gfc   146   11  5.21522453679188E-14  8.74772251627029E-14
gfc   146   12 -1.07361277564689E-14  7.69979655552619E-14
gfc   146   13  1.96006863302078E-13 -1.07198404802108E-14
gfc   146   14  1.72843447181250E-13 -2.46686045768309E-14
gfc   146   15  1.30974575992528E-13 -2.81754398488482E-14
gfc   146   16  2.14381645765694E-13  1.93682187307740E-13
gfc   146   17  1.85263532184904E-13  1.29026244046582E-13
gfc   146   18  5.15478939524654E-14  1.24146328845792E-13
gfc   146   19  7.19152774663582E-14  1.47019371389753E-13
gfc   146   20  1.66554961620710E-13  1.00330128411025E-13
gfc   146   21 -1.91146315484238E-14  9.32139991698004E-14
gfc   146   22 -2.50818613447156E-15  4.27600150128008E-13
gfc   146   23  2.48264165622469E-13  2.23831806750624E-13
gfc   146   24  1.73661121557071E-13 -5.40025641705599E-14
gfc   146   25 -9.74535278437801E-14  3.10734538875593E-14
gfc   146   26  8.27363160830492E-14  1.05077594554652E-13
gfc   146   27  2.53177146278088E-13  6.50214079076111E-14
gfc   146   28  4.53275528782762E-15  1.25444088189133E-13
gfc   146   29  1.29572910270313E-13 -3.26043183741423E-14
gfc   146   30  5.40168437505345E-14  4.21018761211865E-15
gfc   146   31 -9.58154389838238E-14 -3.11924209965328E-13
gfc   146   32 -2.47722012464713E-13 -5.12948906616075E-14
gfc   146   33  2.88946771892288E-13 -1.40468599327676E-13
gfc   146   34  2.18820796336582E-13 -6.03735138095040E-14
gfc   146   35 -3.33806444654674E-13 -1.85503675995670E-13
gfc   146   36 -7.81871772462700E-13  1.43694395339787E-13
gfc   146   37 -2.45157232422617E-13  1.40329585596878E-13
gfc   146   38  2.91743647923005E-13  1.21770008924086E-13
gfc   146   39  1.57132024339597E-13 -1.28013894844946E-13
gfc   146   40 -1.66337323494743E-13  1.17639403058249E-14
gfc   146   41 -1.82157628406408E-13  5.35376023176560E-14
gfc   146   42 -1.82018098967889E-14 -1.66893246128140E-13
gfc   146   43 -4.73295583131475E-14 -2.53785699321392E-13
gfc   146   44 -7.61616672195726E-14 -2.27675630093739E-13
gfc   146   45 -1.50093488553732E-13  1.88259368917669E-14
gfc   146   46 -2.46370766493238E-13  3.51612104368575E-14
gfc   146   47 -1.60489714505038E-13  1.06759207907460E-14
gfc   146   48 -2.19040430150907E-13 -1.46503898358731E-14
gfc   146   49 -1.08471568555206E-13  3.56041839741634E-14
gfc   146   50  6.56591818159424E-15  9.81878697747152E-14
gfc   146   51  1.11116111644721E-13  1.27087116291271E-13
gfc   146   52 -2.13625406010181E-14 -5.27876787212233E-14
gfc   146   53 -4.62341412536057E-14 -3.26121504643672E-13
gfc   146   54 -7.45837871901250E-14 -1.67514255215051E-13
gfc   146   55  3.23131713034680E-14  1.23834676791771E-13
gfc   146   56  1.75959978399453E-13  3.96627750448246E-14
gfc   146   57 -3.13966504092931E-14 -9.64379283000126E-14
gfc   146   58 -1.02021348568022E-13 -1.77682358639629E-13
gfc   146   59 -1.05119639101072E-14 -7.99196434416308E-14
gfc   146   60  1.40372003796484E-13  8.04218422314804E-14
gfc   146   61 -2.47072556499747E-14  7.02712265343477E-14
gfc   146   62 -5.39328948033592E-15 -9.49575944067157E-14
gfc   146   63 -1.51481429370362E-13 -1.15058621978561E-13
gfc   146   64  4.82033065622083E-14 -3.58474532819507E-14
gfc   146   65  1.21884285363173E-13  1.65891388151397E-13
gfc   146   66  2.25095483893137E-13  1.29029065808073E-13
gfc   146   67 -2.92209050790191E-15 -2.29362163552736E-14
gfc   146   68  7.20799759352002E-14 -9.99206409559529E-14
gfc   146   69  6.11248149164323E-14 -7.86644076933286E-14
gfc   146   70  7.32182372957288E-14  8.94123466958198E-14
gfc   146   71 -1.70487772714345E-13 -2.01130198885945E-14
gfc   146   72 -9.26905095366612E-14  8.30263142898268E-14
gfc   146   73  8.65125161235236E-14 -1.26162939549914E-13
gfc   146   74  1.76786506347948E-13  2.78891996805809E-14
gfc   146   75 -5.08974406213764E-14  1.98145309791615E-13
gfc   146   76 -1.13650813026186E-15  6.69749320775395E-14
gfc   146   77 -6.03396422460003E-14 -1.31590121902534E-13
gfc   146   78  1.24834617288999E-13  3.62355732327124E-14
gfc   146   79  5.58223000946215E-14  3.50481945904226E-14
gfc   146   80 -1.25713658189660E-13  1.87589111609799E-13
gfc   146   81 -1.11556547775370E-13 -1.11743153685565E-13
gfc   146   82  6.59373397938307E-14 -3.31679934367655E-14
gfc   146   83  4.53333408748852E-14  2.63056236477808E-14
gfc   146   84  4.05323677623097E-14  1.63416335415139E-13
gfc   146   85 -2.31867384900350E-13 -1.98743077567613E-14
gfc   146   86  1.00117265237586E-13 -1.39003583722504E-13
gfc   146   87 -5.10397058199342E-14 -6.75427855002382E-15
gfc   146   88  6.22548869477459E-14  1.53390203964513E-13
gfc   146   89 -2.36109501114871E-13 -7.15936476354336E-14
gfc   146   90  2.16630028666956E-13 -8.88506232149591E-14
gfc   146   91 -1.44342377533833E-14 -2.27843894160656E-14
gfc   146   92  1.16113347717169E-13  2.17240047648197E-13
gfc   146   93 -3.64313585649395E-13 -1.22977095426245E-13
gfc   146   94  2.22190821432241E-13 -1.31852662493782E-13
gfc   146   95  9.67377416237880E-15 -9.29607420441964E-15
gfc   146   96 -2.22402790408062E-14  1.92878572903879E-13
gfc   146   97 -1.14690619659229E-13 -3.09161725568157E-13
gfc   146   98  2.40706030958525E-13  1.50081225162153E-14
gfc   146   99  5.62770886568176E-14  8.05198742900549E-14
gfc   146  100 -6.60200599112398E-14  1.83629698156176E-13
gfc   146  101 -4.32297820641610E-14 -2.88436879364857E-13
gfc   146  102  2.47818770335099E-13  1.73857489460850E-13
gfc   146  103  4.24957800806955E-14  3.47562801283900E-14
gfc   146  104 -3.04925708879006E-14  1.69852873307519E-13
gfc   146  105  9.92053523814605E-15 -1.25388906949417E-13
gfc   146  106  9.29454460543692E-14  2.60365311811168E-13
gfc   146  107 -1.86501819477767E-13 -4.30621911217429E-14
gfc   146  108  1.07604613418241E-13 -6.63318738917641E-14
gfc   146  109  1.44631099453342E-13  8.12520524787689E-14
gfc   146  110 -2.27120802664788E-13  2.92406033772856E-13
gfc   146  111 -2.01875899480354E-13 -3.26222559233172E-13
gfc   146  112  2.75207213890855E-13  2.06562511090022E-13
gfc   146  113 -4.01727041194396E-13  1.23300959980690E-14
gfc   146  114  1.70842829118006E-13 -1.79972269244628E-13
gfc   146  115 -1.25634225635653E-13  2.44970268334164E-13
gfc   146  116 -1.54541350147357E-13 -2.36003356211470E-13
gfc   146  117  1.71816220218704E-13 -4.60968166330739E-14
gfc   146  118 -1.73979748812423E-13  4.68751101322355E-14
gfc   146  119  2.20319758958478E-16 -1.87856175580984E-13
gfc   146  120 -4.43601908559380E-14 -3.38306314238086E-14
gfc   146  121  7.36399555167935E-14 -1.00794521181620E-13
gfc   146  122  3.15046809296941E-15  2.55163204357825E-14
gfc   146  123  4.07482792795821E-14 -1.10393366539995E-13
gfc   146  124 -1.13704283449194E-14  4.14252166207262E-14
gfc   146  125  7.31572179225831E-14 -1.55365370277997E-13
gfc   146  126  6.34586923860655E-14  3.92534403746888E-14
gfc   146  127  7.90924328085058E-14 -7.50334172203763E-14
gfc   146  128  6.42292311567856E-14  1.43507846808583E-13
gfc   146  129  1.51615106059168E-14 -7.66133586740268E-14
gfc   146  130  8.06531920411596E-14  1.41398688099000E-13
gfc   146  131 -4.93306912167033E-14 -3.43155678646621E-14
gfc   146  132  1.12634236512783E-13  1.61339500665269E-13
gfc   146  133 -1.22834296505236E-13 -6.45620687593736E-14
gfc   146  134  5.61020491131385E-14  1.26614731108156E-13
gfc   146  135 -1.52044819996197E-13 -2.08741463631808E-14
gfc   146  136  8.89061028325045E-14  4.01152577658236E-14
gfc   146  137 -1.84568228197754E-13 -8.49699898183089E-15
gfc   146  138  8.69877441673969E-14 -5.16975803345961E-14
gfc   146  139 -1.42781829675887E-13  3.60118509548107E-15
gfc   146  140  7.26105980507788E-14 -1.51679507013255E-13
gfc   146  141 -8.87202779532606E-15  5.84823717704749E-14
gfc   146  142  7.02759506691114E-14 -1.74894759027886E-13
gfc   146  143  1.51623920307880E-13  1.34066261444497E-13
gfc   146  144 -3.37397100462575E-14  1.44166020796944E-13
gfc   146  145 -1.54368721438316E-13 -6.73247808967217E-15
gfc   146  146  1.20236190188242E-14 -8.65544158797131E-14
gfc   147    0  2.13467650907099E-13  0.00000000000000E+00
gfc   147    1  1.49473920674484E-13  1.51679087156830E-13
gfc   147    2  2.35294025461590E-13 -6.90507086663072E-14
gfc   147    3  2.44575053985462E-13  2.24813621803041E-14
gfc   147    4  8.15582270191748E-14  1.41543934202346E-13
gfc   147    5  1.34658407191086E-13  1.67009886069196E-13
gfc   147    6  1.24299781755724E-13 -8.61150014650268E-15
gfc   147    7  3.10742583934797E-14  1.88906287646194E-13
gfc   147    8  9.03069414168438E-14  5.56987883910406E-14
gfc   147    9 -8.10530219577693E-14  2.35153153493031E-14
gfc   147   10 -1.06520049264327E-13  1.41242024942686E-13
gfc   147   11 -1.48545127159149E-14 -1.12073170158215E-14
gfc   147   12  1.48145877029870E-13 -7.66599678808888E-14
gfc   147   13  1.66329520533445E-14  3.68419846179659E-15
gfc   147   14  3.61392006155956E-13 -8.76170496468491E-14
gfc   147   15  9.56199693624694E-14  9.38119876948136E-14
gfc   147   16  1.74437759401558E-13  2.81708270847965E-13
gfc   147   17  2.27403102508611E-13  2.35275312798653E-14
gfc   147   18  5.13983652313769E-14  3.53222838095599E-15
gfc   147   19  1.21687833320632E-13  4.13719159805756E-14
gfc   147   20  2.63273920576762E-13  1.05796569467516E-13
gfc   147   21 -2.83763423704064E-14  6.71627283827750E-14
gfc   147   22  1.09914800223225E-13  3.18077340495167E-13
gfc   147   23  2.58725152631066E-13  1.97476963017430E-13
gfc   147   24  1.12491011038174E-13 -1.37667447579434E-13
gfc   147   25 -1.03890129088863E-13 -2.33429628374591E-13
gfc   147   26  8.11854136064350E-14  1.77353485649895E-13
gfc   147   27  1.86282890878344E-13 -2.76763120148886E-14
gfc   147   28  2.03960274592273E-13 -7.91124768724823E-14
gfc   147   29 -1.05843975292697E-14  1.63319325254345E-14
gfc   147   30  8.84991713823808E-15 -1.14136778528773E-13
gfc   147   31 -9.23673130295054E-14 -3.37644855413314E-13
gfc   147   32 -1.74783143521326E-14 -1.09903476158717E-13
gfc   147   33  1.13293205067303E-13  3.82410808864150E-14
gfc   147   34 -4.53756311139904E-14 -2.89009988551960E-13
gfc   147   35 -3.19970350179081E-13 -4.82588758002061E-13
gfc   147   36 -3.73354531301403E-13  3.68819017966807E-14
gfc   147   37 -7.09516090580804E-14  4.02979019857785E-13
gfc   147   38  1.60898668516323E-13  2.52858117988962E-13
gfc   147   39  6.14983179732859E-14 -1.35959939534982E-13
gfc   147   40 -1.62302306213366E-13 -7.87324371678116E-14
gfc   147   41 -1.67949367787392E-13  2.76275666552293E-14
gfc   147   42  4.87409632158237E-15 -6.45345933174758E-14
gfc   147   43  8.13446786570220E-14 -2.36976756085797E-13
gfc   147   44 -1.51975381865905E-13 -1.87850506645545E-13
gfc   147   45 -2.17218068558624E-13 -2.81227415263452E-14
gfc   147   46 -2.16457385228449E-13  1.04103835661413E-13
gfc   147   47 -4.44354851600420E-14 -5.85749823622663E-14
gfc   147   48 -9.83955444138302E-14 -8.18986777034168E-14
gfc   147   49 -3.21713432992883E-14 -2.97562160905470E-14
gfc   147   50 -6.44751293257691E-14  3.36164235822968E-13
gfc   147   51  9.61567475748076E-14  1.72701012396532E-13
gfc   147   52  1.86162601919055E-13 -8.75536545530114E-14
gfc   147   53 -6.70605569693307E-15 -3.33161291774601E-13
gfc   147   54 -3.08343828298253E-14 -5.56140689808488E-14
gfc   147   55  4.05742935183882E-14  1.24206114269782E-13
gfc   147   56  5.73277089390662E-14  2.00852250208081E-13
gfc   147   57  7.21860728536626E-14 -1.87903402575451E-13
gfc   147   58  3.85957054141947E-14 -1.73317586106730E-13
gfc   147   59 -2.65758051938346E-14 -3.13048067284930E-14
gfc   147   60  1.11793797151724E-13  1.64856367140097E-13
gfc   147   61 -7.38063564821064E-14  1.29311119113034E-13
gfc   147   62  6.98515927781175E-14 -8.24580632552778E-14
gfc   147   63 -1.10630270514004E-13 -8.07558345850097E-14
gfc   147   64  1.14437395276841E-13  1.14637633512698E-13
gfc   147   65 -5.71532258593626E-14  2.17141491896729E-13
gfc   147   66  1.45869574131750E-13  1.65475332881578E-13
gfc   147   67 -5.01784637510588E-14 -1.09974424916438E-13
gfc   147   68  1.62096989694906E-13 -9.63539231071291E-14
gfc   147   69  5.93664065148942E-14 -8.82798332895254E-14
gfc   147   70  1.24476369139826E-14  1.28734910250921E-13
gfc   147   71 -2.16180550125359E-13  3.84014609307802E-14
gfc   147   72 -6.49702625238308E-14  7.62545717010911E-14
gfc   147   73  5.86800678299315E-14  4.70749080431714E-14
gfc   147   74  1.83291927031185E-14 -2.00197535392939E-15
gfc   147   75 -1.58199924117068E-13  1.60427756270305E-13
gfc   147   76  2.16460457920273E-15 -1.06515962546907E-13
gfc   147   77  2.38642748048132E-14 -1.09444763352238E-13
gfc   147   78  1.17895616095884E-13  7.93698041762527E-14
gfc   147   79 -9.21233852777691E-14  7.28610459424735E-14
gfc   147   80 -1.35709154172383E-13  2.54456285821623E-14
gfc   147   81 -6.82124349429027E-14 -7.86490272020799E-14
gfc   147   82  7.59556527791060E-14 -1.27857931220676E-13
gfc   147   83  4.31622725717568E-14  1.27422807627458E-13
gfc   147   84 -1.37442809825273E-13 -6.01697123337109E-14
gfc   147   85 -4.16586435264639E-14 -5.13667114801330E-14
gfc   147   86  1.13930418107347E-13 -1.52560803240323E-13
gfc   147   87  3.75526918971623E-14  1.43889082899777E-13
gfc   147   88 -5.89048602565914E-14  3.05449519813336E-14
gfc   147   89 -1.48549377519378E-13 -3.10097541177615E-14
gfc   147   90  2.54329178969830E-13 -1.45871548061989E-13
gfc   147   91 -2.85593120449913E-14  1.69080552337725E-13
gfc   147   92  6.36789962878157E-14 -7.86584861628278E-14
gfc   147   93 -7.50429605379821E-14 -4.11493309185051E-14
gfc   147   94  2.11241526921392E-13  1.56434234995743E-14
gfc   147   95 -1.29513517413932E-13  1.25998601407054E-13
gfc   147   96  6.44049234691952E-14  5.93236786175036E-14
gfc   147   97 -1.57339924264920E-13 -7.39218116611024E-14
gfc   147   98  1.66915717485547E-13 -1.02346468630209E-13
gfc   147   99 -6.14258727208323E-16  1.56136099163680E-13
gfc   147  100  3.65742718544558E-14  8.56886349833077E-14
gfc   147  101 -7.63066168397312E-14 -2.80989987398638E-14
gfc   147  102  1.05944878459388E-13  1.02033283712122E-13
gfc   147  103 -1.35948258764772E-13  1.10672919785165E-13
gfc   147  104 -8.57953539276649E-14 -5.53639633456042E-14
gfc   147  105  1.11823945823213E-13 -6.71100803692193E-14
gfc   147  106  7.63369368582461E-14  2.54003058733961E-13
gfc   147  107 -3.45364907811038E-13 -5.59785815753935E-14
gfc   147  108  1.28163244667008E-13 -9.96436948869250E-14
gfc   147  109 -5.91335688843694E-14  6.56587729647870E-14
gfc   147  110 -4.18969291173200E-14  7.96365368419441E-15
gfc   147  111 -1.51963072672165E-13 -2.23614299467153E-13
gfc   147  112  2.33956834326985E-13  1.13913676163424E-13
gfc   147  113 -3.91113513484109E-13  4.37892734927689E-14
gfc   147  114  1.76167549242453E-13 -3.16348427017202E-13
gfc   147  115  6.48293716944433E-14  1.03729547517667E-13
gfc   147  116 -7.25580356703177E-15 -1.20011375573106E-13
gfc   147  117  4.01807685393883E-14 -1.46239132271692E-14
gfc   147  118 -1.93402409191508E-14 -3.80671118890643E-14
gfc   147  119  1.22134265899697E-13 -1.49341273182155E-13
gfc   147  120  7.14358497699815E-14  7.51816439636042E-14
gfc   147  121 -1.99648728141776E-14 -7.61387643622316E-14
gfc   147  122  2.03676166034811E-13  6.24258376187799E-14
gfc   147  123  1.98695019248783E-14 -7.27980814763166E-15
gfc   147  124  6.50805960009517E-14  6.52076594557806E-14
gfc   147  125 -4.26910499716009E-14 -1.03875964383659E-14
gfc   147  126  1.33608019253585E-13  7.79787507884153E-14
gfc   147  127 -4.45569299915452E-14  5.56643874061034E-14
gfc   147  128  5.19614310202312E-14  5.80123732845321E-14
gfc   147  129 -1.41176765000180E-13  5.36116475043773E-14
gfc   147  130  9.11025754350823E-14  4.33482616402657E-15
gfc   147  131 -1.45317743434961E-13  8.34010341252579E-14
gfc   147  132  4.71599551774813E-14 -1.88187285610880E-14
gfc   147  133 -1.46850654043981E-13  5.74678004373820E-14
gfc   147  134  5.20494733646167E-14 -1.13935928583718E-13
gfc   147  135 -1.40765156531154E-13  3.76451643634927E-14
gfc   147  136  5.61105462607460E-14 -1.39150435512226E-13
gfc   147  137 -5.71812397743915E-14  6.98586472495227E-14
gfc   147  138  4.47705326101253E-14 -2.13728708835907E-13
gfc   147  139  1.01842144102255E-14  8.99407498630579E-14
gfc   147  140 -7.60240290682247E-15 -1.26839462478133E-13
gfc   147  141  1.20507184696199E-13  1.09379616847595E-13
gfc   147  142 -8.18225458885563E-14 -1.28060812719607E-14
gfc   147  143  1.63688698205254E-13  2.29988743750191E-14
gfc   147  144 -1.07523541708763E-13  1.62280086385889E-13
gfc   147  145 -1.12930791706934E-13 -4.99238347858003E-14
gfc   147  146  1.39511346139804E-15 -1.43396638565541E-13
gfc   147  147  6.18943134493274E-14  2.20600590147616E-14
gfc   148    0 -6.84694937268777E-14  0.00000000000000E+00
gfc   148    1 -1.03848628616134E-13 -2.01117781878258E-13
gfc   148    2 -1.75227828727414E-13  2.30758556152558E-14
gfc   148    3 -1.57258939883424E-13 -9.86665061158113E-14
gfc   148    4 -2.83123454070684E-13 -4.08251216902357E-14
gfc   148    5 -3.98905703470243E-14  1.62247865656088E-13
gfc   148    6 -1.20666256019627E-13 -1.36908134646207E-13
gfc   148    7 -2.10744927625559E-13  1.75564879081162E-13
gfc   148    8 -4.11018065668947E-14  9.73094537225182E-14
gfc   148    9 -2.35812516923657E-13  1.30134879258166E-13
gfc   148   10 -3.38255313815692E-13  6.49782739931747E-14
gfc   148   11 -8.40654021761563E-15  6.47524064764330E-14
gfc   148   12 -1.09463988510291E-13 -1.87411916669656E-13
gfc   148   13  5.22013745157591E-14 -2.81586920428182E-14
gfc   148   14  2.07750544465268E-13 -9.04570682933520E-14
gfc   148   15 -2.08702915554575E-14  7.79127970537259E-15
gfc   148   16  1.19827087900966E-13  7.31243191413837E-14
gfc   148   17  2.00416294472572E-13  2.13850240553111E-14
gfc   148   18 -1.19757608538412E-15 -1.74291167021326E-13
gfc   148   19  1.10425737524967E-13  8.35851930352047E-14
gfc   148   20  1.32793390286751E-13  2.22032034189384E-14
gfc   148   21  2.98954318241210E-14  1.57236714561230E-13
gfc   148   22  2.86214645631479E-14  2.24187773206435E-13
gfc   148   23  1.36209283919507E-13  9.81932611881163E-14
gfc   148   24  2.72831844012273E-13 -2.96204616908164E-13
gfc   148   25 -3.30749139998523E-14 -1.31827394866363E-13
gfc   148   26  1.24920597351403E-14  3.60688322325374E-14
gfc   148   27  2.34368939993044E-13  1.35952870742189E-13
gfc   148   28  4.86720218413056E-14 -1.24095078336705E-13
gfc   148   29 -1.16787257181651E-13 -1.66177736508573E-13
gfc   148   30  1.03705056046583E-13 -1.19616191975016E-13
gfc   148   31  1.50716254384979E-14 -1.69072372011837E-13
gfc   148   32  5.00431772933264E-15 -8.61319462534050E-14
gfc   148   33  9.49859422264708E-14 -6.39550413631273E-14
gfc   148   34  1.66768882480092E-13 -1.57776394945794E-13
gfc   148   35 -3.76183022973333E-13 -1.75489945065533E-13
gfc   148   36 -5.60759963902592E-13 -9.26697942264275E-15
gfc   148   37 -1.64127903031691E-13  2.70919563674529E-13
gfc   148   38  4.99803128616621E-13  2.48569343115731E-13
gfc   148   39  5.74466583575870E-14 -3.77307631370946E-14
gfc   148   40 -1.47468599608981E-13 -2.23099908194447E-15
gfc   148   41 -1.86940764087440E-13 -9.43830487498442E-15
gfc   148   42  2.13870050494655E-13 -6.45646029410802E-14
gfc   148   43 -2.44942742204617E-15 -1.51681315559488E-13
gfc   148   44 -6.95875737036428E-14 -3.56570265658809E-14
gfc   148   45 -3.57765856117692E-13  1.00396865256554E-13
gfc   148   46 -2.27877838164044E-13  1.27153034627926E-13
gfc   148   47 -8.91960830126203E-14  1.02375376810830E-13
gfc   148   48 -2.58119665623209E-15  3.90081197714705E-14
gfc   148   49 -1.32385413060552E-13  7.33431239786427E-14
gfc   148   50 -1.17332091063634E-13  2.45533323015668E-13
gfc   148   51  9.33714713097717E-14  1.83169596142936E-13
gfc   148   52  2.41005444517827E-13 -1.90168979752864E-14
gfc   148   53  1.44331646289481E-13 -3.26468059378632E-13
gfc   148   54 -6.53816276647706E-14 -3.98107311551508E-15
gfc   148   55 -1.31817609035902E-13  2.28849969272100E-13
gfc   148   56  4.66008510930077E-14  1.80687584324299E-13
gfc   148   57  4.16731209356551E-14 -1.44059940338346E-13
gfc   148   58  6.95171843691504E-14 -8.46363092629525E-14
gfc   148   59 -5.28604004345677E-14  3.81002671387447E-14
gfc   148   60 -6.02890519106650E-14  1.19948876519423E-13
gfc   148   61 -1.37921694115120E-13  6.20854505732235E-14
gfc   148   62  4.91851364945416E-14 -7.76597434672943E-14
gfc   148   63 -4.83605614729461E-14 -3.53810642442761E-14
gfc   148   64  4.72897431551227E-14  1.61512978273001E-13
gfc   148   65 -6.92836992352008E-14  1.73832102578961E-13
gfc   148   66  3.08084957157422E-14  1.19513728751108E-13
gfc   148   67  7.89080587255868E-15 -1.32913773574470E-13
gfc   148   68  9.45264794042355E-14 -1.15393523685861E-14
gfc   148   69 -1.96842960289792E-14 -1.17568342076922E-13
gfc   148   70 -1.48210273766662E-13  1.21979865983908E-14
gfc   148   71 -1.95461691102231E-13 -1.42454790158042E-13
gfc   148   72 -1.98150755455366E-14  3.12906535485035E-14
gfc   148   73  2.03458611686921E-13  6.81901144458463E-14
gfc   148   74 -8.28125116705309E-14  5.50370483282891E-14
gfc   148   75 -9.27271199596692E-14  9.40664046967849E-14
gfc   148   76 -3.94131788496865E-14 -1.69976598056384E-13
gfc   148   77  7.89068277404930E-14 -1.10970246958594E-13
gfc   148   78  1.33489364866929E-14  7.75399595361290E-14
gfc   148   79 -6.10625159595971E-14 -5.41682770225766E-15
gfc   148   80 -8.48777771966054E-14 -5.24513944598492E-14
gfc   148   81  9.43503474799171E-14 -1.21171096158835E-13
gfc   148   82  7.99538200626205E-14 -1.98274332385163E-14
gfc   148   83  3.10079322431703E-14  7.70879177556795E-14
gfc   148   84 -1.27560635939802E-13 -6.16643660150146E-14
gfc   148   85  4.52166771140573E-14 -4.21423725970340E-14
gfc   148   86  6.60600727124107E-14 -1.08286765967802E-13
gfc   148   87  8.43907671164004E-14  1.87328590364398E-13
gfc   148   88 -1.30492903390990E-13 -8.45907460224249E-14
gfc   148   89  1.32055351328879E-13  2.27526174020397E-14
gfc   148   90  1.08995427313256E-13 -1.08804965769168E-13
gfc   148   91  3.97149223960032E-14  2.83008573282229E-13
gfc   148   92 -1.45714571269698E-13 -9.77886978991957E-14
gfc   148   93  3.97369968063196E-15  7.84681720298575E-15
gfc   148   94  1.15511031405768E-13 -1.61796680846527E-13
gfc   148   95  7.37591821875375E-14  2.91209526738534E-13
gfc   148   96 -2.02920643481369E-13 -2.69167794353721E-15
gfc   148   97  2.23185658688923E-14 -8.23080052167074E-14
gfc   148   98  1.38759871615558E-13  4.16339502464048E-14
gfc   148   99 -1.84283209939956E-13  2.28328059248050E-13
gfc   148  100 -1.04179929219150E-13 -1.61549406462395E-13
gfc   148  101  8.77273617709728E-14 -1.07386351034568E-13
gfc   148  102  1.00988305927320E-13  1.35406210452774E-13
gfc   148  103 -2.06746858539406E-13  8.20826697508172E-14
gfc   148  104 -5.66529313036599E-14 -1.00823834730474E-13
gfc   148  105  1.61528462032814E-14  8.81975917145587E-15
gfc   148  106 -3.15623707976422E-15  4.44022966538952E-14
gfc   148  107 -1.00059055886283E-13 -1.56837845395468E-13
gfc   148  108  1.49368557357727E-13 -7.71821861441348E-14
gfc   148  109 -4.24354268434098E-14  1.08297936277690E-13
gfc   148  110 -1.40416631721843E-13 -6.92561914581213E-15
gfc   148  111  2.41108809487657E-14 -3.23340795580312E-13
gfc   148  112  3.24318049642426E-13  8.39994480472089E-14
gfc   148  113 -2.66859088011138E-13  5.30610770297851E-14
gfc   148  114  2.56560516162199E-13 -2.12445966066340E-13
gfc   148  115  3.97143715936640E-14  3.10063904110947E-13
gfc   148  116 -6.96651018135027E-14 -2.96894279918666E-13
gfc   148  117  2.72271133770927E-13  8.47920367361249E-14
gfc   148  118 -1.10051823352698E-13  1.51068006971308E-13
gfc   148  119  4.41838292212710E-14 -3.44433065885376E-14
gfc   148  120  9.28129089649729E-14  4.78302611709444E-14
gfc   148  121 -2.78440067132694E-14  9.60165979018671E-14
gfc   148  122  5.21195554115032E-14  6.09253741340681E-14
gfc   148  123 -6.91661955424357E-14  6.57910665562829E-14
gfc   148  124  3.79869015708643E-14 -1.43937268190537E-14
gfc   148  125 -7.61745509509287E-14  7.96640306077677E-14
gfc   148  126 -1.05552236846729E-14 -3.25777501525283E-14
gfc   148  127 -5.97653291785922E-14  1.28633700903527E-13
gfc   148  128 -2.87583950812222E-14 -6.10877858900666E-14
gfc   148  129 -9.53614965905681E-14  5.07110333705186E-14
gfc   148  130 -4.22092000469536E-14 -1.12882433006513E-13
gfc   148  131 -1.24292296457085E-15  6.85269115041976E-14
gfc   148  132 -4.57238540735450E-14 -1.28378486053227E-13
gfc   148  133  2.43100900840620E-14  5.05871588086660E-14
gfc   148  134 -8.28742689551270E-14 -1.45108659447391E-13
gfc   148  135  9.67482184723564E-14  7.18079297069212E-14
gfc   148  136 -7.42288306216824E-14 -1.37949370138924E-13
gfc   148  137  1.44061545631661E-13  6.56994906585696E-14
gfc   148  138 -5.45639351370320E-14 -4.75309301426227E-14
gfc   148  139  1.73142822119397E-13 -2.10922681992192E-14
gfc   148  140 -7.79318215950925E-14  3.85761807186309E-14
gfc   148  141  1.61421519548619E-13 -2.88377739941515E-15
gfc   148  142 -1.06196835128708E-13  1.42261068372386E-13
gfc   148  143  1.73644747624574E-14 -3.83155819318246E-14
gfc   148  144 -6.19097679017520E-14  1.04994782742948E-13
gfc   148  145 -1.15574261128582E-13 -9.44781972042446E-14
gfc   148  146  6.84996911787372E-14 -9.27905984416561E-14
gfc   148  147  1.39620785922942E-13  2.31820267011364E-14
gfc   148  148 -2.94557007461360E-14  8.16332823872365E-14
gfc   149    0  8.94017008279358E-14  0.00000000000000E+00
gfc   149    1  4.02249581618514E-14  1.17521540663763E-13
gfc   149    2 -1.51745201145092E-14  5.80319064954536E-14
gfc   149    3  2.28065233862118E-13 -1.54559094371270E-13
gfc   149    4 -1.23524413334508E-13  5.68480980596401E-14
gfc   149    5  2.53820041403900E-13  1.82768552481948E-14
gfc   149    6  1.09934281283837E-13 -1.00704855844898E-13
gfc   149    7  2.73512197391981E-14  1.29279453182502E-13
gfc   149    8  4.95656067373899E-14  1.20488866758658E-13
gfc   149    9  3.65419771709062E-14 -2.29318660615624E-14
gfc   149   10 -1.52089080049431E-13  3.20996375398553E-14
gfc   149   11  1.30704353721444E-13 -9.66978182471476E-14
gfc   149   12  6.03334408399934E-14 -2.22440006036541E-13
gfc   149   13  9.12210328169718E-14  4.17276426563128E-14
gfc   149   14  1.74742373825817E-13 -9.85121670227078E-14
gfc   149   15  1.12405076507688E-13  3.31293587848111E-14
gfc   149   16  1.83803225327597E-13  9.20285006655441E-14
gfc   149   17  3.25705983673537E-13 -1.52734251573581E-13
gfc   149   18  1.62896821350478E-13 -1.27090688219895E-13
gfc   149   19  2.26062839255401E-13  2.74845514147824E-14
gfc   149   20  2.50941264674911E-13  1.58325860076703E-13
gfc   149   21  1.69189966749214E-13  1.37973541428519E-13
gfc   149   22  1.39033557727922E-13  6.37087390808771E-14
gfc   149   23  3.18624792437241E-13  7.72560482836276E-14
gfc   149   24  2.12420894901843E-13 -1.95669855074072E-13
gfc   149   25  3.77157760606884E-14 -2.46577301857828E-13
gfc   149   26  3.62580605468064E-14  1.29846702561006E-13
gfc   149   27  2.24863363815765E-13  9.86294553393100E-14
gfc   149   28  1.72410087301078E-13 -3.12467781647725E-13
gfc   149   29 -7.71421499711790E-14 -6.67047387861139E-14
gfc   149   30  2.63173483828346E-14 -6.69609524487417E-14
gfc   149   31  4.81592707116496E-14 -7.91329310303597E-14
gfc   149   32  5.74207174732904E-14 -1.35882246112273E-13
gfc   149   33  3.40931655134303E-14  8.91931704296821E-14
gfc   149   34 -1.34167969628097E-13 -2.97466155705076E-13
gfc   149   35 -1.61580251047451E-13 -3.71689093323735E-13
gfc   149   36 -2.82856056057618E-13  9.09140539365432E-14
gfc   149   37 -1.22032968748021E-15  6.53780037817349E-13
gfc   149   38  5.06448441942331E-14  3.91368084684847E-13
gfc   149   39  4.66585608938102E-14 -1.47544844525199E-14
gfc   149   40 -1.66959023648814E-13 -1.43224966489467E-13
gfc   149   41 -5.42864551157287E-14  7.07793130364952E-14
gfc   149   42  6.67374688960020E-14  3.57123136224186E-14
gfc   149   43  3.67096821120542E-14 -3.22220794065579E-14
gfc   149   44 -2.00721447917780E-13 -1.22024990490649E-13
gfc   149   45 -3.14257421917388E-13  1.13258007323163E-13
gfc   149   46 -1.80081212932753E-13  1.30429066803985E-13
gfc   149   47  2.54113779336235E-15  2.31965956561313E-13
gfc   149   48 -8.16558811309718E-14  3.63977565032871E-14
gfc   149   49 -2.10540823487377E-13  1.34936204932242E-13
gfc   149   50 -2.26527870341077E-13  2.55477901787724E-13
gfc   149   51  1.61440159726182E-14  1.97876478608284E-13
gfc   149   52  2.62953625932950E-13 -1.58336480199786E-13
gfc   149   53  7.58738375086899E-14 -1.59949721513963E-13
gfc   149   54 -1.81968666539939E-13 -4.71284499727618E-14
gfc   149   55 -1.84096088093081E-13  1.05112194107689E-13
gfc   149   56  9.16376628978355E-15  9.79575539606765E-14
gfc   149   57  5.46577137779007E-14 -1.09447086599900E-13
gfc   149   58  9.68686130036345E-14 -1.04581049815977E-13
gfc   149   59 -1.52647274940611E-13  5.48445014874453E-14
gfc   149   60 -1.01726450003789E-13  3.97808046458454E-14
gfc   149   61 -1.08950078545966E-13 -2.60972168769207E-14
gfc   149   62  8.48449181507027E-14 -6.13438450166214E-14
gfc   149   63 -5.31947582787916E-14  2.98355153057551E-14
gfc   149   64 -3.16414390870991E-14  9.88938837904000E-14
gfc   149   65 -7.74943251344907E-14  8.42762467206782E-14
gfc   149   66  1.00937963796747E-13 -5.95269777022136E-14
gfc   149   67  7.33588011864273E-14 -1.40940200858786E-13
gfc   149   68  1.87056822789134E-13 -2.21918268006162E-14
gfc   149   69 -3.91163431044468E-14 -7.89338986484413E-14
gfc   149   70 -1.59050037670309E-13 -3.83917265874049E-14
gfc   149   71 -1.25425767018717E-13 -1.12922274956036E-13
gfc   149   72 -5.19099454770986E-14  6.33884959109429E-14
gfc   149   73  2.10278793108539E-13  8.64371531728275E-15
gfc   149   74 -1.53521759985843E-13 -9.38263678727910E-15
gfc   149   75  9.47826953536490E-14 -1.15759838625759E-14
gfc   149   76  9.07341284081900E-14 -1.37921309787836E-13
gfc   149   77  9.21034327222049E-14  2.10949870046083E-14
gfc   149   78 -1.95457821255659E-14  1.23460203563905E-13
gfc   149   79 -9.12088950858409E-14 -3.29210769643202E-14
gfc   149   80  3.51615515532925E-14 -6.43944873659817E-14
gfc   149   81  1.67355698057424E-13 -7.28635086600911E-14
gfc   149   82  4.21711685816978E-14  8.76582313223321E-14
gfc   149   83  1.30198930740987E-14 -1.10803169028340E-14
gfc   149   84 -1.16747967799209E-13  4.04907654714611E-14
gfc   149   85  1.61591303292788E-13 -1.06138799937153E-13
gfc   149   86  3.51012977068864E-14  1.77516896466296E-13
gfc   149   87  8.36228499495704E-15  4.54536071642115E-14
gfc   149   88 -1.40451376228673E-13  2.30373423127215E-15
gfc   149   89  1.62504864280008E-13 -8.47731783445678E-14
gfc   149   90  2.07622951757162E-14  3.21536510712850E-14
gfc   149   91  1.63164044823519E-14  1.71968091351391E-13
gfc   149   92 -1.73392169012099E-13 -5.59192054604087E-14
gfc   149   93  1.48738020124017E-13  5.71555075596947E-15
gfc   149   94 -3.82309829857449E-14  1.09558300861330E-13
gfc   149   95 -1.08912295735116E-13  5.28500018718753E-14
gfc   149   96 -8.64198418812599E-14 -1.36989030979710E-13
gfc   149   97  7.26611135425798E-14  2.01268408970849E-14
gfc   149   98 -6.47681719646117E-15  4.37677160340937E-14
gfc   149   99 -7.30103219953623E-14  6.18415793360759E-14
gfc   149  100 -1.44394871952039E-14 -6.30278762702370E-14
gfc   149  101  1.16852025795525E-14 -8.17610418973389E-14
gfc   149  102 -1.83976140694954E-14  5.61821888596271E-14
gfc   149  103 -7.25029295732811E-14 -1.11030152779282E-13
gfc   149  104  9.91893893994951E-14 -3.98483904531188E-14
gfc   149  105  3.54198395002376E-14  2.99178914569794E-14
gfc   149  106 -2.04840401271221E-14  1.30734497599437E-13
gfc   149  107 -1.23412001886158E-13 -1.75807964100227E-13
gfc   149  108  2.54882873469463E-13 -5.41321891994614E-14
gfc   149  109 -2.60069626177716E-14  1.17977989042021E-13
gfc   149  110 -2.42158675046730E-14 -5.02412831251035E-14
gfc   149  111  1.01384433439111E-13 -5.93311043786232E-14
gfc   149  112  1.37523653225921E-13  1.26935483808220E-13
gfc   149  113 -1.64805493102152E-13 -3.48350062923157E-15
gfc   149  114  2.16694575174487E-13 -1.28108627661060E-13
gfc   149  115  5.79865250805487E-14  3.47150848112238E-13
gfc   149  116 -1.17059470143099E-13 -8.61202454100040E-14
gfc   149  117  1.39689624179113E-13  1.56559329273056E-13
gfc   149  118 -1.87145701284503E-13 -4.10262309015553E-16
gfc   149  119  1.27140189521451E-13  1.70952596396554E-14
gfc   149  120 -7.02255356632699E-14  1.72585969892679E-13
gfc   149  121 -7.74967898697399E-14  4.46251661856283E-14
gfc   149  122  1.59193547940151E-14 -7.36459093847098E-14
gfc   149  123 -8.04714314389403E-14  8.54500302258929E-14
gfc   149  124 -1.45267325805477E-13 -7.88123794233275E-14
gfc   149  125  8.01025836233622E-15  3.29127198166466E-15
gfc   149  126 -5.23316490081674E-14 -1.09784237150211E-13
gfc   149  127  1.94058174482900E-14  2.49468110299014E-14
gfc   149  128 -6.95882401129703E-14 -4.86661527955819E-14
gfc   149  129  5.78764233339632E-14 -4.51028963764172E-14
gfc   149  130 -6.09942414122446E-14 -9.55992841189063E-14
gfc   149  131  1.18731297320415E-13 -3.02284348537028E-14
gfc   149  132 -6.90914695243781E-14 -2.26938738846853E-14
gfc   149  133  1.31382029255420E-13 -5.21610629906685E-14
gfc   149  134 -5.10787899609759E-14  4.24107167828430E-14
gfc   149  135  1.26800759548661E-13 -1.45808013611420E-14
gfc   149  136 -3.73902868699421E-14  7.46529841056088E-14
gfc   149  137  1.01547063321618E-13 -5.47764883427791E-14
gfc   149  138 -4.30127150557890E-14  1.09649091106848E-13
gfc   149  139  6.56080756131365E-14 -2.03107299840859E-14
gfc   149  140 -7.05900585995030E-14  1.20510697245397E-13
gfc   149  141 -1.00729017910325E-14 -5.57138331230148E-14
gfc   149  142  2.39252634296760E-16  1.26109442668894E-13
gfc   149  143 -1.44351131441667E-13 -7.56086673559980E-14
gfc   149  144  4.38192908571810E-14  5.83288687676004E-14
gfc   149  145 -1.40656317371249E-13 -7.14977712153940E-14
gfc   149  146  8.91495892019517E-14 -1.19449335643905E-13
gfc   149  147  1.01833197259784E-13  6.53666245359464E-14
gfc   149  148 -2.65969964032690E-14  1.33489772617128E-13
gfc   149  149 -7.33650350467750E-14 -1.93202975205351E-14
gfc   150    0  6.79211557972469E-14  0.00000000000000E+00
gfc   150    1 -1.54247612493519E-13 -3.23134241438799E-13
gfc   150    2 -2.05817999660178E-16 -5.75398230999098E-14
gfc   150    3 -1.09203859622295E-13 -3.14150832002446E-13
gfc   150    4 -9.36960746373887E-14 -1.42378097224807E-13
gfc   150    5  5.38482258575802E-14 -3.04889516898284E-14
gfc   150    6  1.23512592328964E-14 -7.69202213271716E-14
gfc   150    7 -1.79784603486991E-13 -3.94736579369035E-14
gfc   150    8 -8.29215260025706E-15  1.25674055531292E-13
gfc   150    9 -9.99353925429216E-14 -4.63078573481344E-14
gfc   150   10 -1.73649440985667E-13  2.14962599633361E-14
gfc   150   11  9.73058957796788E-14 -9.64356713147560E-14
gfc   150   12 -8.93641694416189E-14 -3.93883220030088E-14
gfc   150   13  2.63818432948449E-14 -1.15530057338476E-13
gfc   150   14  1.05114692297796E-13  2.73452772509212E-14
gfc   150   15  1.31778948718233E-15 -1.20042584867832E-13
gfc   150   16  2.04061538969308E-13 -1.66976071022624E-15
gfc   150   17  3.02059213377283E-13 -1.43582871733818E-13
gfc   150   18  7.90775299309122E-14 -9.13564661915269E-14
gfc   150   19  1.39006760823787E-13 -3.57951742476128E-15
gfc   150   20  9.44648280503068E-16  1.68044859836103E-13
gfc   150   21  2.40163297383412E-13  3.92928048838846E-14
gfc   150   22  7.63835694460168E-14  7.92709016692564E-14
gfc   150   23  1.92709705813550E-13  8.07657873251000E-15
gfc   150   24  2.70321874950865E-13 -1.53189726114489E-13
gfc   150   25  3.62179630021561E-14 -1.27350947420987E-13
gfc   150   26 -1.57262889309015E-13  1.72101559877555E-13
gfc   150   27  1.85695498472107E-13  7.67525449686775E-14
gfc   150   28 -2.32625332818709E-14 -1.43461279541425E-13
gfc   150   29 -1.26418564289573E-13 -2.31959103168847E-13
gfc   150   30 -3.38523435080214E-14  2.26042987001069E-15
gfc   150   31  6.81947812248995E-14  1.81507772975499E-14
gfc   150   32 -1.04193518636770E-13 -9.36918878867769E-14
gfc   150   33 -9.03225022532533E-14 -1.67060853121630E-13
gfc   150   34  1.75178435838529E-14 -1.22631498375687E-13
gfc   150   35 -1.61177848121893E-13 -9.07175692891086E-14
gfc   150   36 -4.64545251750627E-13  6.09295536586766E-14
gfc   150   37 -1.53884763208177E-13  3.65663031123436E-13
gfc   150   38  2.43670331177928E-13  3.32188662630472E-13
gfc   150   39  1.84969162147757E-13 -2.41120789995558E-15
gfc   150   40 -1.29458329021904E-13 -1.46863083832655E-14
gfc   150   41 -7.21264330410609E-14  8.06220219982741E-15
gfc   150   42  7.50538263866384E-14  8.59781886901205E-14
gfc   150   43 -1.43935536968109E-13 -6.34745265297869E-14
gfc   150   44 -2.84700198551746E-13 -4.19562967461958E-14
gfc   150   45 -3.09135180998311E-13  3.74163288425684E-14
gfc   150   46 -2.55747336233574E-13  6.93038029061113E-14
gfc   150   47  2.76057627073941E-14  1.94504441974171E-13
gfc   150   48 -6.70576480412073E-14  6.85492720585984E-14
gfc   150   49 -1.22852571566085E-13  1.01088352798297E-13
gfc   150   50 -1.95472259915372E-13  7.91198087423171E-14
gfc   150   51  1.81140682104938E-13  2.26731464898115E-13
gfc   150   52  1.72698252553427E-13 -3.20087256133327E-14
gfc   150   53  1.00553387587190E-13 -2.13067537154789E-13
gfc   150   54 -3.08355771874885E-13 -8.99459304821225E-14
gfc   150   55 -2.62148003568207E-13  8.47007033618889E-14
gfc   150   56  7.23375740325409E-14 -2.68958066136209E-14
gfc   150   57  1.40043634972749E-13 -6.88981104266444E-14
gfc   150   58  4.89630772081204E-14 -3.25735538453207E-14
gfc   150   59 -9.91003712168921E-14 -8.95258063509235E-14
gfc   150   60 -1.25794642509184E-13  7.76376969244196E-15
gfc   150   61  8.68548963350109E-15 -4.29012336437295E-14
gfc   150   62  1.65218401993838E-13  1.58200195825152E-14
gfc   150   63  3.13401685771222E-15  3.54364817162000E-14
gfc   150   64 -3.97502422375742E-14  1.12624653857027E-13
gfc   150   65 -1.80147119238019E-14 -8.74260860051642E-15
gfc   150   66  1.89527334096705E-13 -1.71361318501401E-14
gfc   150   67  1.00615294997991E-13 -1.10715049742970E-13
gfc   150   68  1.89381370715379E-13  5.23321716269142E-15
gfc   150   69 -8.81621491292475E-14 -1.77169699224797E-13
gfc   150   70 -8.66672363144216E-14 -2.14071263730789E-14
gfc   150   71  1.24142394784497E-14 -6.38895897100753E-14
gfc   150   72  2.83814153610027E-14  2.32226958730791E-13
gfc   150   73  1.24864270136765E-13  7.62501423901880E-14
gfc   150   74 -1.85372381996170E-13  2.23974839801119E-14
gfc   150   75  6.60144868898840E-14  7.97316201271583E-16
gfc   150   76  1.16097887087256E-13 -1.20897872267079E-13
gfc   150   77  1.16405018067551E-14  9.64249641156426E-14
gfc   150   78  1.37372414632772E-14  6.95675595934511E-14
gfc   150   79 -7.03102940895051E-14 -1.23128742695845E-14
gfc   150   80  1.32352097888246E-13  9.38785496487776E-15
gfc   150   81  4.99622688619096E-14  4.49642269968988E-14
gfc   150   82  3.06394195453916E-14  9.78396419481303E-14
gfc   150   83 -1.26274430127420E-13 -1.40553821758909E-14
gfc   150   84 -2.50101440266083E-15  4.85725800909439E-16
gfc   150   85  3.58364745703846E-14  1.25016765038509E-15
gfc   150   86  9.96807558075393E-15  1.42373918883843E-13
gfc   150   87 -2.98268132553064E-14 -1.52856280336519E-14
gfc   150   88 -6.25528639892820E-14 -3.88673766678673E-14
gfc   150   89  1.30819609343587E-13 -4.32065929875301E-14
gfc   150   90 -8.07163207315864E-14  1.59523059787501E-13
gfc   150   91 -7.80773454674135E-14  1.02098999305867E-14
gfc   150   92 -8.53019426878493E-14 -3.42848383170544E-14
gfc   150   93  6.82931542484138E-14 -7.17294223025244E-14
gfc   150   94 -1.17866224758693E-14  7.57218104683881E-14
gfc   150   95 -5.88084556190094E-14  3.37962648103137E-14
gfc   150   96 -1.03984737602386E-13 -6.83324261132846E-15
gfc   150   97 -1.92608808568424E-14 -1.06281677572521E-13
gfc   150   98  9.59772028683534E-14  8.12685128098728E-14
gfc   150   99 -2.02827085283989E-13  3.59081652389729E-15
gfc   150  100  1.17650266891951E-13 -1.97916636291210E-13
gfc   150  101  1.08985192573107E-13  5.43128733631001E-16
gfc   150  102  2.61159314484192E-14  1.44695872514102E-13
gfc   150  103 -1.87436430590265E-13 -4.45037797233317E-14
gfc   150  104  1.73749676410860E-13 -1.08005219826882E-13
gfc   150  105 -1.14084836538218E-14  1.11186624627797E-13
gfc   150  106  2.47236415049760E-15  8.93604676501561E-15
gfc   150  107 -2.04621663425903E-14 -8.15604422379948E-14
gfc   150  108  2.21330002051974E-13  1.59892000412163E-13
gfc   150  109 -2.03295555395816E-13  9.72048188221906E-14
gfc   150  110  5.19129766156408E-14 -1.08105776812559E-13
gfc   150  111  2.72175217696879E-14 -4.11221686499742E-14
gfc   150  112  1.31261672532841E-13  1.70660238608025E-13
gfc   150  113 -2.59250993166730E-13  1.11917320507003E-13
gfc   150  114  1.39630012418283E-13 -1.51342933705131E-13
gfc   150  115 -6.08899359389530E-14  2.81160084657649E-13
gfc   150  116 -2.40626339777911E-13 -1.85206215943144E-13
gfc   150  117  2.07739535673743E-13  1.12144418405823E-13
gfc   150  118 -2.68126005869664E-13  1.46771546289406E-13
gfc   150  119 -1.25397357496116E-14 -2.05962566837440E-13
gfc   150  120 -4.77075665652894E-15  4.71048459650620E-14
gfc   150  121 -3.13641003554651E-14 -1.56380157869780E-14
gfc   150  122 -2.21178142971693E-14 -2.60604393929428E-15
gfc   150  123 -2.84288289650891E-14 -1.15546854200205E-13
gfc   150  124 -5.18746307260089E-14 -3.61525806983041E-14
gfc   150  125  4.70058027605288E-14 -4.75916323213509E-14
gfc   150  126 -1.42427489959620E-14 -2.15373100500890E-14
gfc   150  127  1.24165060647428E-13 -8.22974003467796E-14
gfc   150  128 -7.34877723069766E-15  7.49913370355443E-15
gfc   150  129  5.86085248657535E-14 -7.68452580982309E-14
gfc   150  130  2.37290612972009E-14  4.47445635889030E-14
gfc   150  131  1.07652266930505E-13 -6.11524721793271E-14
gfc   150  132  2.71595684178647E-14  1.23117847069839E-13
gfc   150  133  2.21584140121019E-15 -5.17979892271598E-14
gfc   150  134  3.23729413278637E-14  1.13990418251999E-13
gfc   150  135  1.53292657279271E-16 -3.49901370551753E-14
gfc   150  136  1.34216023909358E-14  1.43527097766804E-13
gfc   150  137 -5.94360031765636E-14 -6.29074256573266E-14
gfc   150  138  2.09541924063947E-14  1.17244065760655E-13
gfc   150  139 -1.07658044240290E-13 -6.24767618910074E-14
gfc   150  140  5.31762920200351E-14  1.03302833739301E-13
gfc   150  141 -1.29671293664525E-13 -6.71988340428738E-14
gfc   150  142  9.13511197916925E-14 -3.86351066560734E-14
gfc   150  143 -1.30236453580363E-13 -1.34409519363889E-14
gfc   150  144  7.50991820612999E-14 -1.04669683510636E-13
gfc   150  145 -1.86669264186563E-14  5.78324006233405E-14
gfc   150  146  6.02191048045175E-14 -1.06610106913366E-13
gfc   150  147  7.37512970129703E-14  7.36991826594626E-14
gfc   150  148 -4.76055420665518E-14  8.85699766915991E-14
gfc   150  149 -1.00562152189972E-13 -3.27191331972768E-14
gfc   150  150  2.86563441450383E-14 -6.62777643476695E-14
gfc   151    0  1.59597851935972E-14  0.00000000000000E+00
gfc   151    1  2.53851878318506E-14  1.84706193148941E-13
gfc   151    2  3.87143127193252E-14  1.04925579069647E-13
gfc   151    3  1.75109564471004E-13  1.07775364099434E-14
gfc   151    4  6.43936515861058E-14  4.01412954853264E-14
gfc   151    5  1.39861195383952E-13  1.20691115760602E-13
gfc   151    6  1.71807200933193E-13  6.68962612364665E-14
gfc   151    7 -5.00633962733408E-15  5.09495179360240E-14
gfc   151    8  9.79660265899871E-14  1.96039170112492E-13
gfc   151    9  4.82675072770674E-14  4.40079548946534E-14
gfc   151   10  7.82446709511094E-14  5.83724005546249E-14
gfc   151   11 -3.38799753903592E-14  5.94295809308938E-14
gfc   151   12  1.42709519563042E-14 -3.23919440733621E-14
gfc   151   13 -4.85697630137468E-14  6.36546794198864E-14
gfc   151   14  2.62549525236276E-14 -1.27826925065164E-15
gfc   151   15  9.73076728166168E-14 -7.98815839730602E-14
gfc   151   16  2.05703218310526E-13  7.44354785491939E-16
gfc   151   17  1.28778082081031E-13 -1.06894997399930E-13
gfc   151   18  1.82273673624328E-13 -4.88327778395768E-14
gfc   151   19 -3.56771337474963E-14 -1.35336844575232E-14
gfc   151   20  2.04127344016816E-13  1.52945351567719E-13
gfc   151   21  1.64822224084904E-13 -1.09744662417278E-15
gfc   151   22  1.74621628939761E-13 -4.73266994550636E-14
gfc   151   23  1.93936077805606E-13  4.13057393021186E-14
gfc   151   24  1.54878012938707E-13  2.09861645348605E-14
gfc   151   25 -1.17487930472276E-13 -2.14955131991143E-13
gfc   151   26 -3.34776492248070E-14  6.28788703741079E-14
gfc   151   27  6.06140201295983E-14 -4.18670376561735E-14
gfc   151   28  1.36012668557321E-13 -2.88523599723736E-13
gfc   151   29 -1.21646249509481E-13 -1.30798936409004E-13
gfc   151   30 -1.00739921510169E-13  8.78977469637346E-14
gfc   151   31 -3.17242563782271E-14 -6.20750757508215E-14
gfc   151   32 -2.80937763230025E-14 -2.55006187962950E-13
gfc   151   33 -2.10389235347662E-13 -1.78561879373151E-13
gfc   151   34 -1.14413818005937E-13 -1.35039254070019E-13
gfc   151   35 -6.49540917424957E-14 -2.72505866251829E-13
gfc   151   36 -1.17908399156260E-13  1.79076665300105E-13
gfc   151   37 -1.06101138786915E-13  4.58958994867044E-13
gfc   151   38 -1.24509635014908E-14  4.07863273129648E-13
gfc   151   39  1.14146903415979E-13 -2.21586849633481E-13
gfc   151   40  7.92347695914273E-14 -9.71731005274695E-14
gfc   151   41 -5.22466367908904E-15 -2.91035795459457E-14
gfc   151   42  2.44428825345168E-14  1.23562725985532E-13
gfc   151   43 -5.73925037501347E-14 -1.12158747666382E-13
gfc   151   44 -1.79931856749677E-13 -9.99807615405525E-14
gfc   151   45 -2.06702041793188E-13  2.77124454064512E-14
gfc   151   46 -9.97814284720145E-14  2.05274187575500E-13
gfc   151   47 -3.13338179159478E-14  2.20187032101381E-13
gfc   151   48 -7.73151530195844E-14  2.27583754252377E-14
gfc   151   49 -1.49969553561540E-13  9.09862849277520E-16
gfc   151   50 -8.84349868687431E-14  1.25405555814312E-13
gfc   151   51  2.16679674696500E-13  1.62370712119596E-13
gfc   151   52  2.71730999932293E-13 -2.09612816641823E-14
gfc   151   53  8.30607030029404E-14 -1.35585787434929E-13
gfc   151   54 -2.55843550142965E-13 -7.62594449004540E-14
gfc   151   55 -1.32822952900288E-13 -4.29623764869091E-14
gfc   151   56  2.25047765493680E-15  1.42787722739187E-13
gfc   151   57  2.12208185597129E-13  3.53953247216097E-14
gfc   151   58  4.71063213298338E-14  1.43553469307557E-14
gfc   151   59 -1.07194903284124E-13 -1.20952999804401E-13
gfc   151   60 -7.62384638940730E-14  1.33442051900805E-14
gfc   151   61  6.98523833835225E-14  1.26890510860519E-14
gfc   151   62  9.64076569296185E-14  1.57099489392441E-13
gfc   151   63  4.06459814282534E-14  4.81652332418357E-14
gfc   151   64 -1.67169799137054E-14  7.79009994515367E-14
gfc   151   65  7.72899859062153E-14 -2.21291426537177E-14
gfc   151   66  1.85350613295319E-13  4.08397205321926E-14
gfc   151   67  1.24213564166235E-13  7.77281822696781E-15
gfc   151   68  8.06697434980564E-14  3.85303851158383E-14
gfc   151   69 -1.13109323225813E-13 -1.76223388790810E-13
gfc   151   70 -1.46893368674757E-13 -1.74336050511477E-14
gfc   151   71  7.54822776652801E-15 -2.02929708873036E-14
gfc   151   72 -5.54959534534406E-14  2.68499273515361E-13
gfc   151   73  9.30356772746560E-14  2.17709519711955E-14
gfc   151   74 -1.21012559120884E-13  1.40203135043858E-14
gfc   151   75  1.09895373717372E-13  7.31202419715649E-14
gfc   151   76  6.65627791162559E-14 -6.12304170230327E-15
gfc   151   77 -1.69910322420842E-13  1.51809563294107E-13
gfc   151   78 -8.11740848207983E-14 -3.75472044917166E-14
gfc   151   79 -4.72364659833883E-14 -3.66735908781653E-14
gfc   151   80  1.27571074501231E-13 -4.96613611399489E-14
gfc   151   81  1.82734572924321E-15  9.64312840221898E-14
gfc   151   82 -5.32591220037024E-14  7.67154678499063E-15
gfc   151   83 -1.17685727887669E-13 -1.98482285526492E-14
gfc   151   84  9.86162353729391E-14 -1.58499128071605E-14
gfc   151   85 -5.54796021258922E-14  4.09656981084354E-14
gfc   151   86  2.25869501062704E-14  7.52661024680850E-14
gfc   151   87 -1.69186739783425E-13 -3.82371924994398E-14
gfc   151   88  5.15449086655342E-14 -1.27637631172970E-13
gfc   151   89  6.44100357594466E-14  1.09871865495671E-14
gfc   151   90 -3.03669641998836E-14  4.53821713715563E-14
gfc   151   91 -7.97062672913276E-14  1.48793229505575E-14
gfc   151   92  2.59529770345198E-14 -4.91825713809896E-14
gfc   151   93  5.09940590451100E-14  2.83507013706663E-14
gfc   151   94 -6.70260729670716E-14  6.32652257449444E-15
gfc   151   95 -1.39710191189107E-13 -4.84401281376419E-14
gfc   151   96  1.62427284945983E-13 -1.53755661253399E-13
gfc   151   97  4.50269050854367E-14  2.14426908938159E-13
gfc   151   98 -9.04907009374730E-14  8.07167483555440E-15
gfc   151   99 -1.11648601877792E-13 -6.63785747275356E-14
gfc   151  100  1.79416942199750E-13 -9.62482839557694E-14
gfc   151  101 -3.99551189352142E-14  1.35650292699154E-13
gfc   151  102  2.36772110212182E-14 -5.75148681884157E-14
gfc   151  103 -4.75152804485643E-14  3.95758453685810E-14
gfc   151  104  1.71399180453328E-13  2.47827020122342E-15
gfc   151  105 -1.58190350073905E-13  2.02349675288281E-13
gfc   151  106 -2.43249457695340E-14 -1.16519926359298E-13
gfc   151  107 -3.86810677982792E-14 -2.86978435498015E-14
gfc   151  108  1.59320658763669E-13  2.37812814573023E-14
gfc   151  109 -1.77317604820752E-13  1.81495636325033E-13
gfc   151  110 -1.21909714942037E-14 -1.58625555884671E-13
gfc   151  111  6.09041739984902E-14  6.18238788349160E-14
gfc   151  112 -6.30653596208074E-14  1.61463373136617E-14
gfc   151  113 -1.58198250760801E-13 -1.64880804788236E-14
gfc   151  114  1.34357888882980E-13 -9.19999577134331E-14
gfc   151  115 -8.57020170697984E-14  2.55578289447731E-13
gfc   151  116 -1.95296768061108E-13 -2.53499353245810E-13
gfc   151  117  1.19621605966466E-13  5.07788007167822E-14
gfc   151  118 -1.87082108398051E-13 -9.93872649021920E-15
gfc   151  119  1.60402955248495E-13 -1.81509018487008E-13
gfc   151  120  1.71901688437060E-14  1.18320907555521E-13
gfc   151  121 -1.02347762291817E-13 -1.95750241937538E-13
gfc   151  122  1.35978069805281E-13 -1.75363695356206E-14
gfc   151  123  2.16605709809896E-14 -2.66084352222926E-14
gfc   151  124  2.48383365682700E-14  2.94522020173786E-14
gfc   151  125  8.94682697558472E-14 -6.88706530307226E-14
gfc   151  126  7.91557145323098E-14  6.09816665965082E-14
gfc   151  127  2.46205408940502E-14 -5.81300517262559E-15
gfc   151  128  7.35772646148112E-14  8.80811384084757E-14
gfc   151  129 -1.80973070153134E-14 -3.16793653918082E-14
gfc   151  130  5.58517918661063E-14  8.68366255303106E-14
gfc   151  131 -2.39684123487627E-14  1.72626393345230E-14
gfc   151  132  6.76437035137599E-14  9.11903254303677E-14
gfc   151  133 -1.12193199587389E-13  1.97433353335343E-14
gfc   151  134  2.55588098280851E-14  3.23145186773330E-14
gfc   151  135 -1.23128545646283E-13  3.09557751272147E-14
gfc   151  136  4.03742299820590E-14 -1.38284760583740E-14
gfc   151  137 -1.38901025459949E-13  2.87790797971958E-16
gfc   151  138  4.83621154068729E-14 -7.37683387697267E-14
gfc   151  139 -9.87300472628310E-14  1.65215611745415E-14
gfc   151  140  5.06997556588262E-14 -9.03521200754567E-14
gfc   151  141 -4.74794726030813E-14  2.66416348247255E-14
gfc   151  142  7.21493644123534E-14 -1.16959561875201E-13
gfc   151  143  3.69106959874613E-15  3.99686331267934E-14
gfc   151  144  1.76140677040400E-14 -1.05694714550864E-13
gfc   151  145  8.55749015317314E-14  6.05341906278078E-14
gfc   151  146 -2.83161048351531E-14 -2.64182921446781E-14
gfc   151  147  1.13556504500661E-13  8.09998468603408E-14
gfc   151  148 -1.06310363626228E-13  7.37407834694684E-14
gfc   151  149 -1.03710505226004E-13 -4.71453895702141E-14
gfc   151  150  4.79257415884590E-14 -1.04499782338784E-13
gfc   151  151  4.81423002907793E-14  3.71815987750734E-14
gfc   152    0  3.02782857508976E-14  0.00000000000000E+00
gfc   152    1 -6.61337247242156E-14 -2.33825309547086E-13
gfc   152    2 -3.64014867062868E-14 -1.60808340041076E-13
gfc   152    3 -1.96932759995163E-14 -4.56394811781840E-14
gfc   152    4 -1.07895732515863E-13 -3.01240809974155E-13
gfc   152    5 -6.61231807361531E-14  4.37401685330773E-14
gfc   152    6 -6.10568242576867E-14 -8.28562009131598E-14
gfc   152    7 -1.47181794457377E-13 -1.29190891375368E-13
gfc   152    8 -3.85356194710429E-14 -3.81787710466328E-14
gfc   152    9  1.16838516900819E-16  7.14219347776972E-14
gfc   152   10 -9.38981753943093E-14 -1.35435445959489E-13
gfc   152   11 -1.10401357853780E-13  1.01759633585752E-13
gfc   152   12 -1.61900648616722E-13 -1.44161613599419E-15
gfc   152   13 -2.16077127327950E-13 -7.45070121792389E-14
gfc   152   14  5.54448669660767E-14 -5.93271360149019E-14
gfc   152   15  1.67441757986949E-15 -1.59376707097453E-13
gfc   152   16  1.73051715692980E-13 -2.10927593960482E-13
gfc   152   17  8.80734103153832E-14 -9.20850962088657E-14
gfc   152   18 -4.26746074158546E-15 -2.02676527443199E-13
gfc   152   19 -1.15279836844295E-13 -5.77731109704379E-14
gfc   152   20  4.40354740804807E-15 -2.28276231696058E-14
gfc   152   21  1.97406473615390E-13 -1.49423756169587E-13
gfc   152   22  1.42920839203360E-13 -9.25638430511270E-14
gfc   152   23  5.56123872316504E-14 -1.93985558244340E-14
gfc   152   24  1.01221014993317E-13 -9.50544135153298E-14
gfc   152   25 -4.06714364484049E-14 -1.01416236674251E-13
gfc   152   26 -1.29656974161742E-13 -3.43696785028034E-14
gfc   152   27  5.78927773122643E-14 -7.51349049977687E-14
gfc   152   28  5.79153695017017E-14 -1.92799585727424E-13
gfc   152   29 -1.59019078454260E-13 -2.36231739555061E-13
gfc   152   30 -1.22411997911499E-13  2.50827009287635E-14
gfc   152   31  4.59921746920722E-14 -2.13855936982605E-14
gfc   152   32 -3.98474571155775E-14 -2.39396317488678E-13
gfc   152   33 -2.12701726337990E-13 -2.76574752785975E-13
gfc   152   34  3.34822487804509E-14 -6.89931604186571E-14
gfc   152   35 -5.53350959277907E-14  7.92473467417273E-14
gfc   152   36 -2.50147390725529E-13  4.42407337806424E-15
gfc   152   37 -1.26990490565129E-13  1.52474068638106E-13
gfc   152   38  3.40962051334461E-13  2.51291472407968E-13
gfc   152   39  4.05899959574489E-13  2.44387920164058E-14
gfc   152   40  6.69634752476166E-14 -4.37961966180485E-14
gfc   152   41 -8.55668138983607E-14  5.78180648943223E-15
gfc   152   42 -1.01953479974348E-14  3.97065139383244E-14
gfc   152   43 -1.25264305531497E-13 -7.35405726569261E-14
gfc   152   44 -3.80863257999250E-14 -4.08593428198940E-14
gfc   152   45 -1.47381818343621E-13  5.82146496353926E-14
gfc   152   46 -1.21932464791359E-14  2.00074411928236E-13
gfc   152   47 -5.73160428178781E-14  2.93506550810482E-13
gfc   152   48  6.41742155022441E-14  1.99376101056169E-13
gfc   152   49 -6.61472340404619E-14  7.72334116505037E-14
gfc   152   50  1.95934124620508E-14  1.23944288017553E-13
gfc   152   51  1.40046883416657E-13  2.07397923986759E-13
gfc   152   52  1.57611957120967E-13  1.31436757074281E-13
gfc   152   53  3.85841753207133E-14 -2.00665890110599E-13
gfc   152   54 -1.61597345451538E-13 -1.16043222431939E-13
gfc   152   55 -1.40164976506653E-13 -1.28358252046017E-14
gfc   152   56  4.02154043678915E-14  1.45895340499730E-13
gfc   152   57  1.12895533187503E-13  1.19794349259252E-13
gfc   152   58  3.71702188939996E-14  1.33265699994405E-13
gfc   152   59 -2.91215649213236E-14 -1.68847042066628E-13
gfc   152   60 -3.07590787361556E-14  5.05924377058850E-14
gfc   152   61 -8.76551276777250E-15  8.60734903269737E-14
gfc   152   62  3.42794591936259E-14  2.41467316304754E-13
gfc   152   63 -5.57296496248396E-14  2.84081796476152E-14
gfc   152   64  1.76816689969127E-14  6.48739692756295E-14
gfc   152   65  6.71468336560970E-14 -3.31408978527087E-14
gfc   152   66  1.58486184596794E-13  6.64281293228187E-14
gfc   152   67  1.99557995121793E-14 -1.10097732973284E-14
gfc   152   68  5.91858989567763E-14 -3.08059630722561E-14
gfc   152   69 -1.14766196342716E-13 -2.08404355827659E-13
gfc   152   70 -1.14727653050192E-13 -1.65719490811049E-14
gfc   152   71 -7.64720069518335E-14  4.70904970731413E-14
gfc   152   72 -1.37318912014231E-13  2.31679011171675E-13
gfc   152   73 -3.78183905413053E-14 -3.38068473111997E-14
gfc   152   74 -9.83658413334132E-14 -8.09482068380946E-14
gfc   152   75  1.39090654153769E-13  5.23502836966200E-14
gfc   152   76  4.59852998582299E-14 -8.97649546359923E-14
gfc   152   77 -1.33571214878167E-13  9.28503814344599E-14
gfc   152   78 -6.35249250104076E-14 -5.68028207886850E-14
gfc   152   79  4.44167718253232E-14 -2.21986196517105E-14
gfc   152   80  3.65016359369900E-15  9.17322925277497E-16
gfc   152   81 -3.39848005243855E-14  4.32549491875585E-14
gfc   152   82 -8.67759872701740E-14 -9.58344943315410E-14
gfc   152   83 -7.26977884564830E-15 -1.95369806440992E-14
gfc   152   84  9.26905572875242E-14 -4.29895173827806E-14
gfc   152   85  2.01071430009230E-14  6.53481551409629E-14
gfc   152   86 -5.60619507644177E-14 -3.59991746316358E-14
gfc   152   87  7.18897827229801E-15 -7.64625272132215E-14
gfc   152   88 -1.10859047658706E-14  2.96372705356598E-14
gfc   152   89  4.95724553570343E-14  2.28137441456437E-14
gfc   152   90 -8.23564335842470E-14  3.07637560671912E-14
gfc   152   91  2.18799071091793E-14 -9.36961784100394E-14
gfc   152   92  9.66263331761373E-14 -3.11829969906579E-14
gfc   152   93  3.60826998916984E-14  1.02163927879616E-13
gfc   152   94 -1.02278390392084E-13 -3.43775831348378E-14
gfc   152   95 -5.61473251170740E-15  3.58463629117622E-14
gfc   152   96 -5.57114599280613E-15 -6.97537258974614E-14
gfc   152   97  2.84270355242747E-15  9.21598638040343E-14
gfc   152   98 -3.69698806841546E-14 -2.86574623930254E-14
gfc   152   99 -3.92531860367174E-14  5.90867816396941E-14
gfc   152  100  3.01811262296226E-14 -1.57260704681459E-13
gfc   152  101  6.91036700599144E-14  2.05891302927845E-13
gfc   152  102 -1.46784782801320E-13 -3.09281648944428E-14
gfc   152  103 -9.58528535077835E-15  1.57651819754380E-14
gfc   152  104  6.26067256573551E-14 -8.91483845119191E-14
gfc   152  105 -1.14818898297524E-14  1.85834465989005E-13
gfc   152  106 -1.28984114251427E-13 -1.19568033877054E-13
gfc   152  107  7.24416318357205E-14  2.51923202077037E-14
gfc   152  108 -2.33283297098260E-14  3.31290815603285E-14
gfc   152  109 -1.65253504070737E-13  3.82370159913203E-14
gfc   152  110  3.44123654165797E-14 -2.61182889394458E-13
gfc   152  111  1.16561105088710E-13  1.70550343146780E-13
gfc   152  112 -1.11278261436014E-13 -7.90343870957393E-14
gfc   152  113 -5.68381318826931E-14  6.53247513322683E-15
gfc   152  114  2.11065648912186E-14 -1.69640887473011E-13
gfc   152  115  3.82462042342169E-14  1.79421714227852E-13
gfc   152  116 -1.30894179118905E-13 -2.25924563862844E-13
gfc   152  117  2.31557094135039E-13  4.81983464713910E-14
gfc   152  118 -1.72359164421792E-13  6.39900619076693E-14
gfc   152  119  5.31171309127528E-14 -1.84995849488871E-13
gfc   152  120  1.31466530293413E-13  1.21140968457021E-13
gfc   152  121 -1.35188351038778E-14 -7.85844798932361E-15
gfc   152  122  8.84001327761714E-14  1.99064809452210E-14
gfc   152  123 -9.36299018589334E-14  1.31607685575723E-14
gfc   152  124  1.01660948250038E-13  3.49977343108817E-14
gfc   152  125  2.02325484106804E-14  1.22157355683371E-13
gfc   152  126  3.17876573572309E-14 -1.69753438366579E-14
gfc   152  127 -4.65969120692255E-14  5.39671983504340E-14
gfc   152  128  4.25374289202852E-14  5.74907094053045E-14
gfc   152  129 -8.99122295187358E-14  5.63730146195397E-14
gfc   152  130 -1.06454803121605E-14 -1.78200422163912E-14
gfc   152  131 -7.87056369492703E-14  7.27203956664633E-14
gfc   152  132 -4.45744316769490E-15 -3.42519414442598E-14
gfc   152  133 -9.43009325307060E-14  5.49760862454014E-14
gfc   152  134 -2.24587802571298E-14 -1.07825567625056E-13
gfc   152  135 -2.91163758391536E-14  5.14827867115191E-14
gfc   152  136 -1.63621914685237E-15 -1.30401316005145E-13
gfc   152  137 -3.62834307178835E-14  1.25187511572019E-14
gfc   152  138  1.97764336373262E-14 -1.25508229388154E-13
gfc   152  139  3.92704282683166E-14  4.95804142432016E-14
gfc   152  140  2.97862288566023E-15 -9.72909983941681E-14
gfc   152  141  5.88891400770936E-14  7.05861565340676E-14
gfc   152  142 -1.56103577373525E-14 -1.02419764985638E-13
gfc   152  143  1.30975166726479E-13  7.34670717451045E-14
gfc   152  144 -7.49312279491192E-14 -2.02329680540691E-14
gfc   152  145  1.35756790114648E-13  4.51766863567050E-14
gfc   152  146 -7.18703901372096E-14  6.14489605826274E-14
gfc   152  147  4.00608286552158E-14 -2.72677212356637E-14
gfc   152  148 -4.05194842168190E-14  1.05086969207372E-13
gfc   152  149 -7.30333671732174E-14 -7.72356433642543E-14
gfc   152  150  1.09865599327340E-14 -7.42816423203159E-14
gfc   152  151  9.40356237052829E-14  2.68377513583620E-14
gfc   152  152 -4.75838456576329E-14  5.02779843114246E-14
gfc   153    0 -1.61022679870548E-13  0.00000000000000E+00
gfc   153    1  1.07363186426557E-13  6.11834923354325E-14
gfc   153    2 -1.81335541204828E-13  1.17020518351693E-13
gfc   153    3  1.52818916035446E-13  1.70536343034968E-13
gfc   153    4 -8.10365225580149E-14 -9.98212358620115E-15
gfc   153    5 -9.18416540585043E-14  1.23185706651406E-13
gfc   153    6 -5.84864441576670E-15  1.10034837790866E-13
gfc   153    7  8.01667148676265E-16 -7.99544907665575E-14
gfc   153    8 -6.17273360809667E-14  1.52746440509904E-13
gfc   153    9  1.52313743779699E-13  5.98535474395032E-14
gfc   153   10  1.10010420404117E-14 -1.83170707552456E-14
gfc   153   11 -9.98718227254975E-14  1.83226419989833E-13
gfc   153   12 -1.20458698892332E-13 -4.53902690812080E-14
gfc   153   13 -4.06798445464247E-14  2.22758244682678E-14
gfc   153   14 -9.31829534585161E-14 -5.26625897352626E-14
gfc   153   15  1.98646780686364E-13 -1.46212574103268E-13
gfc   153   16  2.14955159634113E-14 -1.11541347792874E-13
gfc   153   17  5.84759560737506E-14 -6.50912633646757E-14
gfc   153   18  1.04893043464383E-15 -1.97124212219459E-13
gfc   153   19 -2.74712142232115E-14 -9.05288116307488E-15
gfc   153   20  1.85077431628659E-13 -8.25463606045537E-14
gfc   153   21  2.18142311299472E-13  2.45116112708800E-14
gfc   153   22  9.68827857600835E-14 -1.86854695233095E-13
gfc   153   23  1.01920582673283E-13  4.93728945463678E-14
gfc   153   24  2.29263760671327E-14 -4.15167296335141E-14
gfc   153   25 -4.04344547460055E-14 -1.31940768779847E-13
gfc   153   26  5.24209986911010E-14 -2.41778784277093E-13
gfc   153   27  9.61630094600605E-14 -3.08956554502579E-15
gfc   153   28  1.13511585930762E-13 -2.40992278965090E-13
gfc   153   29 -5.30563889624423E-14 -6.62352426535968E-14
gfc   153   30 -1.98729289462555E-13  6.79433961396741E-14
gfc   153   31  1.58527017126079E-14 -8.33111917246605E-14
gfc   153   32 -8.03283210834976E-15 -3.60091646144670E-13
gfc   153   33 -1.25124254028271E-13 -5.92774545340633E-14
gfc   153   34 -1.29516269767688E-13  2.77610253916739E-14
gfc   153   35  3.11026736059259E-14 -2.59253654695012E-15
gfc   153   36 -1.79157083345849E-14  2.03011401055911E-15
gfc   153   37 -6.31337719882718E-14  3.36096794661669E-13
gfc   153   38  1.28013662818645E-13  3.08700518244024E-13
gfc   153   39  3.47854248921228E-13  1.57215049810031E-14
gfc   153   40  2.36422842459747E-13 -1.66694534575369E-13
gfc   153   41 -5.24285336549189E-14  7.79540006208794E-14
gfc   153   42 -7.37223465791655E-14  3.80401873658964E-14
gfc   153   43 -6.35569000201407E-14  6.48475166456626E-14
gfc   153   44 -7.79659226554095E-15 -1.56986714506034E-14
gfc   153   45 -1.58409948213184E-13  1.56039821537982E-13
gfc   153   46 -6.68245280255029E-14  2.02795561287764E-13
gfc   153   47 -9.89348159419400E-14  2.67983074604446E-13
gfc   153   48  6.07901603400690E-14  9.94223865759418E-14
gfc   153   49  1.89805700858974E-14  1.59767223207580E-13
gfc   153   50  9.54436047210610E-14  1.78056414491299E-13
gfc   153   51  9.34532860135021E-14  2.77421898836367E-13
gfc   153   52  1.21072158370972E-13  2.30801573227223E-14
gfc   153   53 -2.79200146735303E-15 -4.93630092906553E-14
gfc   153   54 -1.42520126104948E-13 -1.68342362862845E-13
gfc   153   55 -1.25952930500255E-13 -5.95580582729932E-14
gfc   153   56 -8.53994180390784E-14  2.11635878772124E-13
gfc   153   57  4.96913031585627E-14  1.41581739754082E-13
gfc   153   58  4.77660537181989E-14  9.86794751942570E-15
gfc   153   59 -3.91018234425623E-14 -1.64181891727103E-13
gfc   153   60 -2.31285449099089E-14  4.44026735491087E-14
gfc   153   61 -3.77173209121006E-14  8.56273067627245E-14
gfc   153   62 -2.30682122105226E-14  1.89943834744622E-13
gfc   153   63 -2.73284041503362E-14 -6.11123390556602E-14
gfc   153   64  7.24854923345681E-14  4.78130816544227E-14
gfc   153   65  7.90910511908708E-14 -3.60327603906112E-14
gfc   153   66  8.48128485288475E-14  1.15862457395755E-13
gfc   153   67  7.73005241919672E-15 -1.03993233259065E-13
gfc   153   68  2.79007165060466E-14 -9.65690403295124E-14
gfc   153   69 -3.96414620429237E-14 -3.16085217480517E-13
gfc   153   70 -1.10813543054947E-13 -2.88806748172317E-15
gfc   153   71 -6.17591041930726E-14 -9.61725106501624E-15
gfc   153   72 -1.05614214262921E-13  1.61780591788616E-13
gfc   153   73 -1.59796456815211E-14 -7.14695731928029E-14
gfc   153   74 -4.83738592767547E-15 -8.65207631429388E-15
gfc   153   75  1.14074321231157E-13  8.12481122405120E-14
gfc   153   76 -1.82165646714168E-14 -1.02928149659438E-13
gfc   153   77 -1.20941699801420E-13 -4.69337626317661E-14
gfc   153   78  3.51943968094650E-14 -8.93840773339313E-14
gfc   153   79  1.43399259487981E-13 -4.93953196474903E-14
gfc   153   80 -3.55642782061659E-14  1.09509675628894E-13
gfc   153   81 -1.08621731956358E-15  3.68949336098417E-14
gfc   153   82 -8.23338146202882E-14 -4.94992099292948E-14
gfc   153   83  6.80234681772573E-14 -3.70751820892515E-14
gfc   153   84  6.62949625942291E-14  1.11993290763909E-14
gfc   153   85 -3.15444177819884E-15  2.37085061272193E-14
gfc   153   86 -3.27394117559038E-14 -4.94001925276519E-14
gfc   153   87  6.38273100182995E-14 -5.09339581797461E-14
gfc   153   88  2.89551839597909E-15  5.24872785560799E-14
gfc   153   89  3.54698380475341E-14  7.80265180897592E-14
gfc   153   90 -1.00081104176739E-13  4.82157816232094E-14
gfc   153   91  1.04591846119561E-13 -6.66677972249455E-14
gfc   153   92 -9.46593225238017E-16  5.30521364501245E-14
gfc   153   93 -1.28662371384469E-14  4.02194200850662E-15
gfc   153   94 -1.52675317839128E-13 -1.34019640181932E-14
gfc   153   95  7.82560648569760E-14 -6.69001685705659E-14
gfc   153   96  1.47946704353851E-14  3.24537779785827E-14
gfc   153   97  5.57957801523144E-14  1.04228318003170E-13
gfc   153   98 -2.82076719635743E-13 -3.75284149751513E-14
gfc   153   99  9.95300193299148E-14 -1.73425038075010E-13
gfc   153  100  1.76332630748327E-14  2.00954164967134E-14
gfc   153  101 -4.64527065680113E-15  1.37516430302493E-13
gfc   153  102 -1.22193907411925E-13 -1.34289698633169E-13
gfc   153  103  1.71828973094490E-13  4.29929005527577E-14
gfc   153  104 -8.79326990204833E-14  3.29146668167220E-14
gfc   153  105 -2.14970768598780E-14  1.62562024707747E-14
gfc   153  106 -8.53844962955940E-14 -1.91706604481034E-13
gfc   153  107  1.85190441630854E-13  5.08948122324548E-14
gfc   153  108 -7.59427086365142E-14  6.35077119747029E-14
gfc   153  109 -1.85773581916319E-14 -8.54570427104638E-15
gfc   153  110  1.23822766150907E-15 -1.41474616318805E-13
gfc   153  111  1.26291110638963E-13  7.90767289432269E-14
gfc   153  112 -1.23318532426517E-13 -2.81191493500202E-14
gfc   153  113  6.81896230429010E-14 -6.24838282903759E-14
gfc   153  114  8.06173330212883E-14 -1.05213112322998E-14
gfc   153  115 -2.85082367505254E-14  1.13277082376332E-13
gfc   153  116 -1.07419415612415E-13 -1.77391107822387E-13
gfc   153  117  2.44642637916104E-13  7.74206369971761E-14
gfc   153  118 -1.42934362003016E-13  6.03141867240812E-14
gfc   153  119  1.43478058400891E-13 -1.21765443893780E-13
gfc   153  120 -2.59555087660588E-14  2.44970074451508E-13
gfc   153  121 -1.10257449714373E-13 -7.51707381522427E-14
gfc   153  122  1.32136675731118E-13  7.08172551035827E-16
gfc   153  123 -8.27736783535464E-14  1.43974852985778E-13
gfc   153  124 -1.00431444030771E-13 -2.45475298676074E-14
gfc   153  125  8.27322489785153E-15  4.22670461865381E-14
gfc   153  126 -8.06169242304197E-15 -1.26070883518662E-14
gfc   153  127 -8.42776547288673E-14  3.73068340717195E-14
gfc   153  128 -4.54167740523053E-14 -7.76955522701282E-14
gfc   153  129 -1.99445776832269E-14  2.37155061375335E-14
gfc   153  130 -5.08919668874076E-14 -4.25292939060926E-14
gfc   153  131  2.11191019369511E-14  2.12388377581677E-14
gfc   153  132 -5.63974308819304E-14 -8.90489939837917E-14
gfc   153  133  1.12923492978061E-14 -1.16179543284522E-14
gfc   153  134 -3.07717283797507E-14 -9.72432663287483E-14
gfc   153  135  9.23874261487823E-14 -1.86699638789984E-14
gfc   153  136 -3.65779965610216E-14 -4.70601966377177E-14
gfc   153  137  1.10758872125526E-13 -1.72082483565154E-14
gfc   153  138 -6.85225719511614E-14 -7.13531524934699E-15
gfc   153  139  1.60331747579943E-13  2.64716888768572E-15
gfc   153  140 -6.45080338056116E-14  5.19139182357108E-14
gfc   153  141  1.09728937993141E-13 -2.49696056930044E-15
gfc   153  142 -7.72400020445534E-14  7.56221706441297E-14
gfc   153  143  3.73939771745246E-14 -2.01453799181381E-14
gfc   153  144 -4.58097287597756E-14  1.21228430950714E-13
gfc   153  145 -1.57607751355576E-14 -7.75608180012623E-14
gfc   153  146 -3.24683551988712E-14  9.47399403706515E-14
gfc   153  147 -9.01604087436924E-14 -9.54294774454199E-14
gfc   153  148  1.97599379459463E-14  3.19434211092057E-14
gfc   153  149 -5.81893781691898E-14 -5.67262354241216E-14
gfc   153  150  7.96279162540780E-14 -6.62291931514985E-14
gfc   153  151  4.15551289388987E-14  5.01388513375137E-14
gfc   153  152 -5.68958273461599E-14  7.30407947696581E-14
gfc   153  153 -4.27678497409541E-14 -3.46017933821411E-14
gfc   154    0  1.18615394153608E-13  0.00000000000000E+00
gfc   154    1  7.48073117167366E-14 -2.73076216444452E-13
gfc   154    2  2.79394002850152E-14 -1.28901328670443E-13
gfc   154    3  9.76859657668775E-14 -6.21342205800078E-14
gfc   154    4 -3.62835699897523E-14 -2.81195555184347E-13
gfc   154    5 -9.77194506011567E-14 -6.63984032468144E-14
gfc   154    6  1.95260984075452E-14 -1.95467848275788E-14
gfc   154    7  3.07207952217459E-14 -2.14665524995763E-13
gfc   154    8 -5.16673936264050E-14  2.49530788649329E-14
gfc   154    9  1.12565498320173E-13  2.20323904813917E-14
gfc   154   10 -1.45581656717652E-13 -9.88322455456349E-14
gfc   154   11 -1.08020604001627E-13  3.48273630198157E-14
gfc   154   12 -1.22270915054494E-13  3.11114672704544E-14
gfc   154   13 -1.33968882695244E-13 -1.10319954212987E-13
gfc   154   14  9.34272412461694E-14 -3.01926639222212E-14
gfc   154   15  5.19860005940043E-14 -1.58726622755689E-13
gfc   154   16 -1.60941875332204E-14 -1.31175148245862E-13
gfc   154   17  3.08384994566583E-14 -1.27307647403836E-13
gfc   154   18 -1.22030765182611E-13 -2.11333261233120E-13
gfc   154   19 -3.03919554747310E-14 -1.12619047452288E-13
gfc   154   20  7.12893690576707E-14 -1.05245244506677E-13
gfc   154   21  1.79954055519892E-13 -1.76034750086612E-13
gfc   154   22  1.15875294694449E-13 -1.09943106015246E-13
gfc   154   23 -2.37681749960301E-15 -7.80274220201843E-14
gfc   154   24  1.25127084577343E-15 -9.04959755836564E-14
gfc   154   25  1.03744420627106E-13 -1.35346345150716E-13
gfc   154   26 -9.95699744020251E-14 -7.90772832226852E-14
gfc   154   27  3.40089697326534E-14 -1.09913613549580E-13
gfc   154   28 -3.53085174091178E-14 -6.40520450773621E-14
gfc   154   29 -1.23087848481432E-13 -1.53878162464951E-13
gfc   154   30 -1.45058336860639E-13  4.58089424994651E-15
gfc   154   31  6.00496756190107E-14 -5.48675299270976E-14
gfc   154   32 -7.29365507527289E-14 -1.51822744376099E-13
gfc   154   33 -1.91521382902788E-13 -1.29863826915684E-13
gfc   154   34 -1.28940245422080E-13  9.86097203854989E-14
gfc   154   35  1.33817988255673E-14  1.90554591202730E-13
gfc   154   36 -2.06060217231187E-13 -1.08374249456251E-13
gfc   154   37 -6.58987335793585E-14  7.38409663731300E-14
gfc   154   38  2.69291124848276E-13  2.74533508315171E-13
gfc   154   39  5.34836024050307E-13  2.23572572082724E-13
gfc   154   40 -4.00620540699494E-14 -1.21915999609985E-13
gfc   154   41 -1.14705950892101E-13 -1.31016901673678E-13
gfc   154   42 -1.84254458445258E-13 -1.37532727205004E-14
gfc   154   43  5.50910075888644E-14  1.48862535076345E-14
gfc   154   44 -3.18313530516505E-14  1.19899034997581E-13
gfc   154   45 -7.10784693383809E-14  1.02953561573164E-13
gfc   154   46 -1.56091717350883E-13  2.18380711136915E-13
gfc   154   47 -4.82252645787279E-14  2.28032677235077E-13
gfc   154   48  7.31873187030987E-14  2.19588317629748E-13
gfc   154   49  1.10693423979600E-13  1.56805390725746E-13
gfc   154   50  5.01960809919067E-14  6.90437079265569E-14
gfc   154   51  5.88539895003034E-14  1.81975823397492E-13
gfc   154   52  7.85119455129573E-14  2.40362569818097E-14
gfc   154   53  1.20549640257592E-13 -1.48958767524105E-13
gfc   154   54 -2.45097730004306E-14 -1.99356212850113E-13
gfc   154   55 -1.36780147169565E-13  3.64571062513027E-14
gfc   154   56 -1.62315047655264E-13  1.39140851698702E-13
gfc   154   57  4.24082065561308E-14  1.83642554520194E-13
gfc   154   58  7.34745470414180E-14  2.77901723849252E-14
gfc   154   59  9.90543406710000E-14 -2.12108531323385E-13
gfc   154   60 -8.00860677905210E-14 -1.92703902213968E-14
gfc   154   61 -8.06999295481618E-14  9.96499719880965E-14
gfc   154   62 -3.11488788190643E-14  7.45931101997498E-14
gfc   154   63  7.80395496943434E-14 -7.83201187757178E-14
gfc   154   64  1.39413168892986E-13  7.22870058527400E-15
gfc   154   65  1.18059445512795E-13 -2.42866478953087E-14
gfc   154   66  3.56413079938988E-14  8.21797433260641E-14
gfc   154   67  8.67014188265250E-14 -1.03424370119008E-13
gfc   154   68  5.91950175497765E-14 -1.31259694619678E-13
gfc   154   69  6.14882625916670E-14 -2.48237904807983E-13
gfc   154   70 -1.27274866330579E-13  1.62574687944616E-15
gfc   154   71 -4.22684752620748E-14  1.76650300138522E-14
gfc   154   72 -1.23390568369562E-13  7.23167987414229E-14
gfc   154   73  7.27737516436437E-14 -1.84386177129044E-14
gfc   154   74  2.82506711763736E-14  2.98696998277119E-14
gfc   154   75  1.71860885442445E-13  1.11097791584891E-13
gfc   154   76 -3.86590075512352E-14 -5.14521972266750E-14
gfc   154   77 -7.97999212912189E-14 -4.27861103949761E-14
gfc   154   78  2.63520826878699E-14  3.92474609439541E-14
gfc   154   79  5.44488909886211E-14 -5.18348415282615E-14
gfc   154   80 -9.91360400801836E-14  1.05452478817859E-13
gfc   154   81 -1.50248999052102E-15 -5.72044609617534E-14
gfc   154   82  2.17191354490351E-14 -1.19046768041824E-14
gfc   154   83  1.01543899236466E-13  3.65097284680862E-14
gfc   154   84  3.94326926562419E-14  4.91241798325663E-14
gfc   154   85 -6.15874574131483E-14 -6.89899137026897E-15
gfc   154   86 -3.11562385257376E-14 -5.43662150807845E-15
gfc   154   87  2.23760802478110E-14 -3.02023558894993E-14
gfc   154   88  2.58731660763848E-14  1.51398854458898E-13
gfc   154   89 -1.40969236985134E-13 -3.12229734025838E-14
gfc   154   90  4.87356583810121E-14 -1.09541058430133E-14
gfc   154   91  2.18749472324107E-14 -6.95324630237388E-14
gfc   154   92  7.69574226255463E-14  1.26128025101087E-13
gfc   154   93 -1.30829970907835E-13 -8.88431960534802E-15
gfc   154   94 -9.61493417233495E-14 -4.50345141085895E-14
gfc   154   95  6.96047743170350E-14 -1.10189251702454E-13
gfc   154   96 -6.55110424525842E-16  1.09239151074224E-13
gfc   154   97 -1.29326378406180E-15 -1.21310643674637E-13
gfc   154   98 -3.03972799648879E-14 -1.92072963991856E-14
gfc   154   99  4.37616877336472E-14 -2.60410554610847E-14
gfc   154  100 -1.01018664508270E-13  3.91049904442169E-14
gfc   154  101  3.72855753266737E-14 -2.18564899338789E-14
gfc   154  102 -3.33996208226514E-14 -4.98071668869545E-15
gfc   154  103  9.61899147263603E-14 -6.44124647021860E-14
gfc   154  104 -3.30681361990710E-14  6.03647958725471E-14
gfc   154  105  2.20339848566444E-14 -3.04043331273021E-14
gfc   154  106 -2.82510030324030E-14 -2.53921190969605E-14
gfc   154  107  7.70352635647289E-14 -1.10081902826616E-14
gfc   154  108 -3.15596812416747E-14  7.25192293827554E-14
gfc   154  109 -5.35366110895817E-15 -6.09658390440890E-14
gfc   154  110  1.19492084347870E-13 -4.11097862188828E-14
gfc   154  111  1.04182855033958E-13  1.70625387949819E-13
gfc   154  112 -1.68844695702186E-13 -1.56732448398380E-14
gfc   154  113  9.11136421401282E-14 -6.73352978321224E-14
gfc   154  114  9.34618945266244E-15  6.16859888088782E-14
gfc   154  115  4.73394560253335E-15  3.86487931921889E-14
gfc   154  116 -7.93546535774992E-14 -4.25863450696306E-14
gfc   154  117  8.56544181926971E-14  4.14877444000315E-14
gfc   154  118 -1.78521047534866E-13  9.79525510692828E-14
gfc   154  119  8.02384019752397E-14 -1.63679334191864E-13
gfc   154  120  1.76350736489153E-15  1.82631043578623E-13
gfc   154  121 -1.07260467602405E-13 -5.37821138456998E-14
gfc   154  122 -1.62685120106545E-14  3.88795584276449E-14
gfc   154  123 -6.18518262175928E-14 -6.90725621392070E-15
gfc   154  124  7.25037691565226E-15 -5.02579573611774E-14
gfc   154  125  2.02018727742539E-14  2.33028222754515E-14
gfc   154  126 -9.79260335909132E-14 -8.00499687440404E-14
gfc   154  127  2.54547013943250E-14 -1.92679023402430E-14
gfc   154  128 -4.72341224254419E-14 -1.68376866183842E-14
gfc   154  129  5.46494688204997E-14 -5.44946226053373E-14
gfc   154  130 -1.21048213939712E-14 -3.04609409345270E-14
gfc   154  131  7.91154373541180E-14 -1.80777324398082E-15
gfc   154  132  4.68061331765824E-15 -6.83733099808813E-16
gfc   154  133  4.43863046565164E-14 -6.19700737345198E-14
gfc   154  134 -4.64052049975481E-15  2.14601918757739E-14
gfc   154  135  1.02729882147158E-13 -3.60140503372952E-14
gfc   154  136 -1.08471030683629E-14  1.07751125038341E-13
gfc   154  137  4.08224321222177E-14 -6.84820252478300E-14
gfc   154  138  1.19079063728146E-14  8.94220924870247E-14
gfc   154  139  2.56165514334741E-14 -3.42946858027669E-14
gfc   154  140  1.22766818416581E-14  9.70341812874564E-14
gfc   154  141 -3.42333348450740E-14 -1.91934665931434E-14
gfc   154  142 -1.25000987209506E-14  6.36044888566622E-14
gfc   154  143 -6.47258458104091E-14 -3.59544133823130E-14
gfc   154  144 -1.93871675703691E-14  7.84394146480048E-14
gfc   154  145 -7.10338041664221E-14 -6.22768238885013E-14
gfc   154  146  4.62897903442701E-14  4.42794874045065E-15
gfc   154  147 -8.77362406974313E-14 -4.71756418612162E-14
gfc   154  148  7.78887130857607E-14 -7.62604344250941E-14
gfc   154  149 -2.89642621457606E-14  1.40395167866629E-14
gfc   154  150  7.32374538681511E-14 -6.60466694443151E-14
gfc   154  151  6.25125005832395E-14  4.47840610188783E-14
gfc   154  152 -4.64102836095889E-14  6.22410118278494E-14
gfc   154  153 -8.35300557288546E-14 -6.51329131809369E-14
gfc   154  154  3.71283166676281E-14 -3.53113385277039E-14
gfc   155    0 -1.40973807181773E-13  0.00000000000000E+00
gfc   155    1  7.04799284523349E-14  1.02158832399449E-13
gfc   155    2 -1.42189601335635E-13  1.72762406855010E-13
gfc   155    3 -3.66958127232526E-14  1.80595226524124E-13
gfc   155    4 -4.18496884005261E-15 -2.14813721171929E-14
gfc   155    5 -2.23810099029478E-13  1.07321982601730E-13
gfc   155    6  3.69002583519736E-14  1.22846114520217E-13
gfc   155    7 -4.91690533498072E-15 -1.54375651907163E-14
gfc   155    8  5.67525922078851E-15  1.90864513629362E-13
gfc   155    9  7.93819715871899E-16  8.24331757612611E-14
gfc   155   10  6.29620247834933E-14  5.72489642666122E-14
gfc   155   11 -1.57364821931951E-13  9.65419609448879E-14
gfc   155   12 -2.12607322731128E-15  6.84996400218630E-14
gfc   155   13 -5.56023468773916E-14  2.91309500438020E-14
gfc   155   14 -5.03896845298239E-14  5.56568476178198E-14
gfc   155   15 -1.05855532492739E-14 -1.86247388148674E-13
gfc   155   16 -1.12553771243653E-13  5.47985444775141E-14
gfc   155   17 -8.35564673090363E-14 -1.07090902016176E-13
gfc   155   18 -3.85147292513170E-14 -4.94878839514146E-14
gfc   155   19 -2.82887314520633E-14 -5.26971517825292E-14
gfc   155   20  1.24531221165732E-13 -2.00747648950059E-14
gfc   155   21  4.12717398627455E-14 -1.60720643360216E-14
gfc   155   22 -5.94776149259034E-14 -1.16894144918957E-13
gfc   155   23  2.50854906946035E-14 -1.49351101241429E-13
gfc   155   24  4.69823168855653E-15 -4.12203074584598E-14
gfc   155   25  3.06339414081223E-14 -1.95602305003910E-13
gfc   155   26  5.69027754043857E-14 -2.17774228082848E-13
gfc   155   27 -3.07815016867944E-14 -5.24006507396078E-14
gfc   155   28 -6.27095359608686E-14 -8.08759233250451E-14
gfc   155   29 -6.07531589210073E-14 -9.80004783001198E-14
gfc   155   30 -1.51262302554562E-13  1.00728758167182E-13
gfc   155   31 -3.69789750932287E-14 -1.26789434772009E-13
gfc   155   32 -5.52269514163644E-14 -1.59950523999873E-13
gfc   155   33 -1.97957790931330E-13 -8.15282768510490E-14
gfc   155   34 -2.67460846735778E-13  1.87979090474604E-13
gfc   155   35 -1.47973949225451E-15 -5.72369725158847E-14
gfc   155   36  1.94370105925270E-14 -9.90806857584016E-14
gfc   155   37 -6.98388267617230E-14  2.11529791224625E-13
gfc   155   38  9.20795827957504E-14  3.72329338865122E-13
gfc   155   39  3.07079015570122E-13  7.91027955131503E-14
gfc   155   40  1.90868474466121E-13 -2.78629924411031E-13
gfc   155   41 -1.08627839466866E-13 -1.90428426535306E-13
gfc   155   42 -1.80231932607984E-13 -2.62706350083233E-14
gfc   155   43  3.03605071031220E-14  3.77345966466040E-14
gfc   155   44  5.10351159509305E-15  6.79174349834045E-14
gfc   155   45 -6.62218031823023E-14  4.40754424624321E-14
gfc   155   46 -8.42326625756458E-14  1.37196363722944E-13
gfc   155   47  2.94000186203196E-15  1.58496765553456E-13
gfc   155   48  1.42829172873636E-13  2.36008599309252E-13
gfc   155   49  2.17642813309442E-13  1.64805974149895E-13
gfc   155   50  8.84370506550413E-14  1.40582994195808E-13
gfc   155   51  5.16137043148022E-14  9.26050635173351E-14
gfc   155   52  8.26242523208988E-14 -3.66609900372054E-14
gfc   155   53  2.20763811398725E-13 -3.47324017767618E-14
gfc   155   54 -2.05674522394146E-15 -1.73547947521482E-13
gfc   155   55 -9.24244093778728E-14 -1.00712630741677E-13
gfc   155   56 -2.55951553298173E-13  2.03240689450991E-13
gfc   155   57  1.17896850072221E-13  1.78497344817678E-13
gfc   155   58  2.09250649918395E-13 -1.20967298382143E-14
gfc   155   59  1.68573642648834E-13 -1.08147087192659E-13
gfc   155   60 -7.40130554381441E-14 -6.55836457503848E-15
gfc   155   61 -6.43234238685039E-14  4.65905171610958E-14
gfc   155   62 -6.08982660971803E-14  9.51664692119101E-14
gfc   155   63  1.46552821915726E-13 -3.84338946435507E-14
gfc   155   64  1.56494001722193E-13  5.66427613738087E-14
gfc   155   65  7.46575852953120E-14 -1.01764490715005E-14
gfc   155   66 -8.33165055945201E-16  4.39707635848844E-14
gfc   155   67  1.02105645900374E-13 -1.37121047644513E-13
gfc   155   68  8.87908561976439E-14 -5.90007142420965E-14
gfc   155   69  5.64439755519539E-14 -1.61457620929363E-13
gfc   155   70 -1.28777279753523E-13  4.61859528291208E-14
gfc   155   71 -6.17780834895865E-14  2.84798187100736E-14
gfc   155   72 -1.19036257967289E-13  6.25711015923389E-14
gfc   155   73  6.13090286218126E-14  7.75939376438088E-14
gfc   155   74 -7.17960658356502E-15  7.53615127235246E-14
gfc   155   75  1.04036576037084E-13  9.76097949961788E-14
gfc   155   76 -3.25869781900337E-14 -1.54256803042855E-13
gfc   155   77 -6.47615059235828E-14 -2.85366967845930E-14
gfc   155   78  6.20340227261213E-14  7.16752395634693E-14
gfc   155   79 -4.75906044935422E-15  2.36871992814234E-14
gfc   155   80 -1.39227833558921E-13  8.98743859501637E-14
gfc   155   81 -4.18098933650349E-14 -6.91811876474459E-14
gfc   155   82  1.92715736723671E-14 -3.33756565073137E-14
gfc   155   83  3.36764359409979E-14  3.25412053196597E-14
gfc   155   84  2.41933933290138E-14 -2.68349958593436E-14
gfc   155   85 -6.59343507087799E-14 -1.48143608796661E-14
gfc   155   86  1.75739113401611E-14 -3.55671970913479E-14
gfc   155   87 -2.21419098207989E-14  5.42567203786362E-14
gfc   155   88 -7.84979133713811E-15  8.87263844914983E-14
gfc   155   89 -1.17528829555780E-13 -2.74254857879209E-14
gfc   155   90  6.30167111460955E-14 -7.16980634936475E-14
gfc   155   91 -2.77258425722048E-15 -6.41100518237683E-14
gfc   155   92  3.73328780714163E-14  6.51274506137240E-14
gfc   155   93 -1.34009268999549E-13 -5.51439292193168E-14
gfc   155   94  9.39457060966366E-14 -2.24268310436229E-14
gfc   155   95  4.16979500328604E-14 -4.48056673926918E-14
gfc   155   96  7.46525845166532E-14  6.35979128094778E-14
gfc   155   97 -8.80316050078735E-14 -7.71417037099884E-14
gfc   155   98 -1.65372856340786E-14 -3.66953977759593E-14
gfc   155   99  7.67001525122202E-14 -1.06170120220010E-13
gfc   155  100  7.07201256145875E-14  1.29854329923494E-13
gfc   155  101 -1.42212574337820E-13  3.02374932243626E-14
gfc   155  102  3.43300645986239E-14 -8.16862300853012E-14
gfc   155  103  1.49542131017296E-13  2.39281919287615E-14
gfc   155  104 -1.16433214816784E-13  1.20934616945446E-13
gfc   155  105 -2.62824074730200E-14 -1.16354745585096E-13
gfc   155  106  8.52485659661836E-14 -5.79892232522052E-15
gfc   155  107  4.11976177391656E-14  1.18301034722694E-13
gfc   155  108 -1.10199326830630E-13  4.84968751701656E-14
gfc   155  109  1.95986730371276E-14 -8.32473529456618E-14
gfc   155  110  6.43992452127760E-14  3.16941444470334E-14
gfc   155  111 -1.06879336045369E-16  1.01914509905429E-13
gfc   155  112 -6.78075391452031E-14 -4.44034663008501E-14
gfc   155  113  4.48290969725088E-14 -1.53675541538527E-14
gfc   155  114 -7.58031720373740E-15  4.26455758327034E-14
gfc   155  115 -6.37219580210801E-14  2.27182024048406E-14
gfc   155  116 -3.99591960576280E-14 -9.75839039622152E-14
gfc   155  117  8.27957240511923E-14  3.24859421433201E-14
gfc   155  118 -1.68813410168642E-13  5.07763816776216E-14
gfc   155  119  6.01874768668976E-14 -1.66398692838178E-13
gfc   155  120 -1.65738385041582E-14  1.83342120385478E-13
gfc   155  121 -1.14735388309009E-13 -1.87358998670738E-13
gfc   155  122  1.36448824548958E-13 -5.08458602328327E-14
gfc   155  123 -9.23716429786426E-14  5.11796690884182E-14
gfc   155  124 -1.24940790394934E-14 -6.27559834682019E-14
gfc   155  125  7.88850926604416E-14 -7.29738992220530E-14
gfc   155  126  4.51843994605689E-14 -4.07623201039017E-14
gfc   155  127 -2.54195251749756E-14  2.17805270940091E-14
gfc   155  128  1.35685494059379E-14  8.48000902883362E-15
gfc   155  129  7.47862466857683E-14 -4.29056137485353E-14
gfc   155  130  2.91260881459822E-14  4.93686836849563E-14
gfc   155  131  3.48944338575895E-14 -1.72709502428223E-14
gfc   155  132  2.76136208800419E-14  6.58137107465420E-14
gfc   155  133 -8.77362205660022E-15 -3.17885398870621E-14
gfc   155  134  1.53716467064522E-14  6.75079018603961E-14
gfc   155  135 -2.12796671758563E-15 -1.52841810553085E-14
gfc   155  136  4.08397276948632E-14  7.73681836339556E-14
gfc   155  137 -9.44280166101557E-14  4.32800674466239E-15
gfc   155  138  3.52044197264942E-14  3.44373007084389E-14
gfc   155  139 -6.44066919058134E-14  6.69008512562061E-15
gfc   155  140  4.78834776943213E-14  1.19376218615263E-14
gfc   155  141 -1.31920002247729E-13 -1.70909507883016E-14
gfc   155  142  5.92890377367524E-14  5.81133686637649E-15
gfc   155  143 -7.80680361396150E-14 -4.44141371652904E-14
gfc   155  144  8.58040324749654E-14 -2.37243289577655E-14
gfc   155  145 -5.95673785803012E-14  7.92028648421782E-15
gfc   155  146  6.47396001436952E-14 -7.94180140913603E-14
gfc   155  147 -8.94226444811783E-15  4.44910924394878E-14
gfc   155  148  2.76718887005057E-14 -8.33802198721393E-14
gfc   155  149  5.89246533569094E-14  7.05273036787740E-14
gfc   155  150 -7.21970013406744E-15 -2.71753701821346E-14
gfc   155  151  6.29603674654443E-14  6.23280176180690E-14
gfc   155  152 -5.01898499299994E-14  2.64032211285954E-14
gfc   155  153 -5.09256205297029E-14 -4.36546581637895E-14
gfc   155  154  6.76094155637242E-14 -6.44303068051978E-14
gfc   155  155  2.52537708552627E-14  3.72613319105176E-14
gfc   156    0  1.39994941988927E-13  0.00000000000000E+00
gfc   156    1  9.82483329338517E-14 -3.05774716503987E-14
gfc   156    2  1.08752772345285E-13 -1.28972185825237E-13
gfc   156    3  9.60868565753320E-14  4.46221810217829E-15
gfc   156    4  9.87162374256862E-14 -1.93941878888235E-13
gfc   156    5 -3.43686239956284E-14 -4.55670236926897E-14
gfc   156    6  3.83863371204217E-14  4.53692323897422E-15
gfc   156    7  8.25527634863259E-14 -4.12533986508987E-14
gfc   156    8 -5.44667230947336E-14 -9.91280340363410E-14
gfc   156    9  7.59135686951076E-15  2.24724263808093E-14
gfc   156   10 -6.35264599003794E-14 -1.01593997786122E-13
gfc   156   11 -1.19270375894678E-13 -3.79388710842253E-14
gfc   156   12  8.77438891017204E-15  4.40196523664536E-14
gfc   156   13 -1.50522924214442E-13  3.69361317072132E-14
gfc   156   14  1.10114804930207E-14 -9.86741504712784E-14
gfc   156   15 -1.60366223450420E-13 -9.12268855411430E-14
gfc   156   16 -1.34738448618354E-13 -1.51706313466691E-13
gfc   156   17 -6.56737059028547E-14 -1.35878824657019E-13
gfc   156   18 -6.79755712271340E-14 -1.38126636364163E-13
gfc   156   19 -5.51226949911159E-14 -9.70799742883483E-14
gfc   156   20  2.11140673585624E-14 -1.36938006464205E-13
gfc   156   21 -6.78347905673914E-14 -1.74361903668306E-13
gfc   156   22  3.35910208807237E-14 -1.71957711988276E-13
gfc   156   23 -8.01802483373822E-14 -1.46935860626140E-13
gfc   156   24  3.92597236828353E-14 -1.65396940855026E-13
gfc   156   25  3.00526156928771E-15 -1.72084660006419E-13
gfc   156   26 -6.23421907936027E-14 -7.07945683701318E-14
gfc   156   27 -1.88766110018792E-13 -1.71392746445951E-13
gfc   156   28 -6.13316358283798E-14 -9.14771028963673E-14
gfc   156   29 -1.67846836887110E-13 -1.72300988053071E-13
gfc   156   30  2.01458061332882E-14 -5.25321754328703E-14
gfc   156   31 -3.74462374009637E-14  6.24825391198237E-15
gfc   156   32 -3.14040782072049E-14 -2.59496122772791E-14
gfc   156   33 -2.89405157692548E-13 -9.01544485734365E-14
gfc   156   34 -1.19418968448646E-13  4.24736120688669E-14
gfc   156   35 -9.37945991303790E-14  9.53132785380173E-14
gfc   156   36 -6.27820662014246E-14 -1.34926792401273E-13
gfc   156   37 -1.71521435709075E-13  8.71841682217535E-15
gfc   156   38  2.51410936990117E-13  2.24565346193894E-13
gfc   156   39  4.49285388978962E-13  1.72312626592001E-13
gfc   156   40  1.12745015714789E-13 -2.87437884066492E-13
gfc   156   41 -1.31894915485409E-13 -3.49009723407698E-13
gfc   156   42 -8.09384287006686E-14  2.99130663882757E-14
gfc   156   43  3.10757188874435E-14  7.16248557074702E-14
gfc   156   44  5.41992471100153E-14  1.66382382522712E-13
gfc   156   45 -6.03613582337786E-14 -2.10902880998564E-14
gfc   156   46 -1.50348053207617E-14  1.60519088551576E-13
gfc   156   47  2.81665923970756E-14  1.57452844816743E-13
gfc   156   48  2.37909505657600E-13  3.22085621442345E-13
gfc   156   49  1.70425070778803E-13  1.29522743821735E-13
gfc   156   50  2.08645120757082E-13  2.40619779937499E-14
gfc   156   51  2.63053285377588E-14  6.04170204736743E-14
gfc   156   52  1.59007922933081E-13  6.97630224684241E-14
gfc   156   53  2.18765833366519E-13 -1.41466901949271E-14
gfc   156   54  1.09169252755099E-13 -1.12971102537192E-13
gfc   156   55 -2.16138735492277E-13 -1.56728002047748E-14
gfc   156   56 -2.26337748566572E-13  1.08974524741540E-13
gfc   156   57  6.70697745464932E-14  2.27606718318024E-13
gfc   156   58  2.45430054606964E-13  9.34575561210972E-14
gfc   156   59  2.14498508975666E-13 -1.54394767194766E-13
gfc   156   60 -1.00930263814702E-13 -5.57459951386399E-14
gfc   156   61 -9.99483807982250E-14  1.95998826527642E-15
gfc   156   62  3.00297288828510E-15  8.90940801213462E-14
gfc   156   63  1.44093579583710E-13  2.93719210112823E-14
gfc   156   64  9.68699454107709E-14  1.11213012647831E-13
gfc   156   65  2.67595734375451E-14 -3.23994339926525E-14
gfc   156   66 -6.97981190648712E-14  4.22086417520062E-14
gfc   156   67  1.09574306970344E-13 -1.58517946436086E-13
gfc   156   68  2.30754222645507E-14 -1.85084348109883E-14
gfc   156   69  1.37149856678405E-14 -1.20370503788280E-13
gfc   156   70 -2.20826352258854E-13  4.92220527187798E-14
gfc   156   71 -3.42406267120243E-14 -7.86955016020814E-15
gfc   156   72 -1.25646365410449E-13  5.22418969837509E-14
gfc   156   73  8.44904418853190E-14  8.37389069723506E-14
gfc   156   74 -4.11886579013973E-14  9.29090853222791E-14
gfc   156   75  8.40075973819345E-14  3.16839637598315E-14
gfc   156   76 -1.60643445011306E-14 -1.76734033493710E-13
gfc   156   77 -8.72520661884651E-14 -2.16778603457421E-14
gfc   156   78  5.31394030411572E-14  2.88060188487783E-14
gfc   156   79 -1.09964731149746E-13 -6.44980769002086E-14
gfc   156   80 -3.33526722470969E-14 -1.16700030719412E-14
gfc   156   81  2.99284758908100E-14 -3.90396576633398E-14
gfc   156   82  6.86697748289127E-14 -1.47039563094060E-14
gfc   156   83 -2.80067562855139E-14  7.06580733276571E-14
gfc   156   84 -6.65389415684601E-14 -7.20460515239238E-14
gfc   156   85 -2.46868105804851E-14 -7.27635270801419E-14
gfc   156   86  5.88815780650330E-14 -1.91101001271702E-14
gfc   156   87  3.01162610378135E-16  6.79846854417506E-14
gfc   156   88  4.33585598009174E-15  8.84363919682912E-15
gfc   156   89 -8.32517402100425E-14  8.88186390845690E-16
gfc   156   90  9.77535237158110E-14 -1.44315111816773E-13
gfc   156   91  4.26480581941760E-14  1.13542619954713E-13
gfc   156   92 -2.86165914228164E-14 -3.51285257463608E-14
gfc   156   93 -7.72127739835981E-14  6.69415992726239E-15
gfc   156   94  9.28647661764761E-14 -6.95279827915579E-14
gfc   156   95  7.69227123538212E-14  3.42546338513126E-14
gfc   156   96  3.83689795482119E-14  3.58999663078459E-14
gfc   156   97 -4.61779073740264E-14 -7.97242671290901E-14
gfc   156   98  8.04951370892869E-14 -9.84602136293247E-15
gfc   156   99 -7.30746692118235E-15  1.32645871762651E-13
gfc   156  100 -9.44274228384659E-14 -2.60157445457651E-15
gfc   156  101  2.64592137039268E-14 -5.83144017419652E-14
gfc   156  102  6.77948587881437E-14  4.00479353833254E-14
gfc   156  103 -2.69684140335085E-15  6.28762276428077E-14
gfc   156  104 -8.46725850571554E-14  2.88548571951903E-14
gfc   156  105  2.29082212957051E-14  5.98666341952432E-15
gfc   156  106 -2.42633780000036E-14  3.24166831289903E-15
gfc   156  107 -4.33256377926289E-14  9.96132180732959E-14
gfc   156  108 -9.23015774940724E-14 -3.03664570665823E-14
gfc   156  109  7.31669873210357E-14 -3.00809359623654E-14
gfc   156  110 -5.36583018042464E-15  2.34690763909529E-14
gfc   156  111 -4.22906522787705E-14  9.11469786269480E-14
gfc   156  112 -1.42980601143628E-13 -9.39078975949897E-14
gfc   156  113  1.04391849161663E-13 -5.08226545356603E-14
gfc   156  114 -2.78569081334028E-14  3.42514387939615E-14
gfc   156  115  8.55738532250465E-15 -7.81968208998593E-14
gfc   156  116  1.49725940222664E-14 -3.53922254958467E-14
gfc   156  117  4.27116356779267E-14  2.74880991369174E-14
gfc   156  118 -9.94128694466278E-14 -2.46557107062529E-14
gfc   156  119  9.93687136095040E-14 -1.19273235418422E-13
gfc   156  120  1.54173035511439E-14  1.38852713943133E-13
gfc   156  121 -4.19015724737287E-14 -9.80922059555522E-14
gfc   156  122  1.21619499062224E-13 -4.68147764859444E-15
gfc   156  123 -8.38149498648058E-14  3.25937922483123E-15
gfc   156  124  1.26914505015879E-13 -6.24551625401860E-14
gfc   156  125  1.73151576955309E-14  8.64176554085641E-14
gfc   156  126  4.86575096508919E-15 -4.28442025364036E-14
gfc   156  127  4.05381787997909E-14  7.74653588466715E-16
gfc   156  128  4.16872158417208E-14  9.74171624423076E-14
gfc   156  129 -2.20931734804982E-14 -2.28679937002761E-14
gfc   156  130  3.99558021720647E-14  4.71833681559664E-14
gfc   156  131 -2.49920536643812E-14  2.94714009965807E-14
gfc   156  132 -4.22361819572274E-15  3.68051241418450E-14
gfc   156  133 -8.09710960259229E-14  6.17350228549923E-15
gfc   156  134  2.42939719972462E-14 -4.25041078960876E-15
gfc   156  135 -4.09320051870015E-14  2.40184345710366E-14
gfc   156  136  1.76371856414780E-14 -3.15146114029082E-14
gfc   156  137 -7.44313123642680E-14  4.24915953753939E-14
gfc   156  138  1.65031672682262E-14 -7.35582298339240E-14
gfc   156  139 -3.17605289211431E-14  4.32385670089784E-14
gfc   156  140  1.71157472559444E-14 -7.50146272780821E-14
gfc   156  141 -2.03658422881164E-14  1.32025177914989E-14
gfc   156  142 -4.52543601981413E-15 -8.54361877255496E-14
gfc   156  143  2.29263892847654E-14  3.22182112309060E-14
gfc   156  144  1.43199098879206E-14 -7.68702467339828E-14
gfc   156  145  5.86808522532122E-14  4.90686810877263E-14
gfc   156  146 -1.38125308995238E-15 -6.35342997622281E-14
gfc   156  147  4.64722624435424E-14  7.73409079751233E-14
gfc   156  148  5.41099305448081E-15 -1.08168489443298E-14
gfc   156  149  7.53002999732829E-14  5.21348372709781E-14
gfc   156  150 -5.75959864316911E-14  4.38980786546340E-14
gfc   156  151  1.96363899285567E-14  1.09730979463014E-14
gfc   156  152 -6.85125598163858E-14  5.99624537326500E-14
gfc   156  153 -3.65104609976511E-14 -5.87461139356720E-14
gfc   156  154  3.74778408829792E-14 -7.17063408369118E-14
gfc   156  155  6.19591411278253E-14  6.22070845453882E-14
gfc   156  156 -4.83687014182930E-14  2.06984254607055E-14
gfc   157    0 -2.89030857622058E-13  0.00000000000000E+00
gfc   157    1  2.01265867532455E-14  3.36688287988569E-14
gfc   157    2 -2.05641115653355E-13  7.13954162210263E-15
gfc   157    3 -1.38766192553107E-13  6.73934495318532E-14
gfc   157    4  2.72849073344272E-14 -5.43820212272037E-14
gfc   157    5 -1.44145102433272E-13  2.51078511160692E-14
gfc   157    6 -8.09613257105977E-14  8.31121707983183E-14
gfc   157    7  3.34130669394269E-14  5.03445850427886E-14
gfc   157    8 -8.48699489365430E-14  8.69147998957362E-15
gfc   157    9 -7.20895153849382E-14  6.81045330046048E-14
gfc   157   10  7.20680870596352E-14 -9.24385013927972E-15
gfc   157   11 -7.61096337374834E-14  7.06820205554757E-14
gfc   157   12  1.86154010461157E-14  3.90648395044918E-14
gfc   157   13 -2.33570938979582E-14  1.08406584679810E-13
gfc   157   14 -1.68274478207043E-13 -2.04803168954922E-14
gfc   157   15 -1.65171171326991E-13 -1.17995856760854E-13
gfc   157   16 -1.80410802131516E-13 -3.45132587965783E-14
gfc   157   17 -1.11480254335632E-13 -4.29581778625902E-14
gfc   157   18 -4.15939571634472E-14 -3.57486124392600E-14
gfc   157   19 -8.44714283215200E-14 -3.97060114268261E-14
gfc   157   20 -8.51694981984924E-14 -9.50807628713102E-14
gfc   157   21 -8.56625208009709E-14 -6.58122437697799E-14
gfc   157   22 -1.90669527972979E-13 -1.44313943573983E-13
gfc   157   23  1.97510607694061E-14 -1.68423786243634E-13
gfc   157   24  6.76013519832181E-14 -1.21220929236954E-13
gfc   157   25 -5.90049617912026E-14 -1.65356030914411E-13
gfc   157   26 -1.06427849128500E-14 -2.01717353984669E-13
gfc   157   27 -7.00538679875133E-14 -4.06231238643061E-14
gfc   157   28 -1.15164008578156E-13 -8.18203454308887E-14
gfc   157   29  3.15278776580604E-14 -4.12158180233513E-14
gfc   157   30 -7.38345236318301E-14 -1.03604668181523E-14
gfc   157   31 -8.64217185941412E-14  8.75630782541600E-15
gfc   157   32 -6.50053463952626E-14 -5.11931229682430E-14
gfc   157   33 -1.41736732486792E-13 -4.23754291410230E-14
gfc   157   34 -1.21388184324996E-13  1.35087699324765E-13
gfc   157   35 -3.48232277721765E-14 -4.03162600606636E-14
gfc   157   36  9.29215271920287E-14 -1.71347542081868E-14
gfc   157   37 -1.13507197817835E-13  2.17233877101666E-13
gfc   157   38  4.69875425403173E-14  3.40418708441314E-13
gfc   157   39  2.21774542909640E-13 -7.48146679437124E-15
gfc   157   40  3.03225059021490E-13 -4.06473814961772E-13
gfc   157   41 -1.07260754140258E-13 -2.57839739693267E-13
gfc   157   42 -1.26340874156804E-13 -6.89687931727084E-15
gfc   157   43  4.15956173200367E-15  1.50772379951032E-13
gfc   157   44  2.45926694424205E-14  5.64952167546030E-14
gfc   157   45  5.11559162275260E-14  5.73860352393851E-14
gfc   157   46  8.57738739497992E-15  1.00656971024507E-13
gfc   157   47  8.70759872994912E-14  2.44189890226271E-13
gfc   157   48  1.80093024527363E-13  2.39939816944558E-13
gfc   157   49  2.00154829699973E-13  1.78042610219041E-13
gfc   157   50  1.68674054122566E-13 -2.88022456292588E-14
gfc   157   51  4.02834910752274E-14  1.54927194334526E-14
gfc   157   52  1.45275701275399E-13  3.26415430475094E-14
gfc   157   53  2.28008415062878E-13  5.04856375163457E-14
gfc   157   54  6.72921951485043E-14 -1.77366373250310E-13
gfc   157   55 -2.07341833608148E-13 -1.31686911632592E-13
gfc   157   56 -2.29058904535811E-13  1.59222143252518E-13
gfc   157   57  9.66617308677282E-14  2.83176078159713E-13
gfc   157   58  2.67786517182077E-13  4.02842165417795E-14
gfc   157   59  1.18459360388194E-13 -1.10232365525422E-13
gfc   157   60 -1.13391166732337E-13 -1.27994606416621E-13
gfc   157   61 -1.18528538697111E-13 -8.09897460688891E-14
gfc   157   62 -1.09308587472850E-14  7.78630669536863E-14
gfc   157   63  1.31094098823175E-13  5.30786126020295E-14
gfc   157   64  5.89039768701482E-14  4.32804417317690E-14
gfc   157   65  1.76259076699565E-15 -9.32973984350056E-14
gfc   157   66 -4.79423059977520E-14 -2.66012845274049E-14
gfc   157   67  1.17892015471518E-13 -1.14489455412010E-13
gfc   157   68  9.15873123334934E-15 -3.42943588640833E-14
gfc   157   69 -2.77151226971505E-14 -7.09896233736899E-14
gfc   157   70 -2.09855084558422E-13 -1.95326486882468E-14
gfc   157   71 -3.05608883190734E-14 -3.78680911251683E-18
gfc   157   72 -9.88603981889162E-14  3.48424645401445E-14
gfc   157   73  8.88415458138885E-14  1.14618079852037E-13
gfc   157   74 -2.59900033329383E-14  3.05256286128654E-14
gfc   157   75  1.20858588104324E-13 -2.21051199297304E-14
gfc   157   76  2.10070744197917E-14 -2.06516442639062E-13
gfc   157   77 -2.18310922682142E-14  5.12645469475368E-14
gfc   157   78  4.31423140520451E-14  1.00560603396696E-14
gfc   157   79 -1.35291460736910E-13 -8.94029610020206E-14
gfc   157   80 -2.44839561699317E-14 -4.98582828622382E-14
gfc   157   81  7.75619993439512E-14 -5.21341878795632E-14
gfc   157   82  6.47292659569722E-14  1.58065178181907E-14
gfc   157   83  7.45437531711959E-15  1.15409509911513E-14
gfc   157   84 -2.68470240755759E-14 -1.60233329337752E-14
gfc   157   85  5.69242965331702E-15 -3.35622684484076E-14
gfc   157   86  3.94822809801984E-14  4.16701672368945E-14
gfc   157   87  4.08909543358152E-14  6.25371132376923E-14
gfc   157   88 -4.31436305393145E-14 -4.05659191975797E-14
gfc   157   89  4.18608906311917E-14 -1.72117793692280E-14
gfc   157   90  1.70283212154721E-14 -2.29036144944681E-14
gfc   157   91  6.38294853786217E-15  8.89900689807785E-14
gfc   157   92 -1.80331558826727E-14 -3.73851711595743E-15
gfc   157   93 -1.01312185670335E-14 -1.13242067817811E-14
gfc   157   94  1.01156991292011E-13 -3.10555206101926E-15
gfc   157   95 -1.69208729740536E-14  8.58842306724480E-14
gfc   157   96 -6.03143940494544E-14 -6.69554045993450E-15
gfc   157   97  2.48135474535406E-14 -3.13130444216962E-14
gfc   157   98  5.23732481062072E-15  1.38959860639015E-16
gfc   157   99  2.51827567523044E-14  8.34007652420092E-14
gfc   157  100 -5.93359491606430E-14  6.67248285710885E-14
gfc   157  101 -6.07148946233296E-14 -2.36362928204691E-14
gfc   157  102 -2.05994784576985E-14 -5.43309304552930E-14
gfc   157  103  5.90320126236146E-14  1.63677569193925E-14
gfc   157  104 -1.76971394225872E-13  7.22077500439266E-14
gfc   157  105  2.65694782194470E-14 -9.93762811526746E-14
gfc   157  106  3.17331325719701E-14  3.31559375917883E-14
gfc   157  107 -4.36208074859374E-14  5.68841680201307E-14
gfc   157  108 -1.34359625104913E-13 -3.71450891724425E-14
gfc   157  109  1.04220854503008E-13 -1.24863278399306E-13
gfc   157  110  5.93851148293622E-15  7.21340908163665E-14
gfc   157  111 -3.70982430703176E-14  8.65600492250857E-15
gfc   157  112 -4.97437108992207E-14 -7.58662524174912E-14
gfc   157  113  1.01696492410975E-13  1.94114526293320E-14
gfc   157  114 -8.36846108608983E-14  3.84255073472310E-14
gfc   157  115  6.51219431626308E-14 -9.89351916665161E-14
gfc   157  116  2.50379661565390E-14 -7.77573977211779E-16
gfc   157  117  7.71725237601087E-14 -6.90775243784939E-16
gfc   157  118 -7.95807282520952E-14  6.84524253955691E-14
gfc   157  119  9.75978502625118E-14 -1.00733238900085E-13
gfc   157  120  8.77735279166747E-15  1.24821929640969E-13
gfc   157  121 -6.26470514998112E-14 -1.25827959549284E-13
gfc   157  122  1.70013776774609E-13  3.87582337782933E-14
gfc   157  123 -9.82595091199663E-14  1.43836137988105E-13
gfc   157  124  1.83963187551129E-14 -7.33871242551148E-14
gfc   157  125  1.70626418637879E-14  3.57042857885474E-14
gfc   157  126 -1.82977078065809E-15  1.50214109678544E-14
gfc   157  127 -5.03480415613361E-14  9.44306670191428E-14
gfc   157  128 -2.11778680556543E-14 -2.18015843315867E-14
gfc   157  129  2.37148435049353E-14  1.15486282184693E-14
gfc   157  130 -5.84652939868918E-14  2.44122624689179E-14
gfc   157  131 -5.46246246875440E-14  1.45982646034939E-14
gfc   157  132 -2.42460430866233E-14 -5.78833329358843E-14
gfc   157  133 -6.62979370401012E-14  1.53075550638787E-14
gfc   157  134 -1.97518104542499E-14 -6.72352019547688E-14
gfc   157  135  2.66504909936912E-14  3.48017891685618E-14
gfc   157  136 -2.50305254545384E-15 -7.03038427440563E-14
gfc   157  137  1.74794687588263E-15  7.06368045072534E-15
gfc   157  138 -2.38824326633741E-14 -6.31185243672502E-14
gfc   157  139  6.90318916556340E-14  1.11539742324938E-15
gfc   157  140 -1.61790795184630E-15 -3.10863968186637E-14
gfc   157  141  5.14649173106636E-14  2.74368314999707E-14
gfc   157  142 -7.58784287087555E-15 -3.07512732599725E-14
gfc   157  143  8.31821214915643E-14  4.63484677804988E-14
gfc   157  144 -3.21536378114335E-14 -9.44958373900261E-15
gfc   157  145  7.57790374709762E-14  4.49494070798610E-14
gfc   157  146 -5.11232372478428E-14  3.02744578326366E-15
gfc   157  147  4.30567536420450E-14  5.75677153076912E-15
gfc   157  148 -8.94011374709075E-14  5.36348501512901E-14
gfc   157  149  3.92472113080342E-14 -3.91962536458971E-14
gfc   157  150 -4.97133855793497E-14  7.50601502347305E-14
gfc   157  151 -2.04846735899099E-14 -7.38447283498471E-14
gfc   157  152 -2.12787637132326E-14  2.64493744235004E-14
gfc   157  153 -4.91043373579180E-14 -6.64814465727064E-14
gfc   157  154  5.83359802235236E-14 -4.49074280679982E-14
gfc   157  155  5.70949767664729E-14  1.51315182397949E-14
gfc   157  156 -4.82707849497790E-14  4.28106875719192E-14
gfc   157  157 -1.65471202218976E-14 -4.45682377250292E-14
gfc   158    0  8.85242791431701E-14  0.00000000000000E+00
gfc   158    1  8.64316930333174E-14  1.01628351203554E-13
gfc   158    2  1.78120632131581E-13 -1.70218347632525E-13
gfc   158    3  6.83546742145325E-14 -2.06306315931403E-14
gfc   158    4  1.91271971044464E-13 -7.03232124543076E-15
gfc   158    5  7.36903717209192E-14 -1.53768426143169E-13
gfc   158    6  1.41186616839869E-14  1.01230021583126E-13
gfc   158    7  1.53274883684473E-13 -4.94689998333114E-14
gfc   158    8 -7.34941053686928E-14 -1.40205995654229E-13
gfc   158    9  4.03272302700556E-14 -5.50279585642987E-14
gfc   158   10  1.45002492986815E-14 -4.36062932406972E-14
gfc   158   11 -9.09142566077498E-15 -1.03544767044595E-13
gfc   158   12  4.41718118298223E-14  8.00323878680863E-14
gfc   158   13 -3.71773446403264E-14  2.31750160456513E-14
gfc   158   14 -1.00655900270646E-13 -7.02441219393993E-14
gfc   158   15 -6.27154704039875E-14 -6.12469365552982E-14
gfc   158   16 -1.82636532600876E-13 -9.04023151961717E-14
gfc   158   17  4.97641441944692E-14 -6.20241731556732E-14
gfc   158   18 -8.92423950644778E-14 -7.11154531474316E-14
gfc   158   19 -8.29111362557754E-14 -1.03266900641942E-13
gfc   158   20 -1.45981991609593E-13 -1.00062380505278E-13
gfc   158   21 -9.56494354709118E-14 -2.09292557866009E-13
gfc   158   22 -1.06601055681792E-13 -1.21454094245543E-13
gfc   158   23  9.88259191431801E-15 -2.41596341341219E-14
gfc   158   24 -7.63111090535701E-14 -1.85523064780660E-13
gfc   158   25 -1.01788017804186E-13 -1.24869091369513E-13
gfc   158   26 -1.83752166352908E-13 -8.33038039603147E-14
gfc   158   27 -1.46057063327163E-13 -1.18001992241141E-13
gfc   158   28 -7.53160920317241E-14 -1.71626293438357E-13
gfc   158   29 -1.57200229018620E-14 -2.57085956698568E-14
gfc   158   30  3.42516862539117E-15 -1.07786023371658E-13
gfc   158   31 -2.98995417816688E-14  1.55887522589683E-13
gfc   158   32 -1.18953864014503E-13  7.40509657159508E-14
gfc   158   33 -1.56905382687610E-13  5.86507609044827E-14
gfc   158   34 -1.23760680032303E-13 -1.99550166078611E-14
gfc   158   35 -5.00659255720629E-14  1.53850244556834E-13
gfc   158   36 -1.30001050654870E-13  2.72312519100983E-14
gfc   158   37 -1.07609906252623E-13  4.11853192639512E-14
gfc   158   38  1.47076043333460E-13  1.03481095950483E-13
gfc   158   39  4.25415400632418E-13  1.01442861573343E-13
gfc   158   40  1.04713314630615E-13 -3.32548472552172E-13
gfc   158   41 -1.46354407680041E-13 -2.60523757706313E-13
gfc   158   42 -2.00169759729408E-13  3.27829439493274E-14
gfc   158   43 -5.90247757011499E-15  1.81167280776809E-13
gfc   158   44 -6.88586640405680E-16  4.31123194161193E-14
gfc   158   45  4.20483563234812E-14  6.86294870573273E-16
gfc   158   46  4.99583601612224E-14  8.28045784767143E-14
gfc   158   47  1.17833985742341E-13  1.97267014122677E-13
gfc   158   48  1.87940648511290E-13  1.52512413071365E-13
gfc   158   49  2.16520009188762E-13  4.86034490361144E-14
gfc   158   50  2.00379251674317E-13 -1.52033123501386E-13
gfc   158   51  7.33685421805696E-14  1.37631799941712E-14
gfc   158   52  1.34943792973301E-13  8.77096647126287E-14
gfc   158   53  1.95815393395260E-13  1.95125483129070E-14
gfc   158   54  5.76958884871121E-14 -2.67817701562471E-13
gfc   158   55 -1.84337942482121E-13 -1.21686174276916E-13
gfc   158   56 -2.42399164011309E-13 -2.89536692626940E-14
gfc   158   57  1.27095965045613E-13  3.06753414073616E-13
gfc   158   58  2.55553854649801E-13  9.82436594901621E-14
gfc   158   59  2.24270554629521E-13 -1.70393943563509E-13
gfc   158   60 -7.79059476355152E-14 -2.16712850288322E-13
gfc   158   61 -9.63676560497410E-14 -6.07957612009953E-14
gfc   158   62 -5.32425833084522E-14  6.28795933076294E-14
gfc   158   63  1.19218277358534E-13  1.09603992962173E-13
gfc   158   64  2.11164968301683E-14 -3.13489508818672E-15
gfc   158   65  7.42830389961591E-14 -1.48666909350644E-13
gfc   158   66 -1.01988635053790E-14 -8.24824932089972E-14
gfc   158   67  1.09510032978801E-13 -6.32770751263549E-14
gfc   158   68 -1.08286497863636E-14 -4.15259223039761E-14
gfc   158   69 -2.81569984888491E-14 -6.60266624939249E-14
gfc   158   70 -1.28404065648294E-13 -3.41010271022883E-14
gfc   158   71 -7.50641775865938E-15 -3.42069259369879E-14
gfc   158   72 -8.29260629272777E-14  8.62956363154084E-14
gfc   158   73  7.34626348640581E-14  1.30525441383498E-13
gfc   158   74  2.96675392742494E-14  4.63945132892658E-14
gfc   158   75  1.45349934835109E-13 -2.11611896353209E-14
gfc   158   76  3.71567982115081E-14 -1.73485158978464E-13
gfc   158   77 -6.34123935617885E-14  1.06860162577693E-13
gfc   158   78  5.17457186030436E-14 -3.70337848643649E-14
gfc   158   79 -9.44327136499049E-14 -7.42478616430639E-14
gfc   158   80  3.41662885385202E-14 -3.31758058719580E-14
gfc   158   81  8.01070578164892E-14  5.29996441192076E-14
gfc   158   82 -3.69937054914164E-14  6.03313628876330E-14
gfc   158   83 -3.61533965468826E-14 -5.33486710678569E-15
gfc   158   84 -5.60287751146262E-15 -3.44628222860803E-14
gfc   158   85  5.29685670580723E-14 -1.13668643752392E-14
gfc   158   86  5.37256824223320E-14  7.25724953525575E-14
gfc   158   87  1.77654179939324E-14  3.15147769373233E-14
gfc   158   88 -4.91613447242398E-14 -2.67033335599277E-14
gfc   158   89  4.20804441416181E-14 -1.00407416538126E-14
gfc   158   90 -1.94657815548266E-14  1.27999591362975E-14
gfc   158   91 -1.74408736341305E-14  8.59466130005692E-14
gfc   158   92 -1.10094378003347E-13  3.07507755606701E-15
gfc   158   93  4.26536749846401E-14 -4.59908168241159E-14
gfc   158   94  4.23060076612232E-14  4.10474175358334E-14
gfc   158   95 -2.25803597020053E-14 -3.41358298581638E-15
gfc   158   96 -8.58976533399964E-14  9.57107926117356E-15
gfc   158   97 -1.29516413489253E-14 -2.26409822522774E-14
gfc   158   98  3.45085137735259E-14  5.01188822997880E-14
gfc   158   99 -3.71792917515176E-14  6.48033260124309E-14
gfc   158  100 -1.01690976296102E-13 -4.36455341707067E-14
gfc   158  101  5.23964016117620E-14 -1.58957242016149E-13
gfc   158  102  4.82723072811062E-14  1.36777756465951E-13
gfc   158  103 -1.04610178615379E-13 -3.72040269344145E-14
gfc   158  104 -8.43830153283551E-14 -6.71516169241727E-14
gfc   158  105  8.38203909763211E-14 -3.55297853783850E-14
gfc   158  106 -4.18418012478427E-14  7.76483964832657E-14
gfc   158  107 -3.29521767775169E-14 -1.04922372490792E-13
gfc   158  108  2.23788339940287E-14 -1.09235309712957E-14
gfc   158  109  9.39876637206085E-14 -5.92106260122562E-14
gfc   158  110 -4.95018938104178E-14  1.08614866308268E-13
gfc   158  111 -2.23369010268197E-14 -6.08617037145381E-14
gfc   158  112  3.22955227044061E-14  9.38716644057317E-15
gfc   158  113  8.44092871417839E-14 -1.47967156609708E-14
gfc   158  114 -3.61889506186392E-15  1.28656571879013E-13
gfc   158  115 -6.55119622840303E-15 -8.67963108136007E-14
gfc   158  116  4.22219379777298E-14  9.72649308429393E-14
gfc   158  117 -4.17536453091642E-14 -3.43596842965549E-14
gfc   158  118 -2.60122266137402E-14  3.09897374862100E-14
gfc   158  119  5.42317748269041E-14 -4.90715408730593E-14
gfc   158  120 -1.77251813023271E-14  1.40864741629705E-13
gfc   158  121 -7.82125258785881E-14 -1.11669869190727E-13
gfc   158  122  1.06062864074379E-13  3.59802263559946E-14
gfc   158  123 -1.26058851063406E-13  6.64289451976325E-14
gfc   158  124  8.36108380792197E-14 -4.37133407680520E-14
gfc   158  125 -8.60113204227688E-15  9.60391011456278E-14
gfc   158  126 -1.19328409307593E-13 -8.50913936523157E-14
gfc   158  127  3.90591809298380E-14  5.73685418643614E-15
gfc   158  128 -4.14586584528564E-14  2.97806541225320E-14
gfc   158  129  1.18938580986207E-14 -6.36763595173723E-14
gfc   158  130 -3.86802507930396E-14 -4.11627510435713E-14
gfc   158  131 -6.72430226880446E-15  1.33680493014032E-14
gfc   158  132 -2.54811760056950E-14 -6.21304398218206E-14
gfc   158  133  2.04898226616540E-14 -3.31852467714193E-14
gfc   158  134 -1.20438049937833E-15 -3.33736125205796E-14
gfc   158  135  7.93103394166573E-14 -1.97614002639348E-14
gfc   158  136  2.04666230805773E-15  1.21618216257425E-14
gfc   158  137  5.88180387990360E-14 -2.23385782035715E-14
gfc   158  138 -2.22416804997341E-14  2.31570344553430E-14
gfc   158  139  6.53808504825302E-14 -1.02766620026600E-14
gfc   158  140 -3.11137541636296E-14  4.34639070936969E-14
gfc   158  141  6.28058142512057E-14 -1.67741730041243E-14
gfc   158  142 -3.93795446698481E-14  8.65566287010756E-14
gfc   158  143  6.11854364616685E-14 -2.67566239454471E-14
gfc   158  144 -3.89601532422495E-14  8.25421671202268E-14
gfc   158  145 -2.76201270969121E-14 -4.09287760075850E-14
gfc   158  146 -2.85890206350746E-14  9.31843188736168E-14
gfc   158  147 -5.00102770637414E-14 -4.36627882310099E-14
gfc   158  148 -9.34436435326293E-15  5.70283787074476E-14
gfc   158  149 -6.69209920318577E-14 -7.36267523414371E-14
gfc   158  150  2.85197886765416E-14  1.05105623697466E-14
gfc   158  151 -5.24592496801831E-14 -3.66485263333592E-14
gfc   158  152  7.99907933488864E-14 -2.66641102433768E-14
gfc   158  153 -3.76139256200262E-14 -6.99991433178585E-15
gfc   158  154  6.74657349519397E-14 -2.99022844379267E-14
gfc   158  155  5.20372490475927E-14  3.92473279168943E-14
gfc   158  156 -2.96712535977006E-14  3.67011613608839E-14
gfc   158  157 -3.17787310933259E-14 -4.56010614826240E-14
gfc   158  158  4.05930792596333E-14 -1.80111513623772E-14
gfc   159    0 -2.35876178689854E-13  0.00000000000000E+00
gfc   159    1 -1.92569123230183E-14 -6.60199169719908E-14
gfc   159    2 -1.03842611494632E-13 -7.93378376806269E-14
gfc   159    3 -1.55947123731639E-13 -4.73625879954204E-15
gfc   159    4  4.33065099418257E-14  4.07234483573335E-14
gfc   159    5 -7.93457972614054E-14 -3.92489249180107E-14
gfc   159    6 -1.16068567909820E-13  1.22395502769765E-13
gfc   159    7  1.67036504418443E-14  6.33196684573357E-14
gfc   159    8 -5.89071647413481E-14 -4.13072236053371E-15
gfc   159    9 -7.44710778451307E-14  1.32329877137212E-13
gfc   159   10  6.78331108924762E-14  7.46748715632530E-14
gfc   159   11 -4.16346096022179E-14  8.12005989197178E-14
gfc   159   12 -3.39135768829736E-14  1.13571286448006E-13
gfc   159   13 -6.78316375925575E-14  1.72301727121629E-14
gfc   159   14 -1.69921395756509E-13  5.90045543683949E-14
gfc   159   15 -1.85700504758808E-13 -8.94054456596119E-14
gfc   159   16 -1.33565853876499E-13  3.05051000270350E-14
gfc   159   17 -1.10002734268040E-13  5.53124917596047E-14
gfc   159   18 -4.71560889493580E-14 -5.50764481984957E-14
gfc   159   19 -2.32355225044707E-13 -7.03760714787694E-14
gfc   159   20 -2.02964568391390E-13 -3.14220659412763E-14
gfc   159   21 -1.46548749986826E-13 -1.15421380850384E-13
gfc   159   22 -2.17298897449881E-13  5.84989982446255E-15
gfc   159   23 -2.23052443972940E-14 -1.07425957101885E-13
gfc   159   24  1.75047714922808E-14 -1.07866442987410E-13
gfc   159   25 -2.39736107571411E-13 -1.43799381014303E-13
gfc   159   26 -1.26982777893548E-13 -1.24424335888014E-13
gfc   159   27 -4.87817797882364E-14 -3.49312733812000E-14
gfc   159   28 -1.48086993026687E-13 -3.23641558632122E-14
gfc   159   29  1.27718328597847E-14 -6.91586447620907E-14
gfc   159   30 -1.30398492852177E-13 -2.72127687473170E-15
gfc   159   31 -9.26251753277535E-14 -1.18218172396384E-14
gfc   159   32 -1.03566900236050E-13  4.35392463485876E-14
gfc   159   33  4.20881514039226E-14  1.71736594653029E-14
gfc   159   34 -8.90413700336841E-14  2.03731353233689E-13
gfc   159   35 -6.15623670675225E-14  3.94391003322563E-14
gfc   159   36 -2.64892676472393E-14  1.68145731224077E-13
gfc   159   37 -8.63238196034921E-14  1.50567050362449E-13
gfc   159   38  1.19586452115986E-14  2.22204000082331E-13
gfc   159   39  1.61854896311275E-13 -1.71573330304679E-13
gfc   159   40  2.43489957872658E-13 -3.98620161713281E-13
gfc   159   41 -1.61109464683987E-13 -2.61859406742332E-13
gfc   159   42 -2.42715155902397E-13  5.08098662199495E-15
gfc   159   43 -3.74448187622735E-14  1.13983399871323E-13
gfc   159   44  2.98898774368685E-14  2.96571188607193E-14
gfc   159   45  1.47529283303473E-13  1.89115624089352E-14
gfc   159   46  3.06559510662369E-14  7.24152525361585E-14
gfc   159   47  1.47975483940316E-13  9.15363804721916E-14
gfc   159   48  1.34048851209281E-13  1.07696054792576E-13
gfc   159   49  3.36036332505562E-13 -9.27699408669429E-14
gfc   159   50  1.85499835711626E-13 -1.14987625953398E-13
gfc   159   51  1.25170255490994E-13 -1.28026896927543E-13
gfc   159   52  1.10348046705283E-13  6.51122126402254E-14
gfc   159   53  2.40954249538494E-13 -2.01071546295167E-14
gfc   159   54  5.29424449550452E-14 -2.36380967022997E-13
gfc   159   55 -1.14164327641007E-13 -2.47876657657461E-13
gfc   159   56 -2.04026798837178E-13  1.34145094910192E-13
gfc   159   57  1.20335701451023E-13  2.79651288020818E-13
gfc   159   58  2.20925300345338E-13  5.04941318681208E-14
gfc   159   59  2.15802446932531E-13 -1.24117288491567E-13
gfc   159   60 -2.49618348158673E-15 -2.10389638638367E-13
gfc   159   61 -4.79788979322118E-15 -1.05360696777234E-13
gfc   159   62 -1.08974172491023E-13  9.35938503529256E-14
gfc   159   63  1.28937251493197E-13  1.26777184916561E-13
gfc   159   64  1.82304647695952E-14 -2.31160561363495E-14
gfc   159   65  1.35767944098842E-13 -9.31333198305417E-14
gfc   159   66  7.42086272303070E-15 -8.30291047821446E-14
gfc   159   67  9.93034999617937E-14 -2.03019202099982E-14
gfc   159   68 -1.01096785946904E-13 -5.15115163921202E-14
gfc   159   69 -2.24329538310113E-14 -5.76665919075205E-14
gfc   159   70 -1.29514988111124E-13 -3.99519736171469E-14
gfc   159   71  2.56468541002489E-14 -1.62483241844554E-14
gfc   159   72 -1.35036069536034E-13  7.40738282476027E-14
gfc   159   73  7.05591021275806E-14  1.32061894385780E-13
gfc   159   74  1.47979331075034E-14  3.78638270030510E-14
gfc   159   75  1.77252198580731E-13  2.63639500616628E-14
gfc   159   76  7.68886190627553E-15 -1.08096978904528E-13
gfc   159   77 -7.73263902377477E-14  1.14368869555995E-13
gfc   159   78 -9.42009599405189E-16 -4.91347862172580E-14
gfc   159   79 -9.16494948156398E-14 -9.39528169310981E-14
gfc   159   80  4.14887584244478E-14  3.03136928178975E-14
gfc   159   81  6.37615764591011E-14  6.16717609567934E-14
gfc   159   82 -3.32735906564107E-14  6.21681563075423E-14
gfc   159   83 -6.84550509347292E-14  1.76159917770871E-14
gfc   159   84  2.67223528880612E-14 -1.95890691755510E-14
gfc   159   85 -1.54240545781383E-14  2.47901959358971E-14
gfc   159   86  2.29754473882085E-14  1.63419517433389E-14
gfc   159   87 -9.73776105209775E-16 -5.83963346280331E-14
gfc   159   88 -9.23454733404194E-15 -3.75095826069675E-14
gfc   159   89  1.61069772740854E-14 -9.94638212817058E-15
gfc   159   90 -4.10118332428998E-14  4.97015060569088E-14
gfc   159   91 -6.63007962467323E-14  1.06148817748678E-14
gfc   159   92 -1.84485201731489E-14 -5.70867716274462E-14
gfc   159   93  1.46261136534380E-14  5.47594666559283E-15
gfc   159   94  7.93469633008088E-15  1.59144329593890E-14
gfc   159   95 -7.42183606233878E-14  5.83585517469095E-15
gfc   159   96 -4.69733946761537E-14 -1.01747381849213E-13
gfc   159   97  6.06998025823636E-14  4.25043067086306E-15
gfc   159   98  3.42202085914262E-14  4.96190562108557E-14
gfc   159   99 -3.11594924804712E-14 -4.71240250453098E-15
gfc   159  100  3.93954050952390E-14 -1.10346546363509E-14
gfc   159  101 -5.96237049658304E-14 -7.21892492101435E-14
gfc   159  102  3.24030689140007E-14 -3.45912405501295E-14
gfc   159  103 -9.57149297716917E-15 -2.07045805806396E-14
gfc   159  104  1.28692874273151E-15  4.02178332144362E-14
gfc   159  105 -2.98763155894819E-14 -3.77092939760703E-14
gfc   159  106  6.67551248112261E-14  3.73374672649295E-14
gfc   159  107 -1.19141473809734E-13 -3.72606536321565E-14
gfc   159  108  6.91652138303187E-14 -2.55422504937863E-14
gfc   159  109  5.42555021692244E-14 -5.70637579665705E-14
gfc   159  110  1.67503710963171E-14  8.88691920002683E-14
gfc   159  111 -1.03464310711851E-13 -2.90120547853601E-14
gfc   159  112  8.84700008772768E-14  2.08300660828287E-14
gfc   159  113  1.48988613983670E-14  4.72664343717183E-14
gfc   159  114 -3.34477531963310E-14  5.31271016426240E-14
gfc   159  115  1.76855847273835E-14 -1.12317101457200E-13
gfc   159  116  3.59824670046768E-14  1.33119808656077E-13
gfc   159  117 -9.26676771101977E-14 -2.41304777849083E-14
gfc   159  118 -9.37646705228355E-16  2.79830852845754E-14
gfc   159  119 -3.75068589133070E-14 -2.13568974034308E-14
gfc   159  120  2.32262202440160E-15  3.03025541899505E-14
gfc   159  121 -5.61968185597727E-14 -7.25250305174542E-14
gfc   159  122  1.02493030542526E-13  4.32192492466508E-14
gfc   159  123 -1.58180019030061E-13  5.21619214633601E-14
gfc   159  124  2.82598466826490E-14 -1.10475909904572E-13
gfc   159  125  3.44257062891840E-14  2.07745617035269E-14
gfc   159  126 -3.30840985669525E-14 -1.93790611939105E-14
gfc   159  127  2.33960452656733E-14  1.63363033815623E-14
gfc   159  128 -6.15183143024910E-14 -4.58879886995501E-14
gfc   159  129  9.19327417521910E-14 -8.34295944982947E-14
gfc   159  130 -7.06736326287059E-15  5.21791460956324E-14
gfc   159  131  5.97267398535320E-15 -3.55066605564524E-14
gfc   159  132  5.39816687482508E-14 -3.44204254249017E-15
gfc   159  133  3.57613106890853E-14 -1.20144716614914E-16
gfc   159  134  2.62579859899604E-14  2.01940249309396E-14
gfc   159  135  5.59961285826249E-14 -1.89102049014650E-14
gfc   159  136  1.32955413695295E-14  5.37959524323898E-14
gfc   159  137 -8.51117546757520E-15  1.52441552465410E-14
gfc   159  138  8.93684885510893E-15  6.93201140786878E-14
gfc   159  139 -9.32317973856351E-15 -8.48087328878558E-15
gfc   159  140  2.41221231729704E-16  7.50770472971126E-14
gfc   159  141 -6.66265998729507E-14 -2.22692800428711E-14
gfc   159  142  1.62210336563866E-14  4.00989866025568E-14
gfc   159  143 -5.98825137223091E-14 -1.73149889915375E-14
gfc   159  144  1.36738293777157E-14  1.97573282554405E-14
gfc   159  145 -6.60843757832913E-14 -3.23314294961074E-14
gfc   159  146  1.97980015961980E-14 -1.75347029272094E-14
gfc   159  147 -4.33257399440461E-14 -1.26116272310332E-14
gfc   159  148  2.52219394728083E-14 -2.95166252911545E-15
gfc   159  149 -3.03075062374450E-14 -2.06898297224376E-14
gfc   159  150  2.73875066897652E-14 -5.41330398806493E-14
gfc   159  151 -2.86854278462952E-14  3.11679357217834E-14
gfc   159  152  4.04911229463244E-14 -4.97899495895736E-14
gfc   159  153  2.84072803219354E-14  5.05599458148442E-14
gfc   159  154  3.45145135426595E-15 -3.54079056208909E-14
gfc   159  155  2.44350807961703E-14  5.90771835128172E-14
gfc   159  156 -3.09767088472264E-14  2.58344713298834E-14
gfc   159  157 -3.51457066838294E-14 -4.22539740446795E-14
gfc   159  158  5.28070317123616E-14 -1.08283554617823E-14
gfc   159  159  7.14214041690969E-15  2.02905321813295E-14
gfc   160    0  1.80490921663727E-14  0.00000000000000E+00
gfc   160    1  6.12498943041600E-14  2.75461362846408E-13
gfc   160    2  1.05344533550016E-13 -1.36862848000110E-13
gfc   160    3  5.58427647442472E-14  1.00282624200405E-13
gfc   160    4  1.18261210624122E-13  6.54140867205667E-14
gfc   160    5  4.24957530025989E-14 -6.80106023648687E-14
gfc   160    6  4.76717173900738E-14  5.30680745350282E-14
gfc   160    7  8.01102503519745E-14  3.69437212261481E-14
gfc   160    8  1.45506530728434E-14 -9.65342023058005E-14
gfc   160    9  5.32280450135551E-14  4.76335138493436E-16
gfc   160   10  5.99537765153221E-14  5.21485219429930E-14
gfc   160   11  1.08532494449468E-14 -6.28024203070886E-14
gfc   160   12  5.08759771970637E-14  4.81093792139472E-14
gfc   160   13 -6.80588746668146E-14  1.90133375559184E-14
gfc   160   14 -5.96430464446768E-14  2.34036738671158E-14
gfc   160   15 -8.00475114838682E-14  2.86082131689955E-14
gfc   160   16 -1.44365215959352E-13  5.62749219353139E-15
gfc   160   17 -3.78206124977008E-14  4.44776475921925E-14
gfc   160   18 -6.26677875878170E-14 -6.68422443807190E-14
gfc   160   19 -2.12739379252273E-13 -1.17890354720977E-13
gfc   160   20 -1.00272191935970E-13  1.64141885679763E-14
gfc   160   21 -1.62793969041710E-13 -1.22935072631683E-13
gfc   160   22 -1.12886321066293E-13 -3.85131841189944E-14
gfc   160   23 -1.12897791763385E-13  4.48575126918583E-14
gfc   160   24 -1.46797972653970E-13 -2.01961981194713E-13
gfc   160   25 -2.53452980315228E-13 -2.48862712871339E-13
gfc   160   26 -1.85790808883449E-13 -7.03048119829055E-14
gfc   160   27 -9.10598866937896E-14 -1.51183807830738E-13
gfc   160   28 -2.97139533862157E-15 -1.50296212946340E-13
gfc   160   29 -1.10579536719425E-13 -4.89808656607956E-14
gfc   160   30 -2.41997439645096E-14 -5.26567074934972E-14
gfc   160   31 -3.61557496367601E-14  9.71190577253031E-14
gfc   160   32 -1.00387116082141E-13  8.68327456942239E-14
gfc   160   33 -4.39223154688230E-14  8.74891575243775E-14
gfc   160   34 -7.87516411481809E-14  1.28702374364947E-14
gfc   160   35 -9.36710245224210E-14  1.38409203865820E-13
gfc   160   36 -1.11139537301773E-13  1.79915648483177E-13
gfc   160   37 -8.66321255050580E-16 -2.15603650049924E-14
gfc   160   38  1.59529624136894E-13 -5.49974439217740E-15
gfc   160   39  3.42146403650009E-13 -1.04321348853692E-14
gfc   160   40  2.74668908158978E-14 -2.40995661783299E-13
gfc   160   41 -2.22583355500606E-13 -2.67065481338230E-13
gfc   160   42 -2.54982805074149E-13 -4.64092638832860E-14
gfc   160   43 -3.46036309348672E-14  1.07521561870992E-13
gfc   160   44  8.69873279519717E-14  1.74298954695445E-14
gfc   160   45  1.06760306548605E-13 -8.23062058346107E-15
gfc   160   46  1.27092787512582E-13  6.75735850945605E-14
gfc   160   47  1.37649791596351E-13  4.47045141592586E-14
gfc   160   48  2.08573943774224E-13  3.50030189952427E-14
gfc   160   49  2.44399439555970E-13 -1.05026744498508E-13
gfc   160   50  2.51033876380675E-13 -1.03834874981906E-13
gfc   160   51  5.77188230899489E-14 -8.26869371162856E-14
gfc   160   52  1.02646920665889E-13  7.43733057239688E-14
gfc   160   53  1.54676442897143E-13 -1.12682953923767E-13
gfc   160   54  1.11611074037088E-13 -2.32348532701111E-13
gfc   160   55 -1.00512748543827E-13 -1.41672962889363E-13
gfc   160   56 -1.67617133591153E-13  8.85272593828173E-14
gfc   160   57  8.46666516537313E-14  2.90026844468455E-13
gfc   160   58  1.92352708336723E-13  1.82083343505322E-13
gfc   160   59  2.55917297177248E-13 -1.55431250499084E-13
gfc   160   60  2.16838229885867E-14 -2.11501242284302E-13
gfc   160   61 -6.10623326283615E-14 -5.13535410312795E-14
gfc   160   62 -1.41564672143831E-13  3.44484984870606E-14
gfc   160   63  6.92260255362752E-14  9.64772685178270E-14
gfc   160   64  3.64837959553193E-14 -3.07470901398458E-14
gfc   160   65  1.56552962112236E-13 -9.46495303294342E-14
gfc   160   66 -4.00219284318408E-15 -5.99957843218852E-14
gfc   160   67  5.69375531390083E-14 -3.56007619008131E-14
gfc   160   68 -1.30639751569138E-13 -9.36330292920850E-14
gfc   160   69 -2.23652513137114E-14 -4.38008398239777E-14
gfc   160   70 -1.29303204340008E-13 -3.08925344423567E-14
gfc   160   71 -3.28926573454578E-14  3.42652660554175E-14
gfc   160   72 -1.52237451769198E-13  4.22584462731383E-14
gfc   160   73  1.90512794360194E-14  1.30376392397780E-13
gfc   160   74  3.25349486224319E-14 -1.91246101219242E-14
gfc   160   75  1.28031797861936E-13  5.02469684339560E-14
gfc   160   76 -1.40073661436796E-14 -1.02091369252231E-13
gfc   160   77 -7.17934732673065E-14  8.93307971990820E-14
gfc   160   78  1.05532222615891E-14 -1.06194324608944E-13
gfc   160   79 -7.19307595920812E-14 -6.26081850268191E-14
gfc   160   80 -8.06263592747270E-15  8.14069482985502E-14
gfc   160   81  4.43019771416630E-14  7.23780080238145E-14
gfc   160   82 -8.37865771805379E-14 -4.80072580959794E-15
gfc   160   83 -5.87094867413851E-15 -4.59048248704588E-14
gfc   160   84  6.70144156263251E-14 -4.33579494079793E-14
gfc   160   85  3.57319370950118E-15  1.13640321254888E-14
gfc   160   86  2.78471032057920E-14  1.87171169825033E-14
gfc   160   87 -1.02922764919968E-14 -6.45070638521524E-14
gfc   160   88 -2.87423891427482E-15 -5.30319654323214E-14
gfc   160   89  1.43531502995201E-14  1.46721277818341E-14
gfc   160   90 -6.27253071150031E-14  1.75843145050041E-14
gfc   160   91 -1.45494199678837E-14 -1.73042099840428E-14
gfc   160   92  3.35395404514653E-15 -4.70947159724824E-14
gfc   160   93  3.76904570736396E-14 -3.80186716229988E-14
gfc   160   94  1.33966435174386E-14  1.70745156248383E-14
gfc   160   95 -5.39413509857074E-14  1.81592506934455E-14
gfc   160   96 -3.22275975645688E-15 -5.62533944450896E-14
gfc   160   97  5.38033681556204E-14  5.81090982259509E-14
gfc   160   98  3.58037785819102E-14 -4.43040461050020E-14
gfc   160   99 -1.99672502425391E-14  2.86265620113163E-15
gfc   160  100  4.65755636853851E-14 -7.77121083188636E-14
gfc   160  101  3.84508008565483E-14  8.03440057924519E-15
gfc   160  102  3.26724957703379E-14  6.58569324579310E-14
gfc   160  103 -1.55586048867898E-13  1.46514867947722E-14
gfc   160  104  7.13878976005492E-14 -1.21008017636214E-13
gfc   160  105  4.81240572159748E-14  9.67012274970837E-14
gfc   160  106 -2.45145243630383E-14  6.65435866151219E-14
gfc   160  107 -9.34616937166492E-14 -1.09988524300329E-13
gfc   160  108  1.42286120021714E-13  1.50132966171311E-14
gfc   160  109 -4.22492645458974E-14  5.56618281839306E-14
gfc   160  110 -4.44638153786135E-14  1.37416514743788E-14
gfc   160  111 -5.48925529689711E-14 -4.78723319156645E-14
gfc   160  112  9.71195319692995E-14  4.09754562370810E-14
gfc   160  113 -4.60256279584591E-14  6.24454472485942E-14
gfc   160  114 -3.26174772424204E-14  7.55420043469123E-15
gfc   160  115 -2.46411096257806E-14 -8.29259109612804E-14
gfc   160  116  2.19404154176612E-14  1.04173331475565E-14
gfc   160  117 -7.42251994821023E-14 -1.28007448470330E-14
gfc   160  118  4.36156625705379E-14 -4.82755088893036E-14
gfc   160  119  8.38748712184148E-15  4.04653603805636E-14
gfc   160  120 -3.07657117523038E-14 -2.61672647254722E-14
gfc   160  121 -3.92695931284402E-14 -7.99153833851650E-14
gfc   160  122  1.26288055395861E-13  4.61990000066026E-14
gfc   160  123 -1.10470669005126E-13  5.64246109313409E-14
gfc   160  124  9.13606640861302E-14 -1.30331353526866E-13
gfc   160  125  1.83084850261295E-14  8.47881881382960E-14
gfc   160  126 -7.02517367386661E-14 -8.47653012271765E-14
gfc   160  127  1.11624377368105E-13  3.34724846069885E-15
gfc   160  128  1.40946095924631E-14  5.25722066179254E-14
gfc   160  129 -2.27342185495183E-14 -4.55842928469185E-14
gfc   160  130  3.54290647051250E-14  5.55329588639558E-15
gfc   160  131  1.09809048955288E-14  3.91105307540679E-14
gfc   160  132  3.62546839333493E-14 -5.28136042324874E-15
gfc   160  133  5.01970043480885E-15  8.98424397596149E-15
gfc   160  134  3.43945941310244E-14  6.02979817516979E-14
gfc   160  135 -1.26780460524905E-14 -3.58318598060995E-15
gfc   160  136  7.59786814316563E-15  2.35845427289431E-14
gfc   160  137 -7.37649192688695E-14  1.43288261006469E-14
gfc   160  138 -9.19953052280930E-16  2.78129207655038E-14
gfc   160  139 -4.46079667686246E-14 -1.63862950108837E-15
gfc   160  140  2.48949516047488E-14 -2.22665591266193E-14
gfc   160  141 -7.63223373574466E-14  1.62368920572165E-14
gfc   160  142  1.35948142702494E-14 -3.12727759964128E-14
gfc   160  143 -4.75865031149569E-14  3.37421702406521E-15
gfc   160  144  3.51258921352886E-14 -5.48697588211831E-14
gfc   160  145 -5.31464528628830E-14  1.91927198147654E-14
gfc   160  146  5.18676615712757E-14 -5.19083615101064E-14
gfc   160  147 -7.49696888846690E-16  9.07220729332088E-15
gfc   160  148  4.76781299934779E-14 -3.89885530768855E-14
gfc   160  149  1.02783823178714E-14  4.27241176123113E-14
gfc   160  150  2.73295152869668E-14 -3.32910629724143E-14
gfc   160  151  2.85321917452206E-14  4.49998928687844E-14
gfc   160  152 -2.94518652301003E-14  5.60635482182969E-15
gfc   160  153  2.76435594200871E-14  3.93247685949644E-14
gfc   160  154 -3.39033184907301E-14  1.55375658748886E-14
gfc   160  155  3.05641815285905E-14  2.11931422110592E-15
gfc   160  156 -5.08038321647613E-14  1.41621634038340E-14
gfc   160  157 -1.41011674356947E-14 -3.41880227597289E-14
gfc   160  158  4.15814527993846E-14 -3.45783721181351E-14
gfc   160  159  1.66012255627730E-14  6.70740795130948E-14
gfc   160  160 -3.38837154350756E-14 -2.96232629230226E-15
gfc   161    0 -1.31616720571233E-13  0.00000000000000E+00
gfc   161    1 -1.24134731555921E-13 -7.99581731146012E-14
gfc   161    2 -4.89770619625519E-14 -4.87028523709213E-14
gfc   161    3 -1.87968472847293E-13 -8.31359866555527E-14
gfc   161    4 -4.91037416942779E-14  4.21516833356484E-14
gfc   161    5 -1.18072320417416E-14 -7.19245664683654E-14
gfc   161    6 -1.54888450988537E-13  3.90461315872468E-14
gfc   161    7 -4.34585736055648E-14  7.85673247241159E-14
gfc   161    8 -6.86592610597196E-14 -2.67558124147719E-14
gfc   161    9 -8.13756518205863E-14  1.25558207630213E-13
gfc   161   10 -3.96227379389649E-14 -6.29852116796805E-15
gfc   161   11  4.75964879018936E-14  3.04615201358317E-14
gfc   161   12 -8.50870448997724E-14  3.82209998406531E-15
gfc   161   13 -8.77944309481174E-14 -3.46164564958996E-14
gfc   161   14 -8.69796993763876E-14  9.62309152555811E-14
gfc   161   15 -1.82635860547049E-13  2.35082376864341E-14
gfc   161   16 -1.33384835942921E-13 -1.05442090718487E-14
gfc   161   17 -1.23275891020665E-13  1.10047264479158E-13
gfc   161   18 -9.04346729284179E-14 -1.41752931090810E-13
gfc   161   19 -2.44781834519459E-13  1.61999303418509E-14
gfc   161   20 -1.78144808631789E-13  2.76628246316076E-14
gfc   161   21 -8.06243835345294E-14  6.40054924585427E-14
gfc   161   22 -1.84663891427642E-13 -1.77874057739195E-14
gfc   161   23 -1.26901932473750E-13 -2.67126506861254E-14
gfc   161   24  2.38402558905953E-14 -1.38161592547954E-13
gfc   161   25 -2.95151140973094E-13 -1.35409232497461E-13
gfc   161   26 -1.92091369151277E-13 -2.96100286600648E-14
gfc   161   27 -3.36251414724423E-14 -3.61566923573619E-14
gfc   161   28 -8.89951931356200E-14 -1.24456028112336E-13
gfc   161   29 -1.40165573386503E-13 -1.21012964537106E-13
gfc   161   30 -3.03174083929569E-14 -3.20523253874315E-14
gfc   161   31 -1.53693211393549E-14  1.37607706386297E-14
gfc   161   32  7.56265088213809E-14  8.79273772023107E-14
gfc   161   33  8.18103289602990E-14  6.16735035105285E-14
gfc   161   34 -3.86199973887998E-15  1.71440029460827E-13
gfc   161   35 -1.28117534394451E-13  1.30748048120815E-13
gfc   161   36  2.83475301579304E-14  1.72863500059393E-13
gfc   161   37  5.86277641532872E-14  1.76655590804503E-13
gfc   161   38  8.29251867166846E-14  1.18023478791594E-13
gfc   161   39  1.20005085038414E-14 -1.65609664161275E-13
gfc   161   40  1.51484789846080E-13 -3.50857298843003E-13
gfc   161   41 -2.03948217530694E-13 -2.05431982135267E-13
gfc   161   42 -2.26601682106682E-13 -4.34728407612619E-14
gfc   161   43 -9.92437192026724E-14  1.25891102277812E-13
gfc   161   44  6.87038345344411E-14  5.28251073979275E-14
gfc   161   45  7.30899549548815E-14  6.64551637752035E-14
gfc   161   46  9.82902694391440E-14 -6.79306992017875E-15
gfc   161   47  1.12305938349981E-13  1.58581331092620E-14
gfc   161   48  1.88740729835603E-13  2.40589484062155E-14
gfc   161   49  2.34119407095984E-13 -9.40502602758967E-14
gfc   161   50  1.77181525726743E-13 -1.02445724045062E-13
gfc   161   51 -1.48375625170320E-15 -1.48150892360665E-13
gfc   161   52  1.33493583955404E-13 -9.93690386758567E-15
gfc   161   53  1.09051759417755E-13 -5.48486538761592E-14
gfc   161   54  7.66077753183492E-14 -2.04909893358768E-13
gfc   161   55 -1.91063260719304E-13 -1.40492667095366E-13
gfc   161   56 -1.18632824670047E-13  1.32018219616316E-13
gfc   161   57 -1.80098477643164E-14  2.65404211197636E-13
gfc   161   58  2.49204862180307E-13  5.62846738934693E-14
gfc   161   59  1.79946464661501E-13 -1.63870842799794E-14
gfc   161   60  6.58224793498645E-14 -2.62755974006419E-13
gfc   161   61 -9.73953224871119E-14 -1.27922308039302E-13
gfc   161   62 -1.59034909075956E-13 -3.03058165566161E-14
gfc   161   63  3.15232434494170E-14  1.04298057945746E-13
gfc   161   64  7.70327565508361E-14 -5.06908077721120E-14
gfc   161   65  9.34301939187149E-14 -5.09977749005552E-14
gfc   161   66 -3.13548732416736E-14 -1.29797812940934E-13
gfc   161   67  1.16600229541616E-14 -9.25142260475724E-14
gfc   161   68 -1.32617024360665E-13 -1.06959789224372E-13
gfc   161   69 -1.80133340913106E-14 -4.05864861806687E-14
gfc   161   70 -1.21527476920552E-13 -4.31651919076371E-14
gfc   161   71 -4.33344482923399E-14  1.19268890882150E-14
gfc   161   72 -1.12065438378740E-13  3.71983605146578E-14
gfc   161   73  6.24282749526779E-14  1.71263989196053E-13
gfc   161   74  4.55094161796849E-14  9.58266047957479E-15
gfc   161   75  6.71182228169432E-14  1.26752930818360E-14
gfc   161   76 -1.67958891771630E-14 -1.28617662129164E-13
gfc   161   77 -6.04155292749257E-14  3.34031307913799E-14
gfc   161   78  5.42710322183995E-14 -9.00356793849287E-14
gfc   161   79 -1.23020622964152E-13 -4.60523394590873E-14
gfc   161   80 -9.10593284305062E-15  6.66000717817328E-14
gfc   161   81  4.97874794013848E-14  7.98546653946098E-15
gfc   161   82 -1.32912849842476E-14 -1.97219575929497E-14
gfc   161   83  1.51575337172102E-14  1.23341537110379E-14
gfc   161   84  5.13925289962394E-14 -7.99370080404070E-14
gfc   161   85  2.51959746390185E-14 -1.62823167418324E-14
gfc   161   86  4.25370566595139E-14 -4.00023853931349E-14
gfc   161   87  4.51773295377705E-14  3.03999270668053E-15
gfc   161   88 -2.26135151317774E-14  2.61164304622011E-14
gfc   161   89  7.11292961260607E-15  2.11042765815162E-14
gfc   161   90  9.45212079789459E-15 -1.12816359305279E-14
gfc   161   91 -1.09969524202030E-14  7.32647148844569E-15
gfc   161   92  2.26080675494246E-14 -2.22347194387581E-14
gfc   161   93  1.29287470373637E-15  2.20234871829012E-14
gfc   161   94 -3.03944937826993E-14 -4.39441643461762E-14
gfc   161   95  4.53015477742132E-14 -2.99313399833300E-15
gfc   161   96 -2.67743561827249E-14  3.43527298344814E-15
gfc   161   97  7.67554536079212E-14  2.32194645069112E-14
gfc   161   98  3.05487902208199E-14  1.09315462121283E-14
gfc   161   99 -1.14041266957212E-14 -3.36046287612416E-14
gfc   161  100  1.53892390719514E-14 -4.25252200787500E-16
gfc   161  101 -3.33269434867363E-14  2.09637923972991E-14
gfc   161  102 -4.54587630337796E-15 -3.16823432064820E-14
gfc   161  103  5.37170349487766E-14  5.65383523229524E-14
gfc   161  104 -6.83106881734950E-14  5.71004518213994E-14
gfc   161  105 -7.95956580804417E-14 -3.77417553378321E-15
gfc   161  106  1.80346344783646E-14 -3.94458630645832E-14
gfc   161  107  1.46445102313443E-14  1.49738380145848E-14
gfc   161  108 -2.48558871874104E-14 -1.40945314562265E-14
gfc   161  109  2.20559888130024E-14 -4.65078472010625E-15
gfc   161  110 -4.84286712946750E-14  3.83361962396492E-15
gfc   161  111 -1.80776809523828E-14  3.05523298681336E-14
gfc   161  112 -2.68757956574960E-14 -4.10825586278323E-14
gfc   161  113  4.92100603642635E-14  1.77741265297942E-15
gfc   161  114 -6.03817939217193E-14  1.99183518411685E-14
gfc   161  115 -1.11734031267017E-14 -5.89017279435777E-14
gfc   161  116 -1.28821882736068E-14 -1.73622006194253E-14
gfc   161  117  2.28431240538028E-14 -7.20835003509369E-16
gfc   161  118  5.23440285650586E-15 -2.30050739779035E-14
gfc   161  119  2.38796830839095E-14 -4.07944969673726E-15
gfc   161  120  1.74415310461754E-14 -5.71566336131721E-14
gfc   161  121  6.29332618138013E-14  1.56223413739656E-14
gfc   161  122 -1.11824508513054E-15  4.24075622079316E-14
gfc   161  123 -4.00776345260697E-16  1.98229801466294E-14
gfc   161  124  1.74955054917231E-14 -1.71038485683759E-14
gfc   161  125  4.01515939641814E-14 -6.93920142179023E-15
gfc   161  126  1.88853166928795E-14  4.75085101650741E-14
gfc   161  127 -3.78072106882582E-14  6.93555411161415E-14
gfc   161  128  1.10704085834307E-14 -3.16997695908966E-14
gfc   161  129  5.31465723451266E-14  1.20304998855084E-14
gfc   161  130 -3.11451524918376E-14  7.41787398379792E-14
gfc   161  131 -5.10813813419720E-14 -8.07525094003219E-15
gfc   161  132  5.14168531754740E-14 -8.50029140475125E-15
gfc   161  133 -2.84213416967621E-14  1.22717179118561E-14
gfc   161  134 -1.46372423079054E-14  1.47524194956270E-14
gfc   161  135 -2.00044327567494E-14 -2.34915509002985E-15
gfc   161  136 -6.64924223701752E-15 -1.46821314476239E-14
gfc   161  137 -3.42371711592297E-14  1.34327391478269E-14
gfc   161  138 -2.25936863781575E-14 -3.90152604239623E-14
gfc   161  139 -1.91163996172188E-14  3.68866627189617E-15
gfc   161  140 -2.95137708245849E-15 -6.29383181579380E-14
gfc   161  141  3.12954770277259E-14  1.25680665652814E-14
gfc   161  142 -1.25867946313182E-14 -5.97612415838398E-14
gfc   161  143  4.21488298039556E-14  2.56327575771028E-14
gfc   161  144 -1.52031215032576E-14 -2.74963079633730E-14
gfc   161  145  3.75925570154282E-14  1.98938523649240E-14
gfc   161  146 -2.57900616223863E-14 -8.91312514962293E-15
gfc   161  147  5.69104486268639E-14  2.87711202022408E-14
gfc   161  148 -1.83438630753314E-14 -1.58762158358260E-14
gfc   161  149  4.67991531613379E-14  1.77620252161714E-14
gfc   161  150 -4.73731713578068E-14  1.14832562079839E-14
gfc   161  151  2.84150734442515E-14  3.25250666007189E-14
gfc   161  152 -2.72025995721032E-14  1.03872330340157E-14
gfc   161  153 -3.05610612674813E-15 -8.61706490368706E-15
gfc   161  154 -6.08392200389649E-14  2.51763561800519E-14
gfc   161  155 -1.25398070305075E-15 -2.90476764458952E-14
gfc   161  156 -9.36290791445807E-15  1.04706303712105E-15
gfc   161  157 -1.43321673463667E-14 -5.57008182136201E-14
gfc   161  158  4.90034751485047E-14 -4.08885897814865E-15
gfc   161  159  3.37002755483538E-14  4.11129313259724E-14
gfc   161  160 -5.08692162234668E-14  1.18381920839922E-14
gfc   161  161 -4.44989754702971E-15 -2.62800575344569E-14
gfc   162    0  9.05740770191784E-15  0.00000000000000E+00
gfc   162    1 -3.33065114538231E-14  2.57266164362484E-13
gfc   162    2  6.83372490475735E-14 -2.21094748433556E-14
gfc   162    3  6.41731453456562E-14  2.79685071980956E-14
gfc   162    4  5.42593842080237E-14  1.16143579959211E-13
gfc   162    5  1.41186824596677E-13 -5.44152464140051E-14
gfc   162    6  7.74569204558401E-14 -1.07880478169077E-14
gfc   162    7  5.68214155049093E-14  9.92133198756640E-14
gfc   162    8  1.10628899202222E-13 -6.27508862012909E-14
gfc   162    9  6.18840281549116E-14  2.87144136383349E-15
gfc   162   10  1.21552689747482E-13  4.61612735178933E-14
gfc   162   11  6.05402074402703E-14 -9.63302107464448E-14
gfc   162   12  9.99757248158731E-14  6.04647493715281E-15
gfc   162   13 -3.37773930952754E-14  1.71558091054646E-14
gfc   162   14 -6.89899112067630E-14  9.56543310756414E-14
gfc   162   15  1.70974745491041E-14  1.08924497753092E-13
gfc   162   16 -1.72089052049000E-13  6.00724946294981E-14
gfc   162   17 -2.40227879846410E-14  8.74101034535249E-14
gfc   162   18 -5.14741543013246E-14 -2.45060108029132E-14
gfc   162   19 -1.79750663215337E-13 -2.91056268366935E-14
gfc   162   20 -9.37584835511039E-14  1.43266379682216E-13
gfc   162   21 -2.48122095488711E-14  6.06373471137373E-14
gfc   162   22 -1.04694842467282E-13 -7.18886213077781E-14
gfc   162   23 -7.86096355881190E-14  8.57256314456390E-14
gfc   162   24 -1.35536350673719E-13 -8.36309094370034E-14
gfc   162   25 -1.97834400170624E-13 -1.96778342114613E-13
gfc   162   26 -1.97962621582429E-13  9.18877430999032E-14
gfc   162   27 -5.14451127684307E-14 -5.92948839874175E-14
gfc   162   28 -3.70313528364438E-15 -1.73352520625579E-13
gfc   162   29 -1.69364079295614E-13 -5.56625408422613E-14
gfc   162   30 -4.99803618785876E-14  5.38950585283396E-14
gfc   162   31  4.51681219320688E-14  1.04969530795367E-13
gfc   162   32  1.54892236090096E-14  8.88703777600673E-14
gfc   162   33 -4.34244082863176E-15  1.18161991916532E-13
gfc   162   34 -3.67611869075720E-14 -9.04235730354391E-15
gfc   162   35 -2.12127896535127E-14  1.54453547582303E-13
gfc   162   36 -6.65456635613424E-14  2.35576072923349E-13
gfc   162   37  1.06682111228527E-13  5.24880566136151E-14
gfc   162   38  1.48948049817162E-13 -5.30961030440783E-14
gfc   162   39  1.73181166716744E-13 -1.50034292939820E-14
gfc   162   40 -7.03425687394581E-14 -1.30214503369744E-13
gfc   162   41 -2.06130853560883E-13 -2.47086820063507E-13
gfc   162   42 -2.54258095479851E-13 -4.05440710686865E-14
gfc   162   43 -1.13005482466568E-13  1.32687031959210E-13
gfc   162   44  5.34194389493095E-14  7.14575138247312E-14
gfc   162   45  2.22101817077532E-14  1.92522194263821E-14
gfc   162   46  8.49664263600466E-14 -1.16070066367645E-14
gfc   162   47  8.53406549730209E-14 -2.11540089452806E-14
gfc   162   48  1.17742913388030E-13 -2.48054917409931E-14
gfc   162   49  1.41509254525859E-13 -9.82741548688594E-14
gfc   162   50  1.43717944705284E-13 -1.63772606274245E-13
gfc   162   51  2.45937485030973E-15 -1.23991765437143E-13
gfc   162   52  6.41413709553547E-14 -9.18646969048388E-14
gfc   162   53  7.07833624609296E-14 -9.85722650635574E-14
gfc   162   54  7.99421736888349E-14 -1.86171895360314E-13
gfc   162   55 -1.41004618730990E-13 -1.00202314180896E-13
gfc   162   56 -1.20640439471001E-13  6.65406621937558E-16
gfc   162   57 -4.71876663546728E-14  2.28280684981909E-13
gfc   162   58  1.90909383109321E-13  1.30523867954038E-13
gfc   162   59  2.29891912985123E-13 -7.85480558911297E-14
gfc   162   60  9.78574540115925E-14 -3.35236344164146E-13
gfc   162   61 -1.32291333919122E-13 -1.72919666540295E-13
gfc   162   62 -1.64502344444717E-13 -1.13021477918847E-13
gfc   162   63 -1.67066304611721E-14  1.23315411965690E-13
gfc   162   64  8.09302985829068E-14 -4.52046572061673E-14
gfc   162   65  1.32058992214144E-13 -3.26507003763509E-14
gfc   162   66 -1.31610909926407E-14 -1.47710917496305E-13
gfc   162   67 -2.57014883636666E-14 -7.23029025163692E-14
gfc   162   68 -1.40540431567422E-13 -1.09614231988380E-13
gfc   162   69 -5.30460413532335E-14  8.96538350108846E-15
gfc   162   70 -9.21214185263559E-14 -5.80870572790830E-14
gfc   162   71 -1.91192089368653E-14  3.62067101552172E-14
gfc   162   72 -8.53518244421296E-14  1.09728840667965E-14
gfc   162   73  1.05512096372070E-13  1.97203073820135E-13
gfc   162   74  8.00417671143285E-14 -5.32468015263690E-15
gfc   162   75  9.64594686228521E-14  3.11183193870105E-14
gfc   162   76  3.05917485680360E-15 -1.38063821256938E-13
gfc   162   77 -4.73255203662802E-14  1.37833897327795E-14
gfc   162   78  2.30460587871527E-14 -1.04136381947059E-13
gfc   162   79 -1.22780593067794E-13 -1.79536222089205E-14
gfc   162   80 -8.79557431647112E-15  1.10830165196959E-13
gfc   162   81  5.14014954515343E-14 -2.41041347430308E-14
gfc   162   82  1.38329456612411E-14 -1.61544991107194E-14
gfc   162   83  1.64728041958394E-14  1.50102075412801E-15
gfc   162   84  7.56384321133795E-14 -1.99710644454114E-14
gfc   162   85  5.75898495404464E-16 -2.53395960422100E-15
gfc   162   86  3.37935946975316E-14  3.67290567981961E-14
gfc   162   87 -3.04506047660076E-14 -1.81463551146800E-14
gfc   162   88  1.87696303221354E-16  3.90613206603512E-14
gfc   162   89  2.43130577876494E-14  2.08237672502492E-14
gfc   162   90  4.41478998289938E-14  1.00919082815671E-14
gfc   162   91  2.14111204124115E-14 -2.88066726286594E-15
gfc   162   92 -1.14202561846455E-14  1.95797272807575E-14
gfc   162   93 -1.45412904049448E-14 -7.15803578064122E-15
gfc   162   94  1.36849537438025E-15  2.22432067007326E-14
gfc   162   95 -4.42462335011853E-16  5.26761179077983E-15
gfc   162   96 -8.90163916719890E-15 -2.53253694714769E-15
gfc   162   97  1.68047475442668E-14 -3.33398458620123E-14
gfc   162   98  4.58786562335152E-14 -1.12505656861295E-14
gfc   162   99  1.38487538527649E-14  7.74664347763960E-15
gfc   162  100 -4.88329299661356E-14  7.82290391466504E-14
gfc   162  101 -9.36510655364527E-15 -2.13222077958403E-14
gfc   162  102 -3.42670143049349E-14  4.95982750498745E-14
gfc   162  103 -6.19127385235163E-14 -7.75123923904647E-15
gfc   162  104 -1.57482454389760E-15 -3.26022238885631E-14
gfc   162  105  3.93204876892446E-14  1.15301748047224E-14
gfc   162  106 -8.31189678597369E-14  4.92553058874337E-14
gfc   162  107 -3.98491604402333E-14 -1.10559224183147E-13
gfc   162  108  5.59641681086212E-14  6.80354468458338E-15
gfc   162  109  7.06925905193896E-15  5.49314605646465E-15
gfc   162  110 -6.29919660067712E-14 -4.42858382506945E-14
gfc   162  111  4.30920007742593E-14 -1.62024617651858E-14
gfc   162  112  9.54648319483334E-15  3.51382887783791E-14
gfc   162  113  1.95842226281676E-14 -2.00155633773747E-14
gfc   162  114 -2.79063838006216E-14  4.66495622429678E-15
gfc   162  115 -5.44775478787847E-15 -2.72470913903604E-14
gfc   162  116  3.85030313101353E-15 -1.33017664500344E-14
gfc   162  117  8.10682490570624E-14  2.56610213886779E-14
gfc   162  118 -1.25462545317407E-14  3.03106445471792E-14
gfc   162  119  8.28256157872557E-15 -1.09135881439119E-14
gfc   162  120 -1.20134027364342E-14 -1.94590473660868E-14
gfc   162  121  1.32298532572500E-14 -2.40049617412011E-14
gfc   162  122  2.74471611502979E-14  4.65140626690208E-14
gfc   162  123 -8.79169028999251E-15  2.37052971202013E-14
gfc   162  124 -3.34246576538132E-14  1.21101486565621E-14
gfc   162  125 -1.05414835343232E-14 -1.60353611795543E-14
gfc   162  126 -2.40584810884013E-15  2.48199978029985E-14
gfc   162  127  1.60005195254784E-14  1.88858299993618E-14
gfc   162  128 -3.57002848984197E-14  2.10442595404309E-14
gfc   162  129 -3.96551272176693E-14 -2.09775170018397E-14
gfc   162  130 -1.01473830222423E-14 -1.14925815173531E-14
gfc   162  131  2.10511809940484E-14  1.45926776387824E-14
gfc   162  132 -3.28608307260333E-14 -2.22257426557895E-14
gfc   162  133 -5.63466345551703E-15 -7.12057664615754E-15
gfc   162  134 -9.82101492035084E-15 -5.61175793303330E-15
gfc   162  135 -9.71387759512115E-15 -1.21610136981070E-14
gfc   162  136 -2.42226613393664E-14 -4.63976971650141E-14
gfc   162  137  2.42950141433366E-14  3.46408624301819E-14
gfc   162  138 -8.52387213722148E-15 -2.67273065121839E-14
gfc   162  139  3.84785302099530E-14 -1.24741751703810E-14
gfc   162  140 -2.47318602912350E-14 -4.80814132979875E-14
gfc   162  141  3.17399047597475E-14  2.37704197865642E-15
gfc   162  142 -6.06452181215860E-15  6.43379145708688E-15
gfc   162  143  3.78423387542052E-14 -1.84235213575338E-14
gfc   162  144 -5.16739728750169E-15  1.49668191521655E-14
gfc   162  145  1.50641295242244E-14  2.91353491731310E-14
gfc   162  146 -2.26634717705771E-14  1.56529453623069E-14
gfc   162  147  3.31063689573819E-14 -2.20955368650166E-15
gfc   162  148 -4.39824532349563E-14  2.33099987030156E-14
gfc   162  149  1.71790233663580E-14 -1.42838733097836E-14
gfc   162  150 -3.16979701663239E-14  1.40278047049781E-14
gfc   162  151 -1.62086432947886E-14 -2.59460105719385E-14
gfc   162  152 -1.94176910455929E-14  2.74843308339382E-14
gfc   162  153 -1.06703484979461E-15 -6.08874492100406E-14
gfc   162  154 -4.15565247437075E-15  2.17488764133244E-14
gfc   162  155 -3.79617332429797E-14 -4.53609137590984E-14
gfc   162  156  1.84433409549230E-14  1.23859276856606E-14
gfc   162  157 -1.58945900179200E-16 -3.72605073657933E-14
gfc   162  158  4.58222041046256E-14 -1.89891081320137E-14
gfc   162  159  3.03983023364664E-14  4.54642295028357E-14
gfc   162  160 -3.46328703862172E-14  3.20279063048930E-14
gfc   162  161 -8.93852067449000E-15 -5.15223600926881E-14
gfc   162  162  3.42154653179688E-14  8.04276915489818E-15
gfc   163    0  4.07488884161012E-14  0.00000000000000E+00
gfc   163    1 -1.73951809039930E-13 -8.73401857068348E-14
gfc   163    2  6.95802460499097E-14 -2.20120948724885E-14
gfc   163    3 -1.47845636301006E-13 -1.43569318291867E-13
gfc   163    4 -1.93456018019733E-14  2.14700236051259E-14
gfc   163    5  1.26300908994817E-14 -9.77634250368879E-14
gfc   163    6 -4.94371020326537E-14 -5.26817595992909E-14
gfc   163    7 -7.76184226592364E-14  1.94029674495611E-15
gfc   163    8  6.94052723083999E-14 -2.47590002812629E-14
gfc   163    9 -6.35549087381610E-14  4.12730060204074E-14
gfc   163   10  2.24417746199055E-14 -1.04287258753020E-14
gfc   163   11  4.84192315194146E-14 -2.33783287150479E-14
gfc   163   12 -2.63931822284348E-14  2.02787935690337E-14
gfc   163   13 -4.50468065256213E-14 -6.60418697972862E-14
gfc   163   14 -2.55531406134907E-14  1.36219577328315E-13
gfc   163   15 -6.27358033292682E-14  4.48230090953920E-14
gfc   163   16 -8.12775965545763E-14  4.33894595605726E-14
gfc   163   17 -1.14211735166360E-13  1.40542497322487E-13
gfc   163   18 -7.92382869771418E-14 -2.16947893762859E-14
gfc   163   19 -1.91594885679003E-13  4.94207786161751E-14
gfc   163   20 -2.14330783449309E-13  1.77738290928184E-13
gfc   163   21  5.13701248646666E-14  1.13383293067097E-13
gfc   163   22 -1.93159346673028E-13  2.16338663785704E-14
gfc   163   23 -1.93112335810166E-13  1.10215860193344E-14
gfc   163   24 -5.04590243503989E-14  1.51200673454656E-15
gfc   163   25 -2.16968098657354E-13 -4.77727098723794E-14
gfc   163   26 -2.68984859393027E-13  9.89512013928859E-14
gfc   163   27  3.25316087715704E-14  2.55269482684137E-14
gfc   163   28 -8.18853944992119E-14 -1.07226154967256E-13
gfc   163   29 -1.78233193066650E-13 -9.98551490394028E-14
gfc   163   30 -7.75900060461065E-14  1.06128778144322E-13
gfc   163   31  5.77946892284259E-14  6.51746252833512E-14
gfc   163   32  9.35393783742545E-14  2.42865771734915E-14
gfc   163   33  9.60030161468497E-14  7.59094931181863E-14
gfc   163   34  2.36907647097674E-14  1.70691531987910E-13
gfc   163   35 -1.73051460229963E-14  2.09677658107743E-13
gfc   163   36  6.41832440212568E-15  1.63187478663020E-13
gfc   163   37  1.50026556362101E-13  1.87789591008068E-13
gfc   163   38 -1.04724476527397E-14  6.10602236910128E-14
gfc   163   39 -5.95288799576650E-14 -1.43050866831053E-13
gfc   163   40  1.83663195855909E-14 -2.67684972377065E-13
gfc   163   41 -1.41350272037263E-13 -2.16039855688104E-13
gfc   163   42 -2.56547336226316E-13 -2.50933721486171E-14
gfc   163   43 -1.33089885744158E-13  1.29170707657297E-13
gfc   163   44  1.69408772821219E-14  1.18993208767781E-13
gfc   163   45  1.16689382629821E-13  7.69146800574951E-14
gfc   163   46  2.38276057442118E-14 -7.98861202220574E-14
gfc   163   47  8.03232558253440E-14 -7.14805958207954E-14
gfc   163   48  5.08343157217688E-14 -4.97151997446622E-14
gfc   163   49  2.02401598394920E-13 -1.07669014727034E-13
gfc   163   50  6.96681223079310E-14 -2.02035724738113E-13
gfc   163   51  6.31483743363679E-14 -2.14946794854232E-13
gfc   163   52  6.40774912985643E-15 -1.48589989652155E-13
gfc   163   53  7.71278773948345E-14 -1.05898573643829E-13
gfc   163   54 -1.06129999894915E-14 -1.43570253361931E-13
gfc   163   55 -1.15246204117769E-13 -1.26453386278370E-13
gfc   163   56 -8.66165769060077E-14 -8.16803627141472E-16
gfc   163   57 -2.99108741629235E-14  1.50584741846602E-13
gfc   163   58  1.25971268325025E-13  1.11483944064056E-14
gfc   163   59  2.51184299239631E-13 -5.46058112150021E-16
gfc   163   60  1.27469138330957E-13 -3.23983909370917E-13
gfc   163   61 -8.07309063136207E-14 -2.36884856356645E-13
gfc   163   62 -2.19645229167781E-13 -1.03655325537899E-13
gfc   163   63 -4.20605695467146E-14  1.56737274683916E-13
gfc   163   64  2.52031366507035E-14 -1.44202534804057E-14
gfc   163   65  1.29399532193076E-13  1.18536502335680E-14
gfc   163   66 -5.07341129506663E-16 -1.51364144295033E-13
gfc   163   67 -2.25823406661229E-14 -8.44746876693197E-14
gfc   163   68 -1.28686605878622E-13 -7.47736669130408E-14
gfc   163   69 -3.61076846207323E-14  6.53275070509163E-14
gfc   163   70 -7.15247356398888E-14 -9.86605346712063E-15
gfc   163   71 -1.76453372729757E-14  1.05376427756008E-13
gfc   163   72 -8.57080500676220E-14  3.39695040521896E-14
gfc   163   73  6.13620300637051E-14  1.61206976091519E-13
gfc   163   74  9.97623161416912E-14 -3.88296012588553E-14
gfc   163   75  8.20457262317019E-14 -2.41313772974992E-15
gfc   163   76  6.85836268782590E-14 -1.33785051768983E-13
gfc   163   77 -3.05161769793218E-14  5.56860141003069E-15
gfc   163   78  1.31619404845950E-14 -9.77025860776677E-14
gfc   163   79 -1.66412571645065E-13  7.77066012289495E-15
gfc   163   80 -5.99394782035449E-15  1.28684328458718E-13
gfc   163   81  3.50129736875689E-14  4.24487409662285E-15
gfc   163   82  1.06437798749623E-14 -1.50314519450612E-14
gfc   163   83  2.54153090403442E-14  2.55656032342951E-14
gfc   163   84  8.62465244218747E-15 -1.63912940085078E-15
gfc   163   85 -1.06859962753731E-14 -1.38776930680947E-14
gfc   163   86  1.53273405461224E-14  9.34632701253980E-14
gfc   163   87 -2.48122460362553E-14 -1.43749867594064E-14
gfc   163   88 -1.84541064453717E-14  4.89540579009957E-14
gfc   163   89  8.93622665033503E-15  7.06679989892430E-15
gfc   163   90  1.63859914944345E-14 -5.22650070066497E-15
gfc   163   91  2.15940897424104E-14 -2.14023488846503E-14
gfc   163   92 -4.91290367443835E-15 -2.70807100000086E-16
gfc   163   93 -3.07035024593889E-15 -2.83830044358279E-15
gfc   163   94 -2.18621525595286E-14  1.48698725615698E-14
gfc   163   95  1.64514388349863E-14 -1.55456802381346E-14
gfc   163   96  1.11688215630413E-14  5.76875811394831E-14
gfc   163   97 -2.37008990765196E-14 -4.81155522069753E-14
gfc   163   98  2.27693342421655E-14 -1.14728982402461E-14
gfc   163   99 -5.50429289366222E-14 -3.50356925485259E-14
gfc   163  100  7.16823112206200E-15  5.32504911003649E-14
gfc   163  101 -1.03607747549427E-14  4.36385569988035E-14
gfc   163  102 -2.48870840779428E-15 -7.53743721506934E-15
gfc   163  103 -7.55838961538492E-15 -1.41982151964219E-14
gfc   163  104 -3.29148069209124E-14  4.95769880968924E-14
gfc   163  105 -7.16234541088811E-14 -8.79257517366780E-14
gfc   163  106  5.69422045106342E-14 -2.74492301928283E-14
gfc   163  107  2.33300873139072E-14  1.22592138321568E-14
gfc   163  108 -6.58279666121509E-14  9.56272785603347E-15
gfc   163  109  1.52727885856491E-14 -5.84501739561402E-14
gfc   163  110 -7.49163518489564E-16  2.29944954611576E-14
gfc   163  111  5.41078918015274E-15 -1.52500223853637E-14
gfc   163  112  3.01062730876953E-14  7.12265228469004E-15
gfc   163  113  7.70325257100744E-15 -1.16667009523228E-14
gfc   163  114 -9.92647989991442E-15  2.73583850994223E-14
gfc   163  115 -3.10913350552147E-14 -2.83651099839326E-14
gfc   163  116  4.47269275634328E-14 -1.55049416473705E-15
gfc   163  117  1.58324353345814E-14  5.24036124542371E-14
gfc   163  118  4.75071254294901E-14  1.10419137028649E-14
gfc   163  119 -1.75379312722295E-14  1.07406767865100E-14
gfc   163  120  1.12651171263901E-14 -2.20716121727460E-16
gfc   163  121 -5.23979042344211E-14  6.85362393207725E-15
gfc   163  122  1.35984149028513E-14  3.59264008186870E-14
gfc   163  123 -2.57221127673762E-14 -2.86912721018030E-14
gfc   163  124  5.53171639994768E-15 -2.37551107212985E-15
gfc   163  125 -3.67664478314895E-14  9.61685962502547E-15
gfc   163  126 -1.16804336634700E-14  1.83728609066151E-14
gfc   163  127 -4.29040748824030E-15  6.90743031568965E-15
gfc   163  128 -1.54487946607143E-14 -5.19714193861599E-14
gfc   163  129  3.45304211767521E-14 -2.86139820733525E-14
gfc   163  130 -2.02579525873621E-14  3.48626405524254E-14
gfc   163  131 -1.72611173078858E-14 -3.91521454432285E-14
gfc   163  132  6.11724841389847E-14 -5.89443010832110E-14
gfc   163  133  6.79233037135744E-15  2.91163127727096E-14
gfc   163  134 -1.27496794046827E-14  4.77010164524265E-16
gfc   163  135  4.43203346710942E-14 -4.04563343266074E-15
gfc   163  136 -7.72026698604459E-15  5.36699763657350E-15
gfc   163  137  1.65621687796780E-14  7.04297983467455E-15
gfc   163  138  1.10736427655414E-14  2.32331572748853E-14
gfc   163  139  2.37765629925496E-14 -2.17271918939969E-14
gfc   163  140  5.11114952837296E-15  1.31753963673176E-14
gfc   163  141  3.39004220617971E-15 -2.09303663565405E-14
gfc   163  142 -1.02772095589401E-14  6.13436397234348E-14
gfc   163  143  2.27818157073785E-15 -2.28807661162324E-14
gfc   163  144  1.50890935331455E-15  3.26892176981020E-14
gfc   163  145 -1.03679055045721E-14 -2.97885196770823E-14
gfc   163  146 -1.99692140412445E-14  4.69624926516275E-14
gfc   163  147 -2.14194340100324E-14 -5.07236306822152E-14
gfc   163  148  6.71678229330356E-15  2.19312317034303E-14
gfc   163  149 -4.98971659129658E-14 -3.64795983430696E-14
gfc   163  150  3.02027439425327E-14  3.29643454724168E-14
gfc   163  151 -3.74612693187899E-14 -3.46182418228849E-14
gfc   163  152  3.73669068256673E-14 -3.26202571723763E-15
gfc   163  153 -2.78190902193627E-14 -2.09660455753294E-14
gfc   163  154  5.02974443036824E-14 -2.04627580501906E-14
gfc   163  155 -2.17778785572886E-14  6.88078484993071E-15
gfc   163  156  3.76120660604811E-14 -3.07963580737281E-14
gfc   163  157 -2.03398478100836E-14  3.63829426301336E-14
gfc   163  158  4.03463813272855E-14 -1.36450374136536E-14
gfc   163  159  9.06787764148976E-15  4.20124258801746E-14
gfc   163  160 -2.15356902172959E-14  2.12009390517274E-14
gfc   163  161 -2.40755478252637E-14 -3.49603107187125E-14
gfc   163  162  3.02372266263241E-14 -1.43474918485127E-14
gfc   163  163  9.13192417156733E-15  2.83705023569568E-14
gfc   164    0  2.54024078592587E-15  0.00000000000000E+00
gfc   164    1 -4.54410498777816E-14  2.51767511935960E-13
gfc   164    2  3.43681028987823E-14  1.32646895354133E-13
gfc   164    3  6.37417824444566E-14  4.30193803465355E-14
gfc   164    4  2.47214239095490E-14  1.36488592818407E-13
gfc   164    5  1.17325236526380E-13  3.28467050769985E-14
gfc   164    6  4.42563719936448E-14  1.05666185266069E-14
gfc   164    7  4.22330718648232E-14  8.86185764857363E-14
gfc   164    8  1.45337218661061E-13  4.13449119463068E-14
gfc   164    9  7.68730337657161E-14  2.83497030738388E-14
gfc   164   10  1.65439804349266E-13  3.90814532752357E-14
gfc   164   11  1.53541204128060E-14  1.93020127172760E-15
gfc   164   12  1.06925336398942E-13 -2.80471561344461E-14
gfc   164   13  8.02883010070540E-15  7.39448531064314E-14
gfc   164   14 -4.31447162988532E-14  1.13198913874050E-13
gfc   164   15  7.52943677754240E-14  9.37510091035047E-14
gfc   164   16 -8.48169188731160E-14  6.58288289172304E-14
gfc   164   17 -7.89494764328892E-14  9.35441053949841E-14
gfc   164   18  2.15885625452546E-14  9.31335748016042E-14
gfc   164   19 -1.01749748001769E-13 -2.99190355855227E-14
gfc   164   20 -3.23045514136606E-14  2.01053802483060E-13
gfc   164   21  5.41920421013463E-14  1.39621404339760E-13
gfc   164   22 -5.75362318260942E-14 -7.95166260443510E-14
gfc   164   23 -1.76058796508159E-13  1.43395965647094E-13
gfc   164   24 -1.49925772198029E-13  1.19652277689410E-13
gfc   164   25 -1.84310366509776E-13 -8.25337770683062E-14
gfc   164   26 -1.92837160534629E-13  1.28241092937719E-13
gfc   164   27 -6.97400622859085E-14  5.38894858808770E-14
gfc   164   28 -1.35931899343097E-14 -1.79287608907675E-13
gfc   164   29 -2.08460741379555E-13 -5.80506822918076E-14
gfc   164   30 -9.69585089425787E-14  1.78533028988704E-13
gfc   164   31  8.41315437378437E-14  8.91001693088833E-14
gfc   164   32  5.81186159139731E-14 -1.90852340791127E-14
gfc   164   33 -6.32676269987921E-14  6.06706173248073E-14
gfc   164   34  7.94651975380654E-15  6.54805342236056E-14
gfc   164   35  9.51928590166163E-14  1.38953444698679E-13
gfc   164   36  5.75679791589555E-14  2.33464799613123E-13
gfc   164   37  1.41714128122856E-13  1.81410416921128E-14
gfc   164   38  1.79242590576967E-13 -4.51620356143206E-14
gfc   164   39  8.91536701812574E-14 -1.03349398218980E-14
gfc   164   40 -5.71808711604847E-14  1.23606627674488E-14
gfc   164   41 -2.19807723900488E-13 -2.26534951075450E-13
gfc   164   42 -2.13749855026278E-13 -5.56490223729097E-14
gfc   164   43 -1.95602590671934E-13  1.16140095316804E-13
gfc   164   44  7.27434761572954E-14  1.62369109590584E-13
gfc   164   45  9.57329436361611E-14  1.06245759348663E-14
gfc   164   46  1.24213452725760E-13 -4.60770928706530E-14
gfc   164   47  4.87671416304621E-14 -9.75632237010557E-14
gfc   164   48  2.92830055532704E-14 -9.65727063522333E-14
gfc   164   49  7.44496461141038E-14 -1.07053705206106E-13
gfc   164   50  8.44967824984460E-14 -1.58424513009242E-13
gfc   164   51  6.07616450737882E-14 -2.17462440003189E-13
gfc   164   52 -1.13617289910401E-14 -1.35598738726928E-13
gfc   164   53  1.26923478972732E-14 -1.78569924830880E-13
gfc   164   54  3.20309103785655E-14 -7.71217676477556E-14
gfc   164   55 -9.51924823798324E-14 -8.25856116787157E-14
gfc   164   56 -1.06354203177353E-13 -5.23361010803980E-14
gfc   164   57 -8.06243526600402E-14  6.76961577633279E-14
gfc   164   58  1.27199340566590E-13  1.60290888226424E-13
gfc   164   59  1.98463278410423E-13 -1.00582237711815E-13
gfc   164   60  1.76636136839778E-13 -3.23555794303339E-13
gfc   164   61 -1.54749550188487E-13 -2.34011690033509E-13
gfc   164   62 -2.08931404161832E-13 -1.10372318874261E-13
gfc   164   63 -1.04806223699329E-13  1.60005350022428E-13
gfc   164   64  2.45191433666995E-14  9.73150622566219E-14
gfc   164   65  8.68524907483238E-14  1.33250251205876E-14
gfc   164   66 -6.84769268717016E-15 -1.11072601519665E-13
gfc   164   67 -6.19128272353029E-14 -7.53975096328829E-14
gfc   164   68 -1.29119323711347E-13 -8.83647978508026E-14
gfc   164   69 -2.89376525604991E-14  7.78961055559887E-14
gfc   164   70 -6.00242522566456E-14 -1.42794642508860E-14
gfc   164   71  5.68588299550789E-15  1.04088825935585E-13
gfc   164   72 -4.96729313728589E-14  5.66339405417034E-14
gfc   164   73  4.75127737104494E-14  1.43379793153513E-13
gfc   164   74  7.37637922518386E-14 -3.10164760680412E-14
gfc   164   75  5.40772424452850E-14 -2.83986189693862E-14
gfc   164   76  3.97634259153097E-14 -1.17669826329363E-13
gfc   164   77 -1.34018852270532E-14 -4.33199876559348E-14
gfc   164   78 -3.20340922074181E-15 -8.04362138242648E-14
gfc   164   79 -1.75947633437269E-13  5.89687593185894E-15
gfc   164   80  7.66633121474562E-16  1.28436062204183E-13
gfc   164   81  4.36209650850662E-15 -2.30645439963376E-14
gfc   164   82 -1.58656286262615E-15 -3.98419329807644E-16
gfc   164   83  3.98474838615112E-14  2.68104739369756E-14
gfc   164   84  3.59488739521307E-14  1.49134507812904E-14
gfc   164   85 -6.26936546168223E-14 -5.08963381664267E-16
gfc   164   86  1.99868303711449E-15  5.03921848797145E-14
gfc   164   87 -3.55850838972842E-14  1.86751412477896E-14
gfc   164   88 -4.95265513912348E-15 -2.13500831756674E-14
gfc   164   89  5.74981407521022E-14  3.75328339685563E-15
gfc   164   90 -4.63210664768766E-15 -1.13704348591004E-14
gfc   164   91 -1.34566292917491E-14 -3.97183332821154E-15
gfc   164   92 -9.67966129104847E-15  2.94239394137777E-15
gfc   164   93 -1.94259202056624E-14 -9.08159419968647E-15
gfc   164   94  2.90638583275444E-14 -2.31232460026269E-14
gfc   164   95 -2.24457875678890E-15  1.63652128299846E-14
gfc   164   96  3.06802397392660E-15  4.07331046233393E-15
gfc   164   97  3.28041641293524E-15  3.43440903742504E-15
gfc   164   98  2.37539300033585E-14 -9.30470578935877E-15
gfc   164   99 -3.15774591451662E-14  2.38170125836014E-14
gfc   164  100 -3.41783473692062E-14  2.65215207772958E-14
gfc   164  101 -1.79312182422143E-14  9.25072416408240E-15
gfc   164  102  5.27053504670682E-14 -1.02195074309330E-14
gfc   164  103 -4.72118599975121E-14 -4.77302350978773E-15
gfc   164  104  2.71041010604855E-14 -4.99881948577022E-14
gfc   164  105  8.48660606721788E-16  2.42354503919329E-14
gfc   164  106 -6.20123068821066E-14  1.98060815524045E-15
gfc   164  107 -1.84348478921998E-14 -6.79238814582409E-14
gfc   164  108  5.84396239818690E-14 -5.12552183464663E-14
gfc   164  109 -2.17074580263119E-14  6.38746749684762E-14
gfc   164  110 -3.42067965820780E-14 -4.24382221995236E-14
gfc   164  111  3.77810557400697E-14  4.57315711396447E-15
gfc   164  112  4.91295634811642E-14  2.18177891024095E-14
gfc   164  113 -3.93086525225427E-14  1.18982972687379E-14
gfc   164  114  1.10114877565028E-14 -2.96074125724958E-14
gfc   164  115 -9.78872172344560E-15  3.22745995737731E-14
gfc   164  116  1.37138007182453E-14 -3.69761403127620E-15
gfc   164  117  6.37266276018120E-15  3.59692560516538E-14
gfc   164  118  2.59350042772117E-14 -2.99197764660833E-15
gfc   164  119 -3.76057930436034E-14 -2.49980839572583E-14
gfc   164  120  2.51456278629532E-14 -4.93943470134496E-16
gfc   164  121 -4.14381011286106E-14  1.70648621862723E-14
gfc   164  122  3.91722429516264E-15  9.39851156590920E-15
gfc   164  123 -1.33304497880918E-14 -9.51390243390340E-16
gfc   164  124 -2.13144468967482E-14 -2.25612917576732E-14
gfc   164  125  8.25242240647656E-15 -4.39093945118951E-15
gfc   164  126  4.90324456083219E-15  6.45950594315801E-15
gfc   164  127 -3.01642979577123E-15 -8.07905639276039E-15
gfc   164  128 -5.02079725708461E-15 -7.61135479432851E-15
gfc   164  129 -2.40945108410779E-14 -3.01016726190935E-14
gfc   164  130  2.93561227878679E-14 -2.28406540981602E-14
gfc   164  131  2.91906751475731E-14  1.49177261010675E-14
gfc   164  132 -2.90772919400212E-15  1.79287334754372E-14
gfc   164  133  3.54838503293588E-15 -2.35616703635077E-14
gfc   164  134  3.73058120307043E-14  3.72353855133266E-14
gfc   164  135  1.70847685007608E-14  5.46380460968333E-15
gfc   164  136  1.76342513275452E-14  3.05012681679593E-14
gfc   164  137 -1.17349251710782E-15  2.47817057641674E-14
gfc   164  138 -1.64711455783511E-14  2.11404791385335E-14
gfc   164  139 -1.61831945595398E-14 -2.31620201404092E-14
gfc   164  140  4.79772700104613E-15  1.68276792244223E-14
gfc   164  141 -8.65791660552211E-15 -6.30272151317404E-15
gfc   164  142  1.40335250159652E-14  2.04771803560641E-14
gfc   164  143 -4.62427275590203E-14 -3.25421677483988E-15
gfc   164  144  1.99385153284813E-14  3.53554033298558E-15
gfc   164  145 -3.32497357226937E-14  1.30128962627348E-16
gfc   164  146  9.63049126975631E-16 -2.49903598037586E-14
gfc   164  147 -3.35133675105402E-14 -1.29274584856690E-14
gfc   164  148  2.20299524609572E-14 -1.72356392675943E-14
gfc   164  149 -1.69388068359685E-14 -1.86289033585537E-15
gfc   164  150  1.34649558381207E-14 -3.43378780779430E-14
gfc   164  151  3.48239233328665E-15  2.97475038903188E-14
gfc   164  152  2.31245361019941E-14 -3.89576111463914E-14
gfc   164  153  2.65971911863585E-14  9.41820057422368E-15
gfc   164  154 -7.42123358915828E-15 -8.65695073375560E-15
gfc   164  155  2.45280512410826E-14  5.58040545146014E-14
gfc   164  156 -3.37414674666611E-15 -2.33537614070868E-14
gfc   164  157  1.62251815844012E-14  3.59954365387317E-14
gfc   164  158 -3.78144824884369E-14  1.09619344918286E-14
gfc   164  159  1.42430932535407E-14  3.10845212502876E-14
gfc   164  160 -3.65606093300973E-14  1.04793095467879E-14
gfc   164  161 -2.24232667648187E-14 -2.55082216484578E-14
gfc   164  162  2.61739710584606E-14 -2.11315023358568E-14
gfc   164  163 -2.54173197627893E-15  2.37041131900937E-14
gfc   164  164 -1.14052118339307E-14 -5.79734509845637E-15
gfc   165    0  9.10341099338455E-14  0.00000000000000E+00
gfc   165    1 -1.27897435771946E-13 -9.47174178587140E-14
gfc   165    2  5.49838599180059E-14  4.39009220918724E-15
gfc   165    3 -2.30122851338946E-14 -1.06848917658346E-13
gfc   165    4 -6.47553870285973E-14 -8.29163933533425E-14
gfc   165    5  8.83776385700905E-14 -7.33287463407051E-14
gfc   165    6 -6.06249191360694E-14 -1.01416018731026E-13
gfc   165    7 -5.75967765842330E-14 -4.07863542690065E-14
gfc   165    8  5.51705944885720E-14 -4.97813894932626E-14
gfc   165    9 -1.77525351124879E-14  4.28078503996295E-14
gfc   165   10  1.19545758351567E-14 -7.54831769783199E-14
gfc   165   11  3.58270262683406E-14 -1.87111915031638E-14
gfc   165   12  1.34868367198747E-14  5.55271280205452E-15
gfc   165   13  2.87935812150872E-14 -7.24067668637006E-14
gfc   165   14  3.58543636241938E-14  1.18274416757935E-13
gfc   165   15  4.74190692867094E-14  6.42765330554979E-14
gfc   165   16 -3.45363463299443E-14 -6.47992415825539E-15
gfc   165   17 -1.15808830044274E-13  1.34137588241713E-13
gfc   165   18 -5.35702070027990E-14  4.63568883857333E-14
gfc   165   19 -1.29676568430329E-13  9.06789239507436E-15
gfc   165   20 -1.57126912044618E-13  1.01456660751525E-13
gfc   165   21  9.78135380682545E-14  4.82438465565526E-14
gfc   165   22 -4.94874115169833E-14 -5.07223363522250E-14
gfc   165   23 -2.52395470810985E-13  1.43921882889519E-14
gfc   165   24 -4.30575772145947E-16  1.43162715835345E-13
gfc   165   25 -7.78040389753892E-14  9.27507077971255E-14
gfc   165   26 -2.62980997197374E-13  1.09982119373839E-13
gfc   165   27  3.73692012033177E-14  1.50407113368024E-13
gfc   165   28 -7.99781937419070E-14 -9.65560028174393E-14
gfc   165   29 -2.35606287236488E-13 -8.97168507279212E-14
gfc   165   30 -9.75034876029737E-14  1.43878444403072E-13
gfc   165   31  9.40523036465154E-14  1.11633864213018E-13
gfc   165   32  1.31285751071988E-13 -7.32059474259326E-14
gfc   165   33  1.83858904292019E-14  4.62918150042126E-14
gfc   165   34  6.12200228220083E-14  1.82161082015792E-13
gfc   165   35  7.22881024511536E-14  2.45427453261430E-13
gfc   165   36  1.07501198720146E-13  8.16207811495643E-14
gfc   165   37  1.65092480200069E-13  1.32117930307672E-13
gfc   165   38  6.81889899954499E-14  4.51444123278964E-14
gfc   165   39 -2.16862187185090E-14 -1.05919737434234E-13
gfc   165   40  2.54816932391410E-14 -1.75041497420311E-13
gfc   165   41 -6.89416403574340E-14 -1.60032371098167E-13
gfc   165   42 -2.64209830697613E-13  4.95353711937804E-14
gfc   165   43 -1.54528466183329E-13  1.85660640943045E-13
gfc   165   44  6.32622523952655E-15  2.16586375024812E-13
gfc   165   45  1.56147917788702E-13  9.10059601449222E-14
gfc   165   46  4.75140931850183E-14 -1.07313090239691E-13
gfc   165   47  6.04526082366838E-14 -1.22636233062517E-13
gfc   165   48 -3.41063571442292E-14 -1.11177972251131E-13
gfc   165   49  1.24986395465123E-13 -1.03877073314573E-13
gfc   165   50 -4.05624875449779E-15 -1.83522063176684E-13
gfc   165   51  8.92505005542154E-15 -2.22568927974440E-13
gfc   165   52 -7.34338988197963E-14 -1.21478004535112E-13
gfc   165   53 -4.34763882802702E-14 -1.21599800599213E-13
gfc   165   54 -5.25007084526044E-14 -6.92856217040427E-14
gfc   165   55 -7.52070203514319E-14 -1.24602689624546E-13
gfc   165   56 -8.88902381976063E-14 -1.40585483245944E-14
gfc   165   57 -1.08435565918638E-13  3.22574013967180E-14
gfc   165   58  1.06279466503584E-13  1.00594528189669E-13
gfc   165   59  1.91448039259440E-13  2.11927533554010E-14
gfc   165   60  1.57548569374369E-13 -2.78136612400051E-13
gfc   165   61 -1.73033867423909E-13 -2.99755581820023E-13
gfc   165   62 -2.63566272154617E-13 -5.90463992000956E-14
gfc   165   63 -1.85793536010777E-13  1.19449596225387E-13
gfc   165   64  2.90360932003549E-14  8.86351035651628E-14
gfc   165   65  6.57034266559775E-14  3.14612569700497E-14
gfc   165   66  3.53873655889212E-14 -1.24864370292608E-13
gfc   165   67 -8.12601819965259E-14 -7.23821739522502E-14
gfc   165   68 -1.11659591128358E-13 -4.42012644903576E-14
gfc   165   69 -5.14811679336248E-14  8.31036526454938E-14
gfc   165   70 -3.54172000927331E-14 -2.90280763964297E-14
gfc   165   71 -3.64135955990229E-14  6.86840713336770E-14
gfc   165   72 -6.19800796049276E-15 -2.67305189053683E-15
gfc   165   73  4.92999072674188E-14  9.95899090383365E-14
gfc   165   74  1.08049133170883E-13 -4.00755251023237E-14
gfc   165   75  4.81189303311779E-14  1.20677951473632E-14
gfc   165   76  5.06059351688806E-14 -9.45878353800622E-14
gfc   165   77 -4.68917379341584E-14 -2.76911832514863E-14
gfc   165   78 -3.19946769400777E-14 -1.06312066784683E-13
gfc   165   79 -1.72621355306557E-13  2.71733490203319E-14
gfc   165   80  2.85963235528073E-14  8.85746517700735E-14
gfc   165   81  4.07175226975582E-14 -3.87625818676111E-14
gfc   165   82 -3.97987708295821E-14  2.19320766875266E-14
gfc   165   83  3.54928489384873E-14  2.73018494387417E-14
gfc   165   84  2.36614143919164E-14  7.60777560870552E-15
gfc   165   85 -3.25728097343814E-14 -3.14984697439780E-14
gfc   165   86  1.91282375490954E-14  1.11854889959898E-14
gfc   165   87 -1.43665543735062E-14 -2.26887187874912E-15
gfc   165   88 -5.59273512906159E-15  6.19825382034220E-15
gfc   165   89  2.74919856652004E-14 -1.32481016018507E-14
gfc   165   90  2.09720755476920E-14 -2.68403709650683E-14
gfc   165   91 -1.04909188546510E-14  2.03863679172761E-14
gfc   165   92 -1.43486549547641E-14  1.05653766642984E-14
gfc   165   93 -2.86984173684392E-15  3.16753039587561E-14
gfc   165   94  6.63635471801130E-15  9.80000815310676E-15
gfc   165   95  1.66013651707049E-15 -8.63006237506568E-15
gfc   165   96 -8.31822418826657E-16  2.97522434197377E-14
gfc   165   97 -5.04707498238229E-14  8.11265514218175E-15
gfc   165   98  1.98055769208879E-14 -2.15509125483058E-14
gfc   165   99 -3.67794834267056E-16  5.14792466250270E-14
gfc   165  100 -1.00236570392186E-14 -1.80142525981449E-14
gfc   165  101  1.29607508723711E-14  3.31115948825578E-14
gfc   165  102 -3.94757431246442E-14 -4.77154707967953E-14
gfc   165  103  8.42741973034730E-15 -2.70888157910013E-14
gfc   165  104  7.03926922995899E-15 -5.71666647026480E-16
gfc   165  105 -1.18337221455806E-14 -3.50290900518616E-14
gfc   165  106  1.35393124401579E-14 -6.03749619926330E-14
gfc   165  107  7.62608912999567E-16  8.15283699604211E-14
gfc   165  108 -8.00434276047096E-14 -3.54932698652459E-14
gfc   165  109  2.99858846752518E-14 -6.23432203703887E-14
gfc   165  110  5.87434353176105E-14  2.75543297670900E-14
gfc   165  111 -1.87041976752811E-14  5.11217315357385E-14
gfc   165  112  2.09450741891695E-14 -1.19300166046329E-14
gfc   165  113 -6.98790666659217E-15  1.27272280712668E-14
gfc   165  114 -1.42484765326758E-14 -1.93627835124246E-14
gfc   165  115 -6.88642719359296E-15  1.02669399390010E-14
gfc   165  116  2.55353133523853E-14  8.45210318683429E-15
gfc   165  117 -7.60297033719543E-15  4.33874635415128E-14
gfc   165  118 -2.17894752626763E-14 -3.85649093907428E-14
gfc   165  119  6.60948845629688E-15 -2.07980583688562E-14
gfc   165  120 -3.70276666703341E-15 -6.94180566595450E-15
gfc   165  121  2.34703463190748E-14  2.68249472145396E-14
gfc   165  122 -1.18959124432645E-14 -2.88685903327672E-16
gfc   165  123  4.20718745664284E-14 -1.17785497550456E-14
gfc   165  124 -1.36686280520001E-14 -1.16855305633357E-14
gfc   165  125  2.57929617587203E-14  3.58791464862705E-14
gfc   165  126  8.24187777501342E-15 -1.65380732360942E-15
gfc   165  127  3.19461478061215E-14 -1.27670361159864E-14
gfc   165  128 -1.13003887331571E-14 -1.48468200027644E-14
gfc   165  129  1.82419788909821E-14  2.05468293639694E-14
gfc   165  130 -7.36088880137473E-15  2.74384799177788E-14
gfc   165  131  4.78884759486729E-15 -2.45034700363650E-14
gfc   165  132  4.61917896662375E-14 -7.02600624300169E-15
gfc   165  133 -1.51498330634098E-14  9.14515440786806E-14
gfc   165  134 -2.71953320335192E-14  8.02010115291156E-16
gfc   165  135  2.70559861594792E-14 -1.67485408182835E-14
gfc   165  136 -1.84622063535595E-14  2.25823970314795E-14
gfc   165  137 -1.82970922034445E-14  3.29185607600449E-14
gfc   165  138  1.20242284030200E-15 -1.26143599967231E-14
gfc   165  139 -4.39631393455917E-14 -2.71369947445320E-14
gfc   165  140  4.40303660653334E-15 -2.34432917007643E-14
gfc   165  141 -1.66293176008181E-14  1.26126022040902E-14
gfc   165  142  2.82570618550535E-14 -9.12753828515262E-15
gfc   165  143 -5.49880003774756E-15 -7.90572784384189E-15
gfc   165  144  1.19402768311111E-14 -4.87014475292373E-14
gfc   165  145  4.83687075899434E-15  3.25607057913384E-14
gfc   165  146  1.62302741254747E-14 -3.01837117920287E-14
gfc   165  147  7.97605471551974E-15 -5.40173803966485E-15
gfc   165  148  5.69742092567434E-15 -4.63331106121501E-14
gfc   165  149  1.06275397178853E-14  5.81371873495071E-14
gfc   165  150  2.04468436123327E-14 -2.57622350142518E-14
gfc   165  151  1.50581787846695E-14  1.18033786903880E-14
gfc   165  152 -5.88380739058813E-16 -4.36353109359263E-15
gfc   165  153  2.28048564865624E-14  2.92162216482113E-14
gfc   165  154 -4.26780023621086E-15  5.90198325144051E-15
gfc   165  155  2.99428755374492E-15  1.85563920934092E-14
gfc   165  156 -1.82051089198964E-14  1.24045802653637E-14
gfc   165  157  1.41893511705933E-14 -1.59560662636217E-14
gfc   165  158 -2.49351595914049E-14  1.26091936951132E-14
gfc   165  159 -4.08140933001077E-15 -2.22833569467406E-14
gfc   165  160 -2.72104052466187E-14  1.18070446466660E-14
gfc   165  161  6.50722133223128E-15 -2.61737758013083E-14
gfc   165  162  1.47186201376357E-14 -1.47699212069974E-14
gfc   165  163  5.95557231117012E-15  2.43029127501884E-14
gfc   165  164 -2.54972402635674E-14 -6.71356681966734E-15
gfc   165  165  7.14313592123980E-15 -1.78752459498510E-14
gfc   166    0 -4.15386445040547E-14  0.00000000000000E+00
gfc   166    1 -3.77827682790903E-14  1.60669361531576E-13
gfc   166    2 -7.41056500241282E-14  1.98858660250347E-13
gfc   166    3  3.45991758727875E-14  5.05897772475893E-14
gfc   166    4 -5.55597353623081E-14  9.02215461398803E-14
gfc   166    5  6.08409467258270E-14  5.52380681829826E-14
gfc   166    6 -3.35573443474822E-15  1.39577429327381E-14
gfc   166    7  1.68088670030676E-14  5.96650003455501E-14
gfc   166    8  4.85321798483794E-14  8.64053399742738E-14
gfc   166    9  7.30741328875691E-14 -8.01971238483555E-15
gfc   166   10  1.05640587148616E-13  5.18943750525636E-14
gfc   166   11  1.50641404442494E-14 -2.92745817868054E-14
gfc   166   12  6.97795555562258E-14 -3.21234799637974E-14
gfc   166   13  1.50306982370165E-13  2.02117118021882E-15
gfc   166   14 -6.35639928458063E-14  2.20626336628529E-14
gfc   166   15  1.85538321959068E-13  6.34740876236752E-14
gfc   166   16 -1.48496071364560E-14  2.99381933121284E-14
gfc   166   17 -3.82417620326968E-14  1.26318041026467E-13
gfc   166   18  1.03036985480232E-13  1.77256308446460E-13
gfc   166   19  3.35450265755770E-14  7.08280334757156E-15
gfc   166   20 -2.09383795058804E-14  1.46717146578290E-13
gfc   166   21  1.12440743590824E-13  1.69855128359531E-13
gfc   166   22  8.11572744516153E-15 -9.12136997773386E-14
gfc   166   23 -1.51322333861063E-13  1.35169622956194E-13
gfc   166   24 -9.44280437296666E-14  2.10938687925505E-13
gfc   166   25 -6.41344270128574E-15  1.66642018318248E-14
gfc   166   26 -1.33267241088346E-13  1.53527201982683E-14
gfc   166   27 -2.20298862641687E-14  1.82760564477406E-13
gfc   166   28 -8.03364216176442E-16 -1.03608011666987E-13
gfc   166   29 -1.44972541083668E-13 -1.53910027044780E-14
gfc   166   30 -1.31487445603242E-13  1.86146403818257E-13
gfc   166   31  8.99084609236040E-14  1.40382506409163E-13
gfc   166   32  8.92931749000856E-14 -9.85127512098543E-14
gfc   166   33 -1.17357758857172E-13  3.74639199789848E-14
gfc   166   34  5.48881384976815E-14  1.36772292419183E-13
gfc   166   35  2.08740456058202E-13  1.05288176869429E-13
gfc   166   36  1.77562229462805E-13  1.24002776812887E-13
gfc   166   37  5.65952308005461E-14  1.97042812525537E-14
gfc   166   38  1.83863325977805E-13 -6.73033038841811E-14
gfc   166   39  1.18212965147283E-13  2.79314667374447E-14
gfc   166   40 -1.50527845249579E-14  2.97298692251331E-15
gfc   166   41 -1.96121027705627E-13 -1.64624468898526E-13
gfc   166   42 -2.06491837870185E-13 -7.53925175599123E-14
gfc   166   43 -2.06518427605675E-13  2.32536438593017E-13
gfc   166   44  8.29113338833621E-14  2.21837516532778E-13
gfc   166   45  1.17995241034351E-13  7.76398735977508E-14
gfc   166   46  1.09640308812857E-13 -1.06011943913505E-13
gfc   166   47 -6.19735466645680E-14 -1.11984100618888E-13
gfc   166   48 -5.63419976881442E-14 -1.35450376813873E-13
gfc   166   49 -4.82111633479054E-14 -6.51050865547949E-14
gfc   166   50  3.49071100377443E-14 -1.57212205581539E-13
gfc   166   51 -5.04281598682858E-14 -1.76499586100390E-13
gfc   166   52 -1.05316579890634E-13 -1.43416439468964E-13
gfc   166   53 -1.28904431383180E-13 -9.01405350840470E-14
gfc   166   54 -6.86428704651908E-15 -2.51229333609705E-14
gfc   166   55 -5.17746396258923E-14 -7.45147693183688E-14
gfc   166   56 -1.07422947878541E-13 -1.13357363720094E-13
gfc   166   57 -1.59049127888459E-13  4.50282937750537E-14
gfc   166   58  1.17766417746400E-13  1.55353876095595E-13
gfc   166   59  1.76576481935848E-13  3.35466315830054E-15
gfc   166   60  2.17919874941021E-13 -3.19546359375114E-13
gfc   166   61 -2.14640890639174E-13 -2.34522205244081E-13
gfc   166   62 -2.48130580963791E-13 -1.21611863353209E-13
gfc   166   63 -2.43082973131761E-13  1.72177049464968E-13
gfc   166   64  1.16016049850686E-14  9.87698179008767E-14
gfc   166   65  6.04495352592246E-14  4.55841037029568E-14
gfc   166   66  4.52900204422794E-14 -1.59010175649383E-13
gfc   166   67 -9.24422176167119E-14 -5.09957814545257E-14
gfc   166   68 -6.01039041564533E-14 -7.70784224704472E-14
gfc   166   69 -4.67329466450039E-14  1.20121025989357E-13
gfc   166   70 -7.27497535885747E-16 -1.30247306437129E-14
gfc   166   71 -4.17962377671225E-14  8.54192378942412E-14
gfc   166   72  2.50016835449614E-16 -9.72403827911974E-15
gfc   166   73  9.38032890705383E-15  6.87547009972223E-14
gfc   166   74  1.13492785587344E-13 -6.13070825330783E-14
gfc   166   75  2.75586698491420E-14  6.52888509529695E-15
gfc   166   76  1.08034761016735E-13 -8.47077725838619E-14
gfc   166   77 -3.95396830452254E-14 -2.25319967348640E-14
gfc   166   78 -7.28632721165103E-15 -7.79691768229375E-14
gfc   166   79 -1.88707693989610E-13  4.92594697435677E-14
gfc   166   80  2.99241206320983E-14  9.91912087932036E-14
gfc   166   81  2.51936732916050E-14 -6.56336760352956E-14
gfc   166   82 -1.09245997935383E-14  1.68340212088377E-14
gfc   166   83  3.77001355461305E-14  4.02537706873802E-14
gfc   166   84  9.14586119552627E-15 -1.87089666043136E-14
gfc   166   85 -3.40824223329126E-14  6.60641061735748E-15
gfc   166   86 -5.45994039566947E-15 -4.56446323236382E-14
gfc   166   87  2.58804114076022E-14 -3.57330485786657E-14
gfc   166   88 -1.21552339870223E-14 -5.62748999515769E-15
gfc   166   89  3.22937836862471E-14  2.35487041808381E-14
gfc   166   90 -2.38019453277829E-14  1.57428177584761E-14
gfc   166   91 -9.66002610544941E-15  3.27548390211799E-14
gfc   166   92 -1.46071568791494E-14  6.85463908068905E-15
gfc   166   93 -1.11157812103457E-14  3.90232907889424E-15
gfc   166   94  2.21954080761374E-14  8.00762909753311E-15
gfc   166   95 -1.87045513266941E-14  4.97601447128115E-14
gfc   166   96 -4.49441983972386E-14  1.68731381464284E-14
gfc   166   97 -4.37802302296382E-15 -5.73730873097049E-15
gfc   166   98 -3.71256409329739E-14 -2.49696304442301E-14
gfc   166   99  1.17322394665364E-14  1.32290179806818E-14
gfc   166  100 -1.99983599080127E-14 -6.16712408036881E-15
gfc   166  101  3.55609233659212E-14 -3.31511530492451E-14
gfc   166  102  2.35980862972389E-14 -2.38798310227356E-14
gfc   166  103 -3.91879743418990E-14  5.72553171840702E-15
gfc   166  104 -2.09152846211121E-14 -3.11133964948352E-14
gfc   166  105  5.79906805343540E-14  1.06637578502362E-14
gfc   166  106 -7.73824430710893E-14 -6.84010558351197E-16
gfc   166  107 -1.43254124180755E-15 -4.54866246041384E-14
gfc   166  108 -3.94724129490997E-15 -1.17620674189948E-15
gfc   166  109 -1.04058708012298E-14  2.77785734947903E-14
gfc   166  110 -2.68995262240908E-14 -4.71246210514814E-15
gfc   166  111  7.35640720291186E-14 -3.20243104962957E-14
gfc   166  112  8.12632597810909E-15  3.48327356145754E-14
gfc   166  113 -4.19482966397387E-14 -4.11691757907157E-15
gfc   166  114 -1.25438395093199E-14 -2.01451975943578E-14
gfc   166  115  2.60777831477505E-14 -1.28998806381645E-15
gfc   166  116 -7.35663411292310E-15  2.30101544358035E-14
gfc   166  117  2.12055497093972E-14  5.57697194666014E-15
gfc   166  118 -9.24870387833427E-16  2.38674230168377E-14
gfc   166  119  4.22641476193989E-15 -2.26036142060906E-14
gfc   166  120 -1.85897098157390E-14  1.56541720307908E-14
gfc   166  121  1.42083858585453E-14  3.54735665270285E-14
gfc   166  122 -1.48478535061374E-14  2.28478145233130E-14
gfc   166  123  3.13287845975460E-14 -2.29388795318878E-14
gfc   166  124 -3.43589477881625E-14  1.03749217862104E-14
gfc   166  125  7.78671865746853E-16  1.94478346750718E-14
gfc   166  126  1.13626051093082E-14  1.69626773285006E-14
gfc   166  127  3.67887507930042E-15 -9.92315145057614E-15
gfc   166  128 -2.46804802169434E-14 -1.65485783775437E-14
gfc   166  129 -1.02473935882071E-14  3.36645212270743E-14
gfc   166  130  1.52896652527941E-15  1.22146768496706E-14
gfc   166  131  4.64798263181195E-15  2.39456378816266E-14
gfc   166  132 -6.85775612630522E-15  6.78443020035347E-15
gfc   166  133 -2.10349750109346E-14  1.47539227431489E-14
gfc   166  134  2.15018477559476E-16  3.03640681587939E-14
gfc   166  135 -3.05862240087678E-14  7.84281714362583E-15
gfc   166  136 -2.26874192374212E-14 -1.57951326859932E-14
gfc   166  137 -2.74543573855685E-14 -3.28661137813366E-15
gfc   166  138 -1.41391929213726E-14 -2.02424191603823E-14
gfc   166  139 -8.32265459088262E-15 -3.58650513042697E-14
gfc   166  140  1.45695723375401E-14 -2.03204615768654E-14
gfc   166  141  1.83835308846684E-14  4.08859215795137E-15
gfc   166  142 -3.97626314489685E-15 -1.68877766946388E-15
gfc   166  143  3.21848230939348E-14 -2.53794609727371E-15
gfc   166  144 -2.96857949565891E-16 -3.30903964996158E-14
gfc   166  145  4.44389513750132E-14  1.01448261744572E-14
gfc   166  146 -2.73722250051504E-14  1.71182346441920E-14
gfc   166  147  3.96569836188392E-14  7.31677945649571E-15
gfc   166  148 -1.90419500367741E-15  2.56443686169087E-15
gfc   166  149  2.85259239060176E-14  4.05553218210211E-15
gfc   166  150 -1.28343294991033E-14  4.03056901877343E-14
gfc   166  151  2.28244088127484E-14  2.61237295902155E-15
gfc   166  152 -2.75571012615842E-14  4.82811518103057E-15
gfc   166  153  5.26191280222916E-15 -2.25351779714858E-14
gfc   166  154 -2.66322733263687E-14  4.17369540868446E-14
gfc   166  155 -5.87394812307000E-15 -1.25213669793682E-14
gfc   166  156 -7.84147793860916E-15  4.14425377737625E-15
gfc   166  157  5.27031653087106E-15 -1.85758214662444E-14
gfc   166  158 -8.08354560406170E-15  1.13219054735704E-14
gfc   166  159 -2.85962857217085E-15 -2.05386602681779E-14
gfc   166  160  9.74842169722851E-15 -7.72653158201932E-15
gfc   166  161 -1.80967087107414E-14 -1.26029842833471E-14
gfc   166  162  3.38751438260003E-14 -6.00674511859230E-16
gfc   166  163  8.98593974126857E-15  2.80870900303048E-14
gfc   166  164 -2.41286249946514E-14  5.99350820235681E-15
gfc   166  165  1.61905971376625E-14 -2.60746816990230E-14
gfc   166  166  1.50424677135746E-14  7.64355461682717E-15
gfc   167    0  1.85028569504554E-13  0.00000000000000E+00
gfc   167    1 -3.84702380777493E-14 -1.21181075071133E-13
gfc   167    2  1.02691275547297E-13  3.41271492141344E-14
gfc   167    3  4.93625828567248E-14 -8.26434115169511E-14
gfc   167    4 -3.11636120018782E-14 -1.09833872765950E-13
gfc   167    5  7.30912088645757E-14 -5.60598592643372E-14
gfc   167    6 -5.91491172150732E-15 -1.18258704416147E-13
gfc   167    7  9.67309215231885E-15 -7.61284972831117E-14
gfc   167    8  8.36040913531275E-15 -7.20191969200775E-14
gfc   167    9  3.10358757691460E-14 -3.76810122688923E-14
gfc   167   10  2.65708432592345E-15 -6.76642067296702E-14
gfc   167   11  1.47772587992532E-14 -5.14981473801843E-14
gfc   167   12  2.43534308703052E-14  2.09386349876697E-14
gfc   167   13  1.14766360322091E-13 -7.50211262113032E-14
gfc   167   14  5.71668956318213E-14 -1.51423378100166E-14
gfc   167   15  6.95801741158278E-14  6.34442021020921E-14
gfc   167   16  2.37400003340560E-14 -7.16104489898685E-14
gfc   167   17 -1.11303770516876E-13  1.32014618032573E-13
gfc   167   18  1.67526199174411E-14  1.29395993835887E-13
gfc   167   19  3.92567680878027E-14 -1.09911844390337E-14
gfc   167   20 -8.53400284003471E-14  3.65362667495986E-14
gfc   167   21  1.22771848432176E-13  3.99654078688904E-14
gfc   167   22  1.35805275972576E-13 -8.70045593125519E-15
gfc   167   23 -1.84336537814546E-13  5.45710646760684E-14
gfc   167   24  7.20954552599617E-14  2.65626881758855E-13
gfc   167   25  1.03268102572971E-13  1.52752328810703E-13
gfc   167   26 -2.11218051264859E-13  7.92941015347937E-14
gfc   167   27 -3.50986493472390E-14  1.39677295433073E-13
gfc   167   28 -1.82119082106696E-14  5.80137370629953E-14
gfc   167   29 -1.95185359081231E-13 -7.58874940282687E-14
gfc   167   30 -8.20961034175383E-14  1.69255628466754E-13
gfc   167   31  1.30582585584016E-13  1.15216449488233E-13
gfc   167   32  1.06276480456950E-13 -7.84922446315125E-14
gfc   167   33 -3.36942361799647E-14 -3.79803325840347E-14
gfc   167   34  7.81072725648365E-14  2.14662997268714E-13
gfc   167   35  1.90858508063845E-13  1.66323640780789E-13
gfc   167   36  1.68612890699002E-13 -7.33469052458250E-14
gfc   167   37  1.57579437035095E-13  5.87697631947783E-14
gfc   167   38  1.01859765984003E-14  4.01316227887246E-14
gfc   167   39  4.88455872643922E-14 -6.87513824483105E-14
gfc   167   40 -2.31194112826488E-14 -1.76711841630258E-13
gfc   167   41 -6.96444887016857E-14 -1.58021171442310E-13
gfc   167   42 -2.90212271689032E-13  8.28272119199179E-14
gfc   167   43 -1.28637618924840E-13  1.65508298122542E-13
gfc   167   44  4.10108528821058E-14  2.70505848832803E-13
gfc   167   45  1.97269695847532E-13  2.97905322066335E-14
gfc   167   46  8.35655880336900E-14 -9.86568508910019E-14
gfc   167   47 -3.54666988468470E-14 -1.80024600062581E-13
gfc   167   48 -9.43355373404727E-14 -8.65315588307177E-14
gfc   167   49 -3.47962229425505E-14 -6.94394911475804E-14
gfc   167   50 -5.79429653143558E-14 -1.08759717588420E-13
gfc   167   51 -6.83397705728619E-14 -2.05044981764382E-13
gfc   167   52 -1.55766314902145E-13 -9.59325791438131E-14
gfc   167   53 -1.24497875407777E-13 -5.27939082565631E-14
gfc   167   54 -9.88466969246468E-14 -1.03815205830427E-14
gfc   167   55 -1.37832927209259E-14 -7.83433027416972E-14
gfc   167   56 -6.37698098575795E-14 -2.72342145321216E-14
gfc   167   57 -1.38065515963349E-13  4.28007153043217E-14
gfc   167   58  6.63861576778801E-14  1.23067567299030E-13
gfc   167   59  1.69124071252928E-13  4.58290434550327E-14
gfc   167   60  1.68026753741428E-13 -2.40102347631804E-13
gfc   167   61 -1.72669578067286E-13 -3.25728290154537E-13
gfc   167   62 -2.52287201536185E-13 -8.71293681192551E-14
gfc   167   63 -2.46768445620781E-13  1.34327680769989E-13
gfc   167   64  1.11241359063199E-14  1.11341391276864E-13
gfc   167   65  4.93314757476257E-14  1.11480461575257E-13
gfc   167   66  9.11715927280842E-14 -1.18479177875242E-13
gfc   167   67 -1.23526847029938E-13 -3.19752468515624E-14
gfc   167   68 -6.86563493466432E-14 -4.88533621409707E-14
gfc   167   69 -7.49538493021282E-14  1.18575577343748E-13
gfc   167   70  2.37371817901359E-14 -1.90788840036916E-14
gfc   167   71 -2.90495926030448E-14  9.85011082383801E-14
gfc   167   72  5.82644571802206E-14 -6.91584149287439E-15
gfc   167   73  4.05239215655496E-16  9.46806828580285E-14
gfc   167   74  1.05588934761838E-13 -3.61219350242303E-14
gfc   167   75 -5.75291163378695E-15  3.81401097169961E-14
gfc   167   76  7.84338390113807E-14 -9.04286175680868E-14
gfc   167   77 -4.37649343982697E-14 -5.88671365867829E-14
gfc   167   78 -1.64756565269634E-14 -8.98181160016084E-14
gfc   167   79 -1.34517847639154E-13  2.89355398354855E-14
gfc   167   80  3.26861722378115E-14  1.20899934216116E-13
gfc   167   81  3.00712435907264E-15 -5.81637706441535E-14
gfc   167   82 -3.50586903409817E-14  4.92733205904691E-14
gfc   167   83  5.13843441932872E-14  8.80182930222870E-15
gfc   167   84  1.80189523465064E-14 -5.83518361275470E-14
gfc   167   85 -2.66389311180738E-14 -1.20867966015698E-14
gfc   167   86  1.10950553531883E-14  5.22228128332194E-15
gfc   167   87 -1.82860826713605E-14 -9.77920186128292E-15
gfc   167   88 -8.74686569028338E-15 -2.75896208044485E-15
gfc   167   89 -2.14657489208484E-14  1.72565481202305E-14
gfc   167   90 -3.01680270483629E-14 -1.38121790816519E-14
gfc   167   91 -6.80880294402056E-16  5.65422706284446E-14
gfc   167   92  2.76327557346530E-15  1.25780844615263E-14
gfc   167   93 -1.96402142409344E-14 -1.37238954500544E-14
gfc   167   94  5.32050514203761E-16 -2.87761442594071E-14
gfc   167   95 -2.84285209168965E-14  5.99538348055447E-15
gfc   167   96 -2.53577537805204E-14  3.00869613545655E-14
gfc   167   97 -9.34004285870347E-15  5.21479188083324E-15
gfc   167   98 -8.45844831544208E-15 -5.61824369483846E-14
gfc   167   99  1.62588277852208E-14  1.12179863346279E-15
gfc   167  100 -2.07145739025820E-14 -9.97807807874477E-15
gfc   167  101  7.73289214844871E-15 -1.94955137882713E-14
gfc   167  102  7.90735529930323E-15 -8.44437817603014E-15
gfc   167  103  7.28738925553768E-15 -4.29781247024495E-14
gfc   167  104 -7.75869595636679E-15  3.69179799625117E-14
gfc   167  105 -1.33876416996152E-14 -2.70763041265703E-14
gfc   167  106 -3.76066650403507E-15 -2.93968964982328E-14
gfc   167  107  9.83385932285739E-15  2.89632539200712E-14
gfc   167  108 -5.77123291579372E-14 -1.05199438876937E-14
gfc   167  109  2.49022314431823E-15 -8.35450151711690E-14
gfc   167  110  9.55247316189609E-14  6.11858017484037E-14
gfc   167  111 -3.79203436696102E-14  5.46665502250878E-14
gfc   167  112 -1.29110320610999E-15 -4.72188981624591E-14
gfc   167  113  1.46918838192086E-14 -2.23445806308576E-14
gfc   167  114 -3.41017858351285E-16  3.24936205227207E-14
gfc   167  115 -2.29257986457919E-14  1.08288133336234E-14
gfc   167  116 -1.01604162012158E-14  2.72762516705796E-14
gfc   167  117 -1.73640972342137E-14 -2.03418172997151E-15
gfc   167  118  1.38968380659927E-16 -6.87466908818945E-15
gfc   167  119  3.16552685580439E-14 -7.31612668677893E-15
gfc   167  120 -1.63494029963442E-14  5.50219636806101E-14
gfc   167  121 -1.53584405932489E-14  1.35947448925734E-14
gfc   167  122 -2.38235728821493E-14  1.33296793593860E-14
gfc   167  123  4.42139120604295E-15 -4.93181289103357E-14
gfc   167  124 -1.19291155660056E-14  1.55243972955176E-14
gfc   167  125 -2.55124923445320E-14  8.49006102509244E-15
gfc   167  126 -1.17762165064042E-14 -1.53268202516529E-14
gfc   167  127 -6.00508236946675E-15 -3.97252785279916E-14
gfc   167  128 -4.02425443306130E-16  1.70875294036535E-14
gfc   167  129 -1.25990145563753E-14  5.40218545149000E-15
gfc   167  130  1.85258407649247E-14  1.39166788978143E-15
gfc   167  131 -3.04640177046864E-14 -3.78694937383816E-14
gfc   167  132  2.76718255971847E-14 -6.91434416778373E-15
gfc   167  133 -1.21952352784055E-14  2.06421460394868E-14
gfc   167  134 -3.83956135568591E-14 -9.26831833978281E-15
gfc   167  135  1.44351486144137E-14 -5.78669133325120E-14
gfc   167  136 -1.87171930887632E-14  3.32876752686341E-14
gfc   167  137 -1.76722055618428E-14 -9.42645245699602E-15
gfc   167  138  8.65803611711346E-15 -3.28329858862322E-14
gfc   167  139  3.00689108288536E-15 -1.90458659573233E-14
gfc   167  140  8.97197481364389E-15 -1.27222962442500E-14
gfc   167  141  6.00837393918994E-14  1.34059501789437E-14
gfc   167  142  3.30538302405478E-15  1.81574352363405E-14
gfc   167  143  7.39782350258689E-15 -2.78015794846710E-15
gfc   167  144 -7.41506651749724E-15 -2.09592743812352E-15
gfc   167  145  1.52277012941248E-14  1.86397568880134E-14
gfc   167  146 -5.23490376854054E-15  2.24753216155166E-14
gfc   167  147 -1.80694615039022E-14 -3.65918260295038E-15
gfc   167  148  5.94318141352677E-15  1.59954207481548E-14
gfc   167  149 -1.86641845409355E-15 -1.23872683854850E-14
gfc   167  150 -8.84500920905924E-15  1.18981243570002E-14
gfc   167  151 -1.60174520684262E-14 -1.96785754591182E-14
gfc   167  152 -2.05945480725328E-14  2.13724487994753E-14
gfc   167  153 -1.68698137147214E-15 -4.15777764986058E-14
gfc   167  154 -4.65925482023093E-15 -8.41821279153853E-15
gfc   167  155  2.37198989885060E-15  1.53067957652480E-14
gfc   167  156  1.45615331452115E-14 -9.46018728778331E-15
gfc   167  157 -5.86419663916625E-15 -2.54796892763231E-14
gfc   167  158  1.36060645398529E-14  1.84289715139128E-14
gfc   167  159 -1.61731718339398E-14 -1.15194704528950E-14
gfc   167  160  2.13383064472411E-14 -4.55094670298556E-15
gfc   167  161 -1.03428110320641E-14 -3.55162355192339E-15
gfc   167  162  2.54868612488363E-15  9.86787554216286E-16
gfc   167  163  2.55342929425425E-15  1.69697963596495E-14
gfc   167  164 -2.02504569101962E-14  1.70371938045021E-14
gfc   167  165  4.23342099880335E-15 -3.14166808598514E-14
gfc   167  166  3.08062600036383E-14  1.33795326928843E-14
gfc   167  167 -4.10216918384024E-15  1.82674434958276E-14
gfc   168    0 -7.00914870013193E-14  0.00000000000000E+00
gfc   168    1 -8.53521340882586E-15  2.65871034970881E-14
gfc   168    2 -1.13756671178058E-13  1.91101144198037E-13
gfc   168    3 -3.30917716377566E-14  7.16058799773835E-14
gfc   168    4 -4.67795400528264E-14  1.61025471784853E-14
gfc   168    5 -6.56020678800602E-14  1.11022973468221E-13
gfc   168    6  6.14241699387649E-15  1.33527302912157E-14
gfc   168    7 -3.29633682907936E-14  4.09127992788164E-14
gfc   168    8  2.60011574012042E-14  8.20482070215732E-14
gfc   168    9 -3.31695995542632E-15 -2.30309195828280E-14
gfc   168   10  1.31081965063477E-13  1.85637997605943E-14
gfc   168   11 -4.15933102839220E-14 -5.32549080234733E-14
gfc   168   12  5.94978444018002E-14 -1.76652923436989E-14
gfc   168   13  1.41187901360887E-13 -2.94266846135520E-14
gfc   168   14 -1.51017563367737E-14 -2.95490129601103E-14
gfc   168   15  1.22025423235037E-13  3.91773043159741E-14
gfc   168   16  7.96423040536960E-14  1.61589100613686E-14
gfc   168   17 -6.55154853450106E-14  1.35450639234324E-13
gfc   168   18  1.25619642642702E-13  2.45533156855804E-13
gfc   168   19  1.02544156113909E-13  5.27616495977675E-14
gfc   168   20 -1.49356841763314E-14  6.64144657747643E-14
gfc   168   21  6.03490286582549E-14  1.93485351693528E-13
gfc   168   22  1.12157197913002E-13 -2.18313591725253E-14
gfc   168   23 -3.13214948910932E-14  5.30813313308814E-14
gfc   168   24  2.17014998527129E-14  2.95332445139280E-13
gfc   168   25  1.51834485219617E-13  2.31335006834991E-14
gfc   168   26 -2.05030136867614E-14 -3.18935220551815E-14
gfc   168   27 -5.79745457639854E-14  2.08581236312120E-13
gfc   168   28  3.06392236880289E-14  5.21669993218299E-14
gfc   168   29 -3.71412649784389E-14  3.18595626943645E-14
gfc   168   30 -1.39300230915832E-13  2.15954203993318E-13
gfc   168   31  1.21375899262993E-13  1.42861808600340E-13
gfc   168   32  9.53293848612942E-14 -5.25682065487456E-14
gfc   168   33 -1.16249097460328E-13 -6.53998201050099E-14
gfc   168   34  5.79414185598229E-15  1.35092540984498E-13
gfc   168   35  2.69043454961687E-13 -8.65482492452001E-15
gfc   168   36  2.20358488275974E-13 -8.70153602984612E-14
gfc   168   37  3.63422048119883E-14 -9.52820916806208E-14
gfc   168   38  1.67837922631867E-13 -6.78156463263934E-14
gfc   168   39  2.24282497348550E-13 -2.84035590729620E-14
gfc   168   40 -3.73626517977489E-16 -3.20122745873143E-14
gfc   168   41 -1.86877717329764E-13 -1.14778372061969E-13
gfc   168   42 -2.20837322428001E-13 -4.54413259166661E-14
gfc   168   43 -1.19027789952319E-13  2.45244163173698E-13
gfc   168   44  1.25389574146090E-13  2.50009301840149E-13
gfc   168   45  1.76089347236975E-13  4.71316908602878E-14
gfc   168   46  1.22027974036740E-13 -1.07204191025927E-13
gfc   168   47 -8.96137077402555E-14 -1.17905361278378E-13
gfc   168   48 -1.05418951825938E-13 -1.09075795921469E-13
gfc   168   49 -1.19700486680819E-13 -1.98472574989285E-14
gfc   168   50 -2.34060481829015E-14 -6.15749277024666E-14
gfc   168   51 -9.91735344699582E-14 -1.17578912259915E-13
gfc   168   52 -1.54181941384786E-13 -1.01878347980397E-13
gfc   168   53 -1.31113565171505E-13 -7.15182291003773E-15
gfc   168   54 -5.48569332795033E-14  2.42372985426494E-14
gfc   168   55 -3.53468690003127E-14 -4.72831094362540E-14
gfc   168   56 -1.15188508105809E-13 -2.78933319340894E-14
gfc   168   57 -1.31791662321403E-13  4.24321764851394E-14
gfc   168   58  6.03889304048111E-14  2.16821122286948E-13
gfc   168   59  1.69828201129897E-13 -3.28780571248508E-14
gfc   168   60  1.22236635850469E-13 -2.19764357480236E-13
gfc   168   61 -1.63367212008737E-13 -2.56490153579058E-13
gfc   168   62 -3.02760648831087E-13 -9.32781823389982E-14
gfc   168   63 -2.48161165914922E-13  1.24622081708350E-13
gfc   168   64 -3.95081982133053E-14  1.71138843759702E-13
gfc   168   65  6.18744263482330E-14  8.50250973456139E-14
gfc   168   66  8.56087628222412E-14 -7.78019995738705E-14
gfc   168   67 -8.40419964915925E-14 -2.56805553089775E-14
gfc   168   68 -6.12078226511136E-14 -1.50479348302993E-14
gfc   168   69 -9.31265317023809E-14  1.14214155488823E-13
gfc   168   70  5.43180784020432E-15  4.42437214783443E-14
gfc   168   71 -3.68076607428715E-14  7.68882352919984E-14
gfc   168   72  8.84954061913864E-14  6.60064143670965E-15
gfc   168   73  3.21171187397034E-16  5.73847676489842E-14
gfc   168   74  1.02252732548956E-13 -2.37694357930645E-14
gfc   168   75  1.45121163364315E-14  2.92695522381625E-14
gfc   168   76  9.00711224897239E-14 -7.17496392307008E-14
gfc   168   77 -7.86178502669543E-14 -7.41605527589514E-14
gfc   168   78 -4.46081592581083E-14 -8.50472333304755E-14
gfc   168   79 -1.41117319678750E-13  2.03713953376116E-14
gfc   168   80  5.07719920123252E-14  8.36634595231128E-14
gfc   168   81 -4.31793985843965E-15 -5.84896985967390E-14
gfc   168   82 -2.87819135592191E-14  6.72718748666116E-14
gfc   168   83  6.43341668890232E-14  3.70577303192395E-14
gfc   168   84 -3.01208629252391E-15 -6.79328401204352E-14
gfc   168   85 -2.86998003676718E-14 -3.70233100018301E-14
gfc   168   86  2.12599270930577E-15 -2.73858418493992E-15
gfc   168   87  1.34069073645204E-15 -1.09875110537496E-14
gfc   168   88 -1.72374602773030E-14  6.16208055095756E-14
gfc   168   89 -1.02303690376249E-14  2.45880805873876E-14
gfc   168   90 -5.29577678309050E-14 -3.86701068343997E-15
gfc   168   91 -2.55423437392238E-14 -1.90663487945854E-14
gfc   168   92  3.48233246180483E-14 -2.20657857619602E-14
gfc   168   93 -3.81729855635087E-16 -9.91082362538769E-15
gfc   168   94  1.50783196791388E-14 -2.64028354399550E-14
gfc   168   95 -9.70874190824826E-15  5.56850959969505E-16
gfc   168   96 -7.43441323692861E-14  4.90345692437469E-15
gfc   168   97  1.70469890152796E-14 -2.93258874363615E-14
gfc   168   98  1.10043923716275E-14 -1.39679092081753E-14
gfc   168   99  1.10924055555079E-14 -2.22412455153769E-14
gfc   168  100  1.37461114753632E-14 -6.24880444834652E-15
gfc   168  101 -1.85081382447922E-14 -9.02233473114038E-15
gfc   168  102  9.88309145741622E-15  1.08152029809445E-14
gfc   168  103  2.26335688278759E-15  3.13271103592060E-15
gfc   168  104 -1.64988554183425E-16 -1.93715200804227E-14
gfc   168  105  5.00575311930252E-14 -1.48646240894195E-14
gfc   168  106 -2.81426632036852E-14  1.04318891437960E-14
gfc   168  107 -3.09970028007147E-14 -2.57823847229795E-14
gfc   168  108  8.25633903999961E-14  1.17699131540664E-14
gfc   168  109 -4.45255273483503E-14  1.92726766275837E-14
gfc   168  110  4.31769125285029E-15 -1.12602299306128E-14
gfc   168  111  2.17043583938287E-14 -6.03381140525187E-15
gfc   168  112  5.27903276277832E-15  5.80354171770547E-14
gfc   168  113 -7.93262697300501E-14 -2.35846972576081E-14
gfc   168  114  2.03202096011596E-14 -2.14791659096456E-14
gfc   168  115 -2.62574275102505E-16  3.47346854653408E-14
gfc   168  116 -2.45094989879169E-14  4.06141380882589E-14
gfc   168  117 -3.89233121660852E-14 -1.14808355163206E-14
gfc   168  118  3.33364954261106E-15 -2.56412358707229E-14
gfc   168  119 -4.70128007481352E-15 -5.98849859390370E-15
gfc   168  120  1.08060238069794E-14  4.32209635518121E-15
gfc   168  121 -1.48621570599109E-15  2.08977567017533E-14
gfc   168  122 -8.29941439746836E-15 -2.10665652971290E-15
gfc   168  123 -2.33359290190637E-14 -4.48343084192082E-14
gfc   168  124  6.32467812951143E-15 -1.42839841109708E-14
gfc   168  125 -3.07918808900065E-14  3.01844285085403E-14
gfc   168  126  1.99544230838074E-14 -2.38438310981985E-14
gfc   168  127 -2.26685026971904E-14 -1.35665823561865E-14
gfc   168  128 -8.44845239213454E-15 -4.84655853805448E-15
gfc   168  129  4.77056673982087E-15  3.03424239574773E-14
gfc   168  130  1.98349869419548E-14  1.05780793635718E-15
gfc   168  131 -1.37085842956167E-15 -3.19133756022571E-14
gfc   168  132 -1.16007477941251E-14 -1.09649645813110E-15
gfc   168  133 -1.52116363327372E-15 -1.00992625244283E-14
gfc   168  134  1.63977332019394E-14  4.00838594965079E-15
gfc   168  135 -6.62493903074184E-15 -1.95808071538965E-14
gfc   168  136 -2.22642893123332E-14 -2.49317296541306E-14
gfc   168  137  2.14663695523876E-14  3.34269791722958E-14
gfc   168  138  1.57817620777316E-14 -1.20664177679270E-14
gfc   168  139  1.00072454705023E-14 -6.22404213146602E-15
gfc   168  140  7.82566079822257E-15  1.50040180789905E-14
gfc   168  141  2.21753205015874E-14  9.31936933112477E-15
gfc   168  142  2.16834422454041E-14  2.07097647097880E-14
gfc   168  143 -1.82722488194980E-14  1.98233268489251E-14
gfc   168  144  9.16287753787979E-16  1.18058764178273E-15
gfc   168  145 -2.12798567772513E-14  1.15835668295997E-14
gfc   168  146 -5.57507678281264E-15  4.23604604950346E-14
gfc   168  147 -2.75160680853382E-14 -3.20021502737099E-14
gfc   168  148  8.30283169079569E-15  1.45993994417190E-14
gfc   168  149 -1.56426281521365E-14 -1.23701415751519E-14
gfc   168  150  2.01549053279116E-14  4.84021103471603E-15
gfc   168  151 -1.80947328535139E-14 -2.90230421770688E-14
gfc   168  152 -6.88536734548056E-15 -7.17216548970093E-15
gfc   168  153 -1.35567127162365E-14  4.24506949069304E-15
gfc   168  154  5.43228022356458E-14 -2.60115059859699E-14
gfc   168  155 -1.76006634700933E-14 -3.24367863081357E-15
gfc   168  156  3.34013294752392E-14 -1.12483799669719E-15
gfc   168  157 -1.10179923334673E-14  1.84083466469611E-14
gfc   168  158  1.76345605314696E-14 -5.42719422557161E-15
gfc   168  159 -6.74802433599046E-15  2.89469105382885E-14
gfc   168  160  9.59193886421072E-15 -1.25416870961610E-14
gfc   168  161 -6.91074937609788E-15  3.53974000737706E-14
gfc   168  162 -5.98379727301579E-15 -1.08479699701516E-14
gfc   168  163 -7.25355202627631E-15  9.21633643052745E-15
gfc   168  164 -2.98752354699547E-14  3.08509654145151E-15
gfc   168  165 -9.86781308451183E-15 -1.36701250527589E-14
gfc   168  166  3.88862378925836E-14 -1.91066051531515E-14
gfc   168  167 -3.53111058016441E-15  2.46112498480643E-14
gfc   168  168 -1.26375501535967E-14 -2.20183204094716E-15
gfc   169    0  2.00851499656564E-13  0.00000000000000E+00
gfc   169    1  2.80582726622928E-14 -6.84342847057166E-14
gfc   169    2  1.09784927848867E-13  1.13936627419003E-14
gfc   169    3  7.63853797759847E-14  1.10945739762688E-14
gfc   169    4  1.86209685036395E-14 -8.56254500265364E-14
gfc   169    5  3.64550588831868E-14 -1.77348325453905E-14
gfc   169    6  8.67384199311775E-14 -7.17746368263495E-14
gfc   169    7  1.30131552184473E-14 -5.14745477056628E-14
gfc   169    8  5.95585843461759E-15 -8.71913289738778E-14
gfc   169    9  4.16319477325197E-15 -6.05114785253721E-14
gfc   169   10  1.60173033237801E-14 -1.72689265689642E-14
gfc   169   11  3.68745024593124E-16 -1.14419511185089E-13
gfc   169   12  1.38183010592154E-15  1.76912776077081E-14
gfc   169   13  9.37246605404550E-14 -8.38671791721288E-14
gfc   169   14  2.00333550055613E-14 -1.23687815175614E-13
gfc   169   15  4.84175557772247E-14  8.37838909567189E-14
gfc   169   16  9.30709240909749E-14 -1.19973660337178E-13
gfc   169   17 -1.70928039929202E-14  8.81185585655629E-14
gfc   169   18  7.65519681602943E-14  1.14207565925176E-13
gfc   169   19  1.62560405931127E-13  1.07718103197523E-14
gfc   169   20 -2.68214093566368E-14 -5.58411867354683E-14
gfc   169   21  3.27063459811980E-14  9.08071069524639E-14
gfc   169   22  2.22977884016954E-13  6.34562215403524E-14
gfc   169   23 -8.07441207767128E-14  5.08919281807328E-14
gfc   169   24  1.19144592594072E-13  2.27454039910513E-13
gfc   169   25  1.99864555579460E-13  1.71150636520291E-13
gfc   169   26 -7.45710808074056E-14 -6.29410338594978E-15
gfc   169   27 -1.14434729667083E-13  1.54807890551614E-13
gfc   169   28  1.09580223047996E-13  1.53317950312283E-13
gfc   169   29 -9.70981622894255E-14 -7.36204176375932E-15
gfc   169   30 -2.60305885836225E-14  1.53222501066798E-13
gfc   169   31  1.15790588682764E-13  1.87354894746020E-13
gfc   169   32  1.64078279722322E-13 -2.32696571890609E-15
gfc   169   33 -3.93861781508039E-14 -7.91197819751430E-14
gfc   169   34  7.80622152679035E-14  1.67282711301053E-13
gfc   169   35  1.90569603321979E-13  1.06427570344509E-13
gfc   169   36  1.49607988535320E-13 -2.08950135889761E-13
gfc   169   37  6.84679910848836E-14 -6.64319187669834E-14
gfc   169   38  1.59856886118695E-14  2.60993518071456E-14
gfc   169   39  1.05600113239129E-13 -1.26229087195476E-13
gfc   169   40  2.17437590198585E-14 -2.59598019243471E-13
gfc   169   41 -4.36825128502068E-14 -1.49231744091718E-13
gfc   169   42 -2.15960654614398E-13  1.45845382942798E-13
gfc   169   43 -4.63914572572167E-14  2.24799834527187E-13
gfc   169   44  1.71583776887286E-13  2.63947585651935E-13
gfc   169   45  1.89618427585505E-13  4.19479243520071E-14
gfc   169   46  1.34502927813396E-13 -8.01050528624137E-14
gfc   169   47 -7.17798879542935E-14 -1.45255071448361E-13
gfc   169   48 -1.08117105588153E-13 -3.85100902820959E-14
gfc   169   49 -1.09981495367721E-13  5.63014046723440E-15
gfc   169   50 -7.50631356799364E-14 -5.99675450047084E-14
gfc   169   51 -1.48645863444055E-13 -1.12269622765789E-13
gfc   169   52 -2.01409788267393E-13 -6.66773919805571E-14
gfc   169   53 -1.38747890194274E-13  3.20789447085722E-14
gfc   169   54 -1.02034982566325E-13  3.71606605088234E-14
gfc   169   55 -1.95438118242926E-14 -5.98232156218023E-14
gfc   169   56 -9.64018001967813E-14  4.72169994355386E-14
gfc   169   57 -1.40354620973061E-13  8.17379604407336E-14
gfc   169   58 -7.24605675974253E-16  1.62356595689404E-13
gfc   169   59  1.42601835496590E-13 -6.30008634389393E-15
gfc   169   60  6.76258862842782E-14 -1.55856813026322E-13
gfc   169   61 -1.58482124794055E-13 -3.11268641538757E-13
gfc   169   62 -2.36228501568031E-13 -4.58146468567729E-14
gfc   169   63 -2.93401857979355E-13  1.22994399307027E-13
gfc   169   64 -3.14397133864043E-14  1.97646607627227E-13
gfc   169   65  2.63896699371975E-14  1.47026740663560E-13
gfc   169   66  9.98273548639813E-14 -4.91132023380018E-14
gfc   169   67 -1.04543844659913E-13 -7.39804432889937E-14
gfc   169   68 -4.28649939123819E-14 -6.54443609183083E-15
gfc   169   69 -9.95375162919487E-14  7.54548262499168E-14
gfc   169   70  2.32951140372188E-14  6.15157102451971E-14
gfc   169   71 -1.10400039267185E-14  1.04183500042893E-13
gfc   169   72  9.20892314706760E-14  9.18744834398782E-15
gfc   169   73  1.93235056083931E-14  2.88208681885796E-14
gfc   169   74  6.08913106734282E-14 -3.06110050593563E-14
gfc   169   75  8.13451958211203E-15 -1.75878265328531E-14
gfc   169   76  1.10421024768976E-13 -9.16748270104447E-14
gfc   169   77 -5.43358463233379E-14 -9.68648213053412E-14
gfc   169   78 -3.86334300084843E-14 -5.29158330958023E-14
gfc   169   79 -1.32882891338616E-13  2.94235514339877E-14
gfc   169   80  3.99732521056113E-14  1.28206085684369E-13
gfc   169   81 -4.26200511388186E-14 -6.73625011273432E-14
gfc   169   82 -1.56962124185364E-14  7.09113330772282E-14
gfc   169   83  7.44298479049048E-14  6.02001112296384E-15
gfc   169   84  1.88237887690359E-14 -6.14687585199395E-14
gfc   169   85 -3.48945396081803E-14 -1.17402796126061E-15
gfc   169   86 -1.35704006819566E-15  6.86916241824164E-15
gfc   169   87 -3.19980072808775E-14 -1.08263518189519E-14
gfc   169   88 -2.71664355537349E-14  1.62784972523595E-14
gfc   169   89  3.29824342287940E-14  1.99334628873222E-14
gfc   169   90 -7.85694409743812E-15 -1.84507161738290E-14
gfc   169   91  2.11861880693740E-14  8.00627464405656E-15
gfc   169   92  2.66798939346961E-15 -4.16525450704327E-14
gfc   169   93 -1.28924470758035E-14 -2.85586560212904E-14
gfc   169   94 -5.30923810457571E-15 -1.32247677983073E-14
gfc   169   95  3.60335172598813E-14 -1.48822344888003E-14
gfc   169   96 -1.64806987202935E-14  1.45083766360135E-14
gfc   169   97 -6.36021381593189E-15 -6.75807992610816E-15
gfc   169   98 -2.04357319722152E-14 -3.94911288756910E-14
gfc   169   99  1.09988398862166E-14  2.32131656179976E-14
gfc   169  100  6.59921495155464E-15  1.17975723898422E-14
gfc   169  101  5.53478396711578E-15 -1.43052654616520E-14
gfc   169  102  3.18789270101069E-16  1.68080756193729E-14
gfc   169  103  7.94817099326869E-16 -9.89809201670330E-15
gfc   169  104  2.86500566562819E-14  8.85250851662693E-15
gfc   169  105 -5.64490958408858E-15  5.23721818093011E-15
gfc   169  106  1.94541326942831E-14 -4.47205202704931E-14
gfc   169  107 -4.46456592783989E-15  3.97694848757459E-14
gfc   169  108 -1.69241088214283E-14  6.73939989022138E-15
gfc   169  109 -3.41505905599385E-15 -5.65539195156376E-14
gfc   169  110  4.49637215592123E-14  2.16527623976290E-14
gfc   169  111 -3.69924475434276E-14  3.24315648724540E-14
gfc   169  112 -5.88913682030280E-14 -6.82759140023988E-14
gfc   169  113  2.50347952052108E-14  1.08214167642737E-14
gfc   169  114 -1.03051004696036E-14  3.48176041865781E-14
gfc   169  115 -2.27699809642515E-14  1.09620459839925E-14
gfc   169  116 -1.19841511421460E-14 -2.45698553923576E-14
gfc   169  117  8.06191270518637E-15  9.17534825897798E-15
gfc   169  118 -5.11603703303652E-15 -3.51896590853937E-14
gfc   169  119  2.97460024855725E-14  2.66058257383144E-15
gfc   169  120 -3.46520939552157E-14  1.63282839501379E-14
gfc   169  121 -2.43917830074238E-14 -1.39982280907487E-15
gfc   169  122  3.14089631653269E-14 -1.92083864128896E-14
gfc   169  123 -5.54475035931214E-15 -3.05030161562034E-14
gfc   169  124  4.53750816954198E-15 -2.66107691802605E-14
gfc   169  125 -1.94224711256738E-14  4.27896443571891E-14
gfc   169  126  1.61612503604560E-14 -2.92050251215870E-14
gfc   169  127  8.82402781051288E-15 -2.42203519382092E-14
gfc   169  128 -2.39196042358973E-15  2.17797924889169E-14
gfc   169  129 -1.24697395748302E-14  1.51276466473546E-14
gfc   169  130  4.15235767817413E-14 -1.71591347975126E-14
gfc   169  131 -1.09507507672414E-14 -2.01896256213224E-14
gfc   169  132 -5.94851785935336E-15 -1.99917045393988E-14
gfc   169  133 -2.38778252765895E-15  1.78376148557493E-14
gfc   169  134 -3.10296703943878E-14 -1.79851734587863E-14
gfc   169  135  1.60903987906753E-14 -1.42039234686880E-14
gfc   169  136 -2.08536508219986E-15  1.36569922545596E-14
gfc   169  137 -1.60932602717666E-14 -4.67923273530713E-15
gfc   169  138  1.92672882604814E-14 -2.99714782458358E-14
gfc   169  139 -5.03717864370740E-16  2.23386504044459E-14
gfc   169  140  4.88551780023092E-15  8.02744967569046E-15
gfc   169  141  1.00378854018587E-14 -9.32714868218363E-15
gfc   169  142 -6.41444277409318E-15  1.67696593487180E-14
gfc   169  143 -2.05962545802634E-14  9.65849838192406E-15
gfc   169  144 -4.59111565242680E-15 -4.40464029024108E-16
gfc   169  145  1.66009174650203E-15  4.67434682067188E-15
gfc   169  146 -1.49811467195065E-14  1.71385027947974E-14
gfc   169  147 -2.24683391381353E-14 -1.48085782341711E-14
gfc   169  148  1.10843439074349E-14 -3.35451191366004E-14
gfc   169  149  4.71332368050567E-15  1.42470455089991E-14
gfc   169  150 -2.65191530425401E-15 -1.32253090999838E-14
gfc   169  151  5.90005805198515E-15  2.25819810637278E-14
gfc   169  152  6.53844485746524E-16 -1.85482029630971E-14
gfc   169  153 -9.46447958954270E-15  2.31402525069985E-14
gfc   169  154  1.65434049856203E-14 -9.27549069008046E-15
gfc   169  155  3.52466634531914E-14  3.21169197530901E-14
gfc   169  156 -1.72706277579868E-14 -3.54582766037790E-15
gfc   169  157  6.42408004808718E-15 -2.11853276789911E-15
gfc   169  158 -2.29800260824471E-14  1.25072420272947E-14
gfc   169  159  1.44742732194730E-14  9.48039831351610E-15
gfc   169  160 -1.04593429906333E-14 -3.32737317931267E-16
gfc   169  161  1.06431735578976E-14  1.55777736404794E-14
gfc   169  162 -3.44938468052872E-14  9.81099790520433E-15
gfc   169  163  9.28877604380592E-15 -9.21381843976970E-15
gfc   169  164 -8.39073407319804E-15 -1.23691106195084E-14
gfc   169  165 -1.47707185961406E-14 -1.42248267013339E-14
gfc   169  166  1.25607092585859E-14 -5.66195294276757E-15
gfc   169  167  1.51140684151344E-14  8.26589250927192E-15
gfc   169  168 -1.10175200610872E-14  3.22037127784514E-15
gfc   169  169  1.44353244333168E-15 -6.42152628934273E-15
gfc   170    0 -8.96296385257955E-14  0.00000000000000E+00
gfc   170    1  2.90866521404688E-14 -6.77013518674297E-14
gfc   170    2 -1.62403766970872E-13  1.39374042542878E-13
gfc   170    3 -4.39128208491310E-14  4.47404320942106E-14
gfc   170    4 -9.56295575531848E-14  8.38375560298958E-15
gfc   170    5 -1.01214479493639E-13  8.09108748051256E-14
gfc   170    6 -1.82770630041440E-14 -4.59140458123324E-15
gfc   170    7 -1.79539126107206E-14  5.30998452212046E-14
gfc   170    8  9.18621516004562E-15  1.16024222313377E-14
gfc   170    9 -6.28468897576718E-14  5.61238148677810E-15
gfc   170   10  1.12406823438621E-13  2.76893301446835E-14
gfc   170   11 -1.62453252469338E-14 -3.18027933323238E-14
gfc   170   12  4.98428297380761E-15 -3.41850351083795E-16
gfc   170   13  1.20486195649013E-13 -5.24553808187929E-14
gfc   170   14 -2.29153440504733E-14 -7.90564135279180E-14
gfc   170   15  8.44003120405965E-15  2.80445743660316E-14
gfc   170   16  1.42978216129676E-13  4.06683544502479E-14
gfc   170   17 -1.65747579974370E-14  5.38955589575989E-14
gfc   170   18  1.28255174186017E-13  2.06925614118245E-13
gfc   170   19  1.58011113494791E-13  3.86175438055409E-14
gfc   170   20 -2.32352110066105E-14 -5.60576159041206E-14
gfc   170   21 -1.22319943426286E-14  1.56316175184741E-13
gfc   170   22  1.30590980175709E-13  5.01759607490509E-14
gfc   170   23  7.57452344436502E-14 -3.85898075908844E-14
gfc   170   24  8.57909910638415E-14  2.48387885347654E-13
gfc   170   25  2.15967057250128E-13  4.60108475402626E-14
gfc   170   26  9.81666902602095E-14 -6.21761699109278E-14
gfc   170   27 -4.07292631455167E-14  2.34279066091174E-13
gfc   170   28  9.45422355910204E-14  1.80241498039490E-13
gfc   170   29  1.22752477983399E-13  8.76956007250926E-14
gfc   170   30 -1.57405717758738E-13  1.80824844159548E-13
gfc   170   31  6.36115132866660E-14  2.05760332598769E-13
gfc   170   32  8.25312672034557E-14  3.13220317033044E-14
gfc   170   33 -5.65905231040199E-14 -1.02100585294343E-13
gfc   170   34 -5.47399827094947E-14  6.84086720044989E-14
gfc   170   35  2.76894648246100E-13 -5.15851820416104E-14
gfc   170   36  2.32242191535311E-13 -1.89659506798448E-13
gfc   170   37 -2.80138621704263E-15 -1.61437087807351E-13
gfc   170   38  1.36431791611400E-13 -6.23853454822996E-14
gfc   170   39  2.24851669295055E-13 -3.66610127763730E-14
gfc   170   40  4.02118816533287E-14 -1.20256759025369E-13
gfc   170   41 -2.26668842738677E-13 -7.27942598661756E-14
gfc   170   42 -1.89685777420425E-13 -2.70636726785639E-14
gfc   170   43 -2.97306435411692E-14  2.84058353737414E-13
gfc   170   44  1.46387576898636E-13  2.24459656870905E-13
gfc   170   45  2.39378248459264E-13  6.33597010443514E-14
gfc   170   46  9.29343996947466E-14 -1.13169480060098E-13
gfc   170   47 -5.89151667093688E-14 -1.01562357535357E-13
gfc   170   48 -1.46793449983024E-13 -6.10554142980132E-14
gfc   170   49 -1.08390849864656E-13  4.45726788899298E-14
gfc   170   50 -4.57780066393241E-14 -6.45007340707981E-15
gfc   170   51 -8.92605245800564E-14 -4.91854640587559E-14
gfc   170   52 -2.26367595062053E-13 -5.67792418691517E-14
gfc   170   53 -1.54249033298262E-13  6.14423558067250E-14
gfc   170   54 -9.25196645756571E-14  7.18308074887698E-14
gfc   170   55 -6.03565737275310E-14 -2.60534398877119E-14
gfc   170   56 -1.44969378818384E-13  1.09848326355398E-14
gfc   170   57 -7.98258595050796E-14  6.69718447188108E-14
gfc   170   58  1.16504070557368E-14  1.94976003971655E-13
gfc   170   59  1.02806148075861E-13 -7.22199269222525E-14
gfc   170   60  6.72069989661650E-14 -9.86616079207730E-14
gfc   170   61 -1.46137302185014E-13 -2.27262697482197E-13
gfc   170   62 -2.54649786115001E-13 -5.46618205784743E-14
gfc   170   63 -2.48788034701492E-13  8.40766587150467E-14
gfc   170   64 -5.81059927978769E-14  2.68056388486738E-13
gfc   170   65  5.68213211668972E-14  1.01441879909403E-13
gfc   170   66  1.32651797029894E-13  2.85290564558803E-14
gfc   170   67 -7.35908708077503E-14 -7.92850472115563E-14
gfc   170   68 -3.10709243915120E-14 -2.22274275073010E-14
gfc   170   69 -1.38245621147073E-13  5.40257840055706E-14
gfc   170   70  9.25997878465378E-15  7.75376659376067E-14
gfc   170   71  6.06225567626816E-15  8.02541449596503E-14
gfc   170   72  1.33342575734171E-13  9.78964239191290E-15
gfc   170   73  2.34924218718031E-14 -3.74302121014111E-15
gfc   170   74  8.94971804618692E-14 -4.02571690537684E-14
gfc   170   75 -4.11307482201545E-14 -9.73002574191459E-15
gfc   170   76  9.61875429164440E-14 -8.20584452988624E-14
gfc   170   77 -7.23643269307092E-14 -1.08935439174047E-13
gfc   170   78 -4.44594736241308E-14 -3.81312911300869E-14
gfc   170   79 -1.08765068472789E-13  9.20478203696722E-15
gfc   170   80  4.41897967190426E-14  1.26793339896871E-13
gfc   170   81 -2.66680948169592E-14 -2.01373498426669E-14
gfc   170   82 -1.80830061616725E-14  9.03812887964626E-14
gfc   170   83  1.07183918413825E-13 -3.03704550986711E-15
gfc   170   84 -2.06863270529541E-14 -8.07392648231286E-14
gfc   170   85 -2.09658204920238E-14 -1.22309938530564E-14
gfc   170   86  7.99823980403751E-15  3.03368251707719E-14
gfc   170   87 -7.66007164836792E-15 -4.23082318413850E-15
gfc   170   88 -2.34942302742107E-14  3.42947506260930E-14
gfc   170   89 -8.74207480802973E-15 -1.79439440258093E-14
gfc   170   90  2.54757929873076E-16 -4.14457587445890E-14
gfc   170   91  3.08337544441845E-14 -6.58083601893211E-15
gfc   170   92  6.06769893675704E-14 -4.16286365888394E-14
gfc   170   93  2.57587881274159E-15  7.77922243701899E-15
gfc   170   94 -3.34897024167169E-14  1.44380276934071E-14
gfc   170   95  1.13254076622011E-14 -2.40087132592287E-15
gfc   170   96 -3.51032861579532E-15  9.89442549161026E-15
gfc   170   97  1.89761145268952E-14 -2.52526482151000E-14
gfc   170   98  6.44193904498748E-15  2.08404990140826E-15
gfc   170   99 -5.64571671819872E-14  2.63290369991633E-14
gfc   170  100  9.25842849964872E-15  2.36601188544177E-14
gfc   170  101 -7.86980579074899E-15 -2.84659281078043E-15
gfc   170  102  2.19052587335659E-14  5.04756779101891E-15
gfc   170  103  9.72764791454982E-15 -1.66638679026877E-14
gfc   170  104 -1.27393661616696E-14 -1.44471229160986E-14
gfc   170  105  2.83807694661041E-14 -5.87418877757353E-15
gfc   170  106 -4.03788421851438E-15  3.82857334753185E-14
gfc   170  107 -2.49381145167823E-14 -2.66985377369082E-14
gfc   170  108  6.02084694436013E-14 -1.31072460297562E-14
gfc   170  109 -2.49705671134458E-14  2.55563288835322E-14
gfc   170  110 -5.58142613858785E-14 -4.40890997495973E-14
gfc   170  111  4.40034252293449E-14 -2.65295779498533E-14
gfc   170  112 -1.09583933308793E-14  1.65369438777106E-14
gfc   170  113 -5.65171595257035E-14  7.84166199385182E-15
gfc   170  114  9.14352688862069E-15 -4.00537281055846E-14
gfc   170  115  2.57492378335957E-14  4.74168655339277E-14
gfc   170  116 -3.80941774525712E-14  8.39139206146320E-15
gfc   170  117  8.73547822315009E-15 -3.47967178364009E-14
gfc   170  118  1.54665183341313E-14 -3.36366681583774E-14
gfc   170  119  3.27823718390939E-14  6.97948568581201E-15
gfc   170  120 -7.79766364191897E-15  1.34929154026057E-14
gfc   170  121 -1.45830097286306E-14  1.97259270329279E-14
gfc   170  122  3.43458437751334E-15 -3.67404315631142E-15
gfc   170  123  2.79252037019075E-15 -1.59504506225015E-14
gfc   170  124  3.87631743829027E-15 -3.09679293836674E-14
gfc   170  125  2.64060354126985E-14  3.20744050937775E-14
gfc   170  126  5.20433038250593E-16 -6.39875761409141E-15
gfc   170  127  1.57654052365418E-14 -1.38930090584269E-14
gfc   170  128 -1.08118810575570E-14  2.64723605004913E-14
gfc   170  129  1.42336306569373E-14 -3.59569118122202E-15
gfc   170  130  1.33390054857413E-14 -1.33038824443154E-14
gfc   170  131 -8.28884897361141E-16 -1.12726331016358E-14
gfc   170  132 -1.84555029545117E-14  2.16614078145800E-14
gfc   170  133  2.09448384016689E-14 -4.11081190514007E-15
gfc   170  134 -3.39903678016584E-15 -4.22982263078378E-15
gfc   170  135  1.48452887433621E-16  1.02504030413813E-14
gfc   170  136 -1.75046084365726E-14 -8.35066235613613E-15
gfc   170  137  3.34962603596263E-14  8.52383391719681E-15
gfc   170  138  6.85151680477383E-15 -2.67836369540990E-14
gfc   170  139 -1.72202364987556E-14 -1.43314512785491E-14
gfc   170  140 -5.36598267326881E-15  2.60895918779994E-14
gfc   170  141  1.54569908201966E-14 -1.08724711274094E-14
gfc   170  142  1.23390469366263E-14 -1.49274438587008E-14
gfc   170  143 -2.20753327440501E-14  2.28218961934401E-14
gfc   170  144 -1.79472678897165E-14 -8.88469821596347E-15
gfc   170  145  1.48550712690363E-14  6.97868468837614E-15
gfc   170  146  1.23749080570523E-14  2.79786067663617E-15
gfc   170  147 -1.51312496891159E-14 -6.37046738979408E-15
gfc   170  148  7.67113237815627E-16 -3.30837786712027E-14
gfc   170  149  2.03646034245158E-14  2.55562810436058E-14
gfc   170  150  1.45966026971556E-15 -1.20073807006532E-14
gfc   170  151  6.79480646770474E-15  1.07137677204263E-14
gfc   170  152  2.58918384460713E-15 -5.51167839307081E-15
gfc   170  153  1.26841862745885E-14  1.94940638094655E-14
gfc   170  154  8.23332826772853E-17 -3.10109162143440E-15
gfc   170  155  6.34297832522645E-15  6.73754523970958E-15
gfc   170  156 -4.95985912788100E-15  2.91628902786760E-14
gfc   170  157 -1.80077403874346E-14 -6.38381573611514E-15
gfc   170  158 -3.13992701380984E-14 -4.45004331405285E-15
gfc   170  159  1.12887322236770E-14 -2.83038216973333E-15
gfc   170  160  1.64099408967717E-15 -1.29407127708833E-14
gfc   170  161 -2.66026361326676E-15 -6.19350891995758E-15
gfc   170  162 -2.38699073999689E-15  1.31065897400857E-14
gfc   170  163 -3.11534948962408E-15 -2.79496082172769E-14
gfc   170  164  9.12686017653425E-15 -9.20356805361937E-16
gfc   170  165  1.03630236871932E-14 -2.29496501516966E-14
gfc   170  166  9.08228432702719E-15 -3.20686899778002E-15
gfc   170  167  3.20573125435119E-15  1.97461303259035E-14
gfc   170  168 -6.69862272891495E-15 -6.19433208282880E-16
gfc   170  169  3.94977971674967E-15 -3.17575645398128E-16
gfc   170  170  3.55012717851300E-15  1.04962413869334E-14
gfc   171    0  1.64112988097953E-13  0.00000000000000E+00
gfc   171    1  9.20397668290192E-14  3.22839244629644E-14
gfc   171    2  9.41864849865929E-14 -1.73764108479854E-15
gfc   171    3  1.25977273697674E-13  8.76316226383514E-14
gfc   171    4  4.01253973367651E-14 -7.52661953390731E-15
gfc   171    5  1.50566364303793E-14 -1.14431529156697E-14
gfc   171    6  9.96621043903885E-14 -3.74687094365533E-14
gfc   171    7  2.48409430835417E-14 -2.14492100415558E-14
gfc   171    8  1.16346795075978E-14 -8.48201466001103E-14
gfc   171    9  3.01359266467942E-15 -7.64921132394111E-14
gfc   171   10 -1.74587888457415E-14  3.44817109080204E-14
gfc   171   11  5.13119750400020E-14 -1.56601528651602E-13
gfc   171   12 -4.05959595558472E-14  2.24966797072499E-14
gfc   171   13  1.06417550842500E-13 -7.96493220707434E-14
gfc   171   14  1.62980351058597E-14 -1.76260113780372E-13
gfc   171   15  5.18450004779140E-14  3.46641441181662E-14
gfc   171   16  1.31413440211513E-13 -5.14788267645471E-14
gfc   171   17  1.28431277673991E-13 -2.25085716440351E-14
gfc   171   18  7.06513055609557E-14  1.31654186285080E-13
gfc   171   19  2.53104033690505E-13 -2.77844785689213E-15
gfc   171   20 -7.20588425286335E-15 -9.12161492710652E-14
gfc   171   21 -1.97452294610692E-14  4.20886751641994E-14
gfc   171   22  1.96452293221448E-13  9.57015617614153E-14
gfc   171   23  4.81569711407378E-14 -1.49199898228285E-14
gfc   171   24  3.67870222065929E-14  1.26452399467543E-13
gfc   171   25  2.61248707781630E-13  1.67399481154643E-13
gfc   171   26  1.75014850130400E-14 -2.07611289954942E-14
gfc   171   27 -7.13666913292599E-14  1.36164646404594E-13
gfc   171   28  1.75847134452029E-13  1.88321210873127E-13
gfc   171   29  8.66487127785308E-14  4.08868241016536E-14
gfc   171   30 -2.02834682340123E-14  5.64339011385756E-14
gfc   171   31  7.10180392199577E-14  2.59903428755057E-13
gfc   171   32  1.40743641071681E-13  8.43263051529566E-14
gfc   171   33 -1.00334754269017E-14 -4.70411824836890E-14
gfc   171   34 -1.97904522640370E-14  6.40321993205378E-14
gfc   171   35  1.07629548529796E-13  1.20982187457706E-13
gfc   171   36  1.31982694016376E-13 -2.44979668889390E-13
gfc   171   37  1.20488935124420E-14 -1.74075504816860E-13
gfc   171   38  3.71380226612259E-14 -5.18172247848667E-14
gfc   171   39  4.99344762469642E-14 -1.51555671110341E-13
gfc   171   40  2.20140175870682E-14 -3.39423283468700E-13
gfc   171   41 -7.12754974430630E-14 -1.20520904560885E-13
gfc   171   42 -1.63141246011848E-13  1.54257821622059E-13
gfc   171   43  5.14265505626017E-15  2.34245072616183E-13
gfc   171   44  1.84941814783431E-13  2.02730779093810E-13
gfc   171   45  1.99445842225847E-13  6.26793701912654E-14
gfc   171   46  1.19517183575598E-13 -7.86746853971243E-14
gfc   171   47 -5.55419194340124E-14 -1.00191494085060E-13
gfc   171   48 -1.61035861466145E-13 -6.74102972192578E-14
gfc   171   49 -1.49757440891865E-13  6.32313334374215E-14
gfc   171   50 -8.12867430117261E-14 -2.78829690831744E-14
gfc   171   51 -7.86979173038865E-14 -4.45553599559099E-14
gfc   171   52 -1.80649280815109E-13 -3.60140204153294E-14
gfc   171   53 -1.10103960090097E-13  1.30421710974028E-13
gfc   171   54 -1.23942199320073E-13  5.01717561707897E-14
gfc   171   55 -2.99837772437894E-14  5.63059925797330E-14
gfc   171   56 -1.35453780214864E-13  5.81614608280300E-14
gfc   171   57 -5.36032896005583E-14  1.05299785204196E-13
gfc   171   58 -1.78082699313829E-14  8.34006690490147E-14
gfc   171   59  1.20312450811952E-13 -2.95934284926889E-14
gfc   171   60  3.12643224819773E-14 -7.60306539870849E-14
gfc   171   61 -7.16550371877546E-14 -1.80519171014197E-13
gfc   171   62 -1.88474613532734E-13 -2.73997333368957E-14
gfc   171   63 -2.46290432683075E-13  1.04679906174397E-13
gfc   171   64 -9.16580459235753E-14  2.43071805000764E-13
gfc   171   65  4.94236383704954E-14  1.63707406080939E-13
gfc   171   66  1.56940803027120E-13  3.57522317683395E-15
gfc   171   67 -2.27080069143998E-14 -1.00338731440846E-13
gfc   171   68 -2.44364844233352E-14 -2.13696971298919E-14
gfc   171   69 -9.51238592412090E-14  4.94011611658074E-14
gfc   171   70 -5.69919305744796E-15  1.05551372321961E-13
gfc   171   71  5.34360659901988E-15  9.75141451444210E-14
gfc   171   72  1.17485756030604E-13  1.85813676605833E-14
gfc   171   73  6.22303501976491E-15 -6.05527696525238E-14
gfc   171   74  8.55689224478348E-14 -3.95158967159113E-14
gfc   171   75 -2.57538083601907E-14 -5.15303727122980E-14
gfc   171   76  7.21546684287078E-14 -3.46476222889579E-14
gfc   171   77 -8.47777527060180E-14 -1.06362721793211E-13
gfc   171   78 -6.10724175810466E-14  2.87760472925534E-14
gfc   171   79 -1.08437167969204E-13  7.49954054769876E-15
gfc   171   80  2.22553801968188E-14  8.90377681124319E-14
gfc   171   81 -2.33908084828575E-14 -1.05345920516822E-14
gfc   171   82  6.09205852055892E-17  8.40807869835756E-14
gfc   171   83  1.39190282683088E-13 -3.05200621843911E-15
gfc   171   84 -1.34170096463497E-14 -7.48925107746328E-14
gfc   171   85 -3.81963010117508E-14  9.41370338059718E-15
gfc   171   86 -1.61918115467353E-14 -3.82521619448368E-15
gfc   171   87 -3.36520615815038E-15 -2.01514250412248E-14
gfc   171   88 -1.58372677950995E-14  1.08888641926938E-14
gfc   171   89  4.36588154157094E-14 -4.57507789146812E-15
gfc   171   90 -2.37311057791550E-14 -2.37841935139239E-14
gfc   171   91  1.67167548830691E-15  5.83780647685042E-15
gfc   171   92  8.55850380675913E-15 -7.84873534005055E-15
gfc   171   93  1.12486853071834E-14 -1.88152566893283E-14
gfc   171   94  1.68767169659179E-14  2.65957328531716E-14
gfc   171   95  6.28380518037786E-15  3.29731516689659E-17
gfc   171   96  8.75107580692703E-16  2.48834934802267E-14
gfc   171   97 -2.80745131878077E-14  7.86999843655784E-16
gfc   171   98 -6.20633926606486E-15 -2.28427321353946E-14
gfc   171   99 -1.81043531311433E-14 -3.27432436606871E-15
gfc   171  100 -1.19460630185607E-14  4.37541004758754E-14
gfc   171  101 -9.35904255191240E-15 -2.60404401658929E-14
gfc   171  102  9.88142366958450E-15  1.20690942504336E-14
gfc   171  103  1.22243134536486E-14 -2.16689845998630E-14
gfc   171  104  2.24102800631744E-15 -2.08462372247205E-14
gfc   171  105 -1.44498091664196E-14  4.90193488695490E-15
gfc   171  106  8.45082221685675E-15 -4.59765790625285E-15
gfc   171  107  1.63052770931607E-14  4.22388353540455E-14
gfc   171  108 -7.39088783479111E-15  1.17986061086962E-16
gfc   171  109  9.02322739786491E-15 -5.80990966166801E-14
gfc   171  110  3.46580439611490E-15  1.28641486701283E-14
gfc   171  111 -4.07205374368436E-14  1.51223796218355E-14
gfc   171  112 -3.28940483704783E-14 -4.37516046084895E-14
gfc   171  113  3.70507086220769E-14 -7.08294531777063E-15
gfc   171  114 -1.68223614481766E-14  5.67926300471163E-14
gfc   171  115 -3.20472600185925E-14 -3.78721797583635E-14
gfc   171  116  1.61828674401072E-14 -2.35960690954483E-14
gfc   171  117  2.74677455057215E-14 -7.35923312112914E-15
gfc   171  118 -1.59042606283970E-14  3.67483736145935E-15
gfc   171  119  1.97873943471946E-15 -1.46284899714585E-14
gfc   171  120  2.92589329735618E-15  2.45420649394249E-14
gfc   171  121 -1.04197829702044E-14 -1.73957620808978E-14
gfc   171  122  5.20123857453477E-14  1.24829612236606E-14
gfc   171  123  1.03421122570754E-14  2.30181430742984E-14
gfc   171  124 -3.34443923015636E-14 -1.04427744598126E-15
gfc   171  125  9.52965380977747E-15  6.82435247772165E-15
gfc   171  126  2.63402998267572E-14  4.82731292420915E-15
gfc   171  127  1.42808187457831E-14 -1.17949233882996E-14
gfc   171  128 -2.02493698123056E-14  3.17755321715540E-14
gfc   171  129 -2.16176900314592E-14 -1.04315709848661E-15
gfc   171  130  1.42760280805231E-14 -4.86736361341673E-14
gfc   171  131  1.52649206002055E-14 -4.09068778022490E-15
gfc   171  132 -3.96969261331453E-14  1.81143421229045E-14
gfc   171  133  1.41703353505469E-14  7.90828940368563E-15
gfc   171  134  1.05219049048531E-16 -1.85127121476839E-14
gfc   171  135  1.35756520763415E-14 -5.59092023154052E-15
gfc   171  136 -1.04535396108269E-14  1.10420390222412E-14
gfc   171  137 -1.91672280815771E-14 -6.00591677280494E-15
gfc   171  138  4.63868956184226E-14 -3.34760503306572E-14
gfc   171  139 -1.11671868810258E-14  5.51478823595169E-15
gfc   171  140 -2.16812288694139E-14  1.75839277478580E-14
gfc   171  141  1.15605264717237E-14 -2.13855203173302E-14
gfc   171  142  1.37739300429679E-14  1.20936886342522E-14
gfc   171  143 -3.64513753060047E-15  1.02490924768274E-14
gfc   171  144 -1.27877482081753E-14  2.29815333902974E-15
gfc   171  145  1.84577571134792E-15 -1.00860594382530E-14
gfc   171  146 -3.99938316327787E-15  2.43152166503395E-14
gfc   171  147  8.57977662669326E-15 -1.42445867799235E-14
gfc   171  148 -1.11050424260845E-14 -1.82956095696742E-14
gfc   171  149  1.30059869982884E-14 -7.12498061100805E-16
gfc   171  150 -1.81421609370344E-14  3.51732898928545E-14
gfc   171  151  1.92316445852901E-15 -1.55005871868344E-14
gfc   171  152 -1.23000597798147E-14  8.44032787007533E-15
gfc   171  153  2.39427315279816E-14 -8.22053980015227E-15
gfc   171  154  6.07853311284459E-16  1.76082141286662E-14
gfc   171  155  3.84418351801235E-15 -2.06420193071240E-14
gfc   171  156 -2.03925097738213E-14  2.20592613776563E-14
gfc   171  157  1.73067478038401E-15 -4.39261366999962E-15
gfc   171  158 -3.50253307638323E-16  5.57696986453143E-16
gfc   171  159 -1.90333818074288E-14 -1.40596756871835E-14
gfc   171  160  1.78589766767529E-14 -1.01474929978556E-14
gfc   171  161  3.92095249651104E-15 -1.22916298533012E-14
gfc   171  162  3.16472691073901E-15  9.15637707096506E-15
gfc   171  163  9.74622118324760E-15 -1.02693170330820E-14
gfc   171  164  1.49777962565507E-14 -8.58279977238300E-15
gfc   171  165  1.05894833981488E-15  1.07174358936656E-14
gfc   171  166  2.28350147788779E-14 -9.26046847820159E-15
gfc   171  167 -3.60996998952855E-15  2.34007248576017E-15
gfc   171  168 -2.31310667167849E-14  1.14008181901374E-14
gfc   171  169  1.17902288931384E-14  2.03698838630110E-15
gfc   171  170  2.38578581561902E-15  9.73645936231680E-15
gfc   171  171 -4.74985886821688E-15  1.23825987154033E-14
gfc   172    0 -6.86653067715440E-14  0.00000000000000E+00
gfc   172    1  4.50494293242581E-14 -1.49823132097401E-13
gfc   172    2 -1.22976860017893E-13  4.91194938610663E-14
gfc   172    3 -2.13872955436251E-14 -2.05002839289279E-14
gfc   172    4 -5.80947652304225E-14  2.79308866468605E-14
gfc   172    5 -6.58807774335916E-14 -3.80340968259458E-15
gfc   172    6 -5.64136122674750E-14 -9.85725642438032E-15
gfc   172    7 -1.48853525331326E-14  3.47978220290101E-14
gfc   172    8 -3.36138907393639E-14 -1.33706794241043E-15
gfc   172    9 -6.74769240461862E-14  5.85707294889861E-14
gfc   172   10  9.42628274652410E-15  5.36644175239271E-14
gfc   172   11  4.73109929963606E-14  5.94183783358997E-15
gfc   172   12 -1.03028253528047E-13 -2.51030547590685E-14
gfc   172   13  5.30534498817507E-14 -8.35408770598988E-15
gfc   172   14 -3.14263589376313E-14 -1.38577593686216E-13
gfc   172   15 -9.63728169717542E-14 -2.88549165040563E-14
gfc   172   16  1.73573469755739E-13  1.10786113189572E-14
gfc   172   17  2.81213908798101E-14 -7.72438804340329E-14
gfc   172   18  1.18461247552470E-13  1.03203779004563E-13
gfc   172   19  1.60323550734714E-13  6.02739330148757E-14
gfc   172   20  3.76366762479245E-14 -7.60789496874161E-14
gfc   172   21 -2.87155839266676E-14  9.36397471667831E-14
gfc   172   22  1.32539515438833E-13  1.03407519810483E-13
gfc   172   23  1.76351040425061E-13 -1.53409717489818E-13
gfc   172   24  5.82839721140476E-14  1.22062139419247E-13
gfc   172   25  1.98026225953445E-13  8.06162126383729E-14
gfc   172   26  1.92030442696874E-13 -3.59435119429845E-14
gfc   172   27  1.36621128562970E-14  1.97244702459686E-13
gfc   172   28  1.35214979519026E-13  1.97770087763979E-13
gfc   172   29  2.00408583673935E-13  3.43590620264319E-14
gfc   172   30 -1.09717524559187E-13  7.54637446732145E-14
gfc   172   31 -2.67678414110985E-14  1.67218671978156E-13
gfc   172   32  1.21411435590183E-13  1.01793442816144E-13
gfc   172   33  4.13927525889452E-14 -1.21484526587278E-13
gfc   172   34 -1.29317902301373E-13  3.20957653230002E-15
gfc   172   35  1.47907525815225E-13 -4.34738149216366E-14
gfc   172   36  2.05656351634219E-13 -1.48540331581820E-13
gfc   172   37 -3.93812596492744E-14 -2.58956914897680E-13
gfc   172   38  9.70503295011014E-14 -1.15312183629562E-13
gfc   172   39  1.66145553703910E-13 -1.33622550617724E-13
gfc   172   40 -5.61212131874160E-16 -1.69677603504894E-13
gfc   172   41 -2.59355422024943E-13 -9.48861683753319E-14
gfc   172   42 -1.92454813495708E-13  2.14451988324149E-15
gfc   172   43  1.77930919716370E-14  2.24971683565159E-13
gfc   172   44  1.45590211056111E-13  2.01230942777599E-13
gfc   172   45  2.54666304481211E-13  1.37421080314051E-14
gfc   172   46  1.04141978402071E-13 -7.13582562151316E-14
gfc   172   47 -3.39566323000593E-15 -1.22232868490913E-13
gfc   172   48 -1.44746830284326E-13  1.70238094586926E-14
gfc   172   49 -1.40671114800065E-13  6.16121189351119E-14
gfc   172   50 -3.02105666914421E-14  1.10093047231892E-13
gfc   172   51 -9.93691216135027E-14 -4.17433077371774E-15
gfc   172   52 -1.45059683936234E-13  1.68490708144365E-15
gfc   172   53 -1.30164589858718E-13  9.73447566512157E-14
gfc   172   54 -2.28046908888397E-14  8.58321089878139E-14
gfc   172   55 -5.48032991175256E-14  3.55804604933237E-14
gfc   172   56 -7.79032138498862E-14  7.78161274581257E-14
gfc   172   57  2.07015985328298E-15  9.86544487512224E-14
gfc   172   58  4.13009230929543E-14  1.40638847548478E-13
gfc   172   59  3.71938857503940E-14 -4.38518952391714E-14
gfc   172   60  3.40928882836335E-14 -4.83839683339368E-14
gfc   172   61 -6.26855660030061E-14 -1.18056774897062E-13
gfc   172   62 -1.69995769661325E-13 -4.84041032355714E-14
gfc   172   63 -2.20748317767762E-13  5.89914995719599E-14
gfc   172   64 -6.17324728839610E-14  3.24480343268069E-13
gfc   172   65  2.89614051777799E-14  1.27714739304545E-13
gfc   172   66  1.59330621907232E-13  6.84792282064208E-14
gfc   172   67  4.21261764950549E-15 -9.21220816730256E-14
gfc   172   68 -1.08319434523050E-14 -5.00586600676472E-14
gfc   172   69 -1.27734599249007E-13  1.00156765589431E-14
gfc   172   70  1.62708575194425E-14  1.27824970924858E-13
gfc   172   71  3.24661393002286E-14  7.40472027999340E-14
gfc   172   72  1.37679488525087E-13  2.55012488358941E-14
gfc   172   73 -2.95299219506538E-15 -7.43698190541372E-14
gfc   172   74  5.35848502168937E-14 -3.98760930462248E-14
gfc   172   75 -1.66325568102378E-14 -5.74407706156585E-14
gfc   172   76  3.64277421446079E-14 -2.68499151931150E-14
gfc   172   77 -8.18888784141391E-14 -9.25538315361691E-14
gfc   172   78 -7.12697130917024E-14  2.69252068433795E-14
gfc   172   79 -7.44866486185448E-14  3.07588374666935E-14
gfc   172   80 -3.98161062630414E-15  8.51016637179028E-14
gfc   172   81 -9.14581000749530E-15  1.38167165427639E-15
gfc   172   82 -1.06301811041848E-14  1.11118021949134E-13
gfc   172   83  1.21049872170875E-13 -3.88167828249205E-14
gfc   172   84 -1.76515847629636E-14 -7.62967207570449E-14
gfc   172   85 -2.78076577726838E-14  2.14480448055044E-15
gfc   172   86  3.31292162870569E-16 -1.31735671541911E-14
gfc   172   87 -2.73239232964266E-14 -4.40578176431532E-14
gfc   172   88 -2.20133405261692E-14  1.09941163316542E-14
gfc   172   89  1.84667940727992E-14 -1.22838883458477E-14
gfc   172   90  1.33095855879776E-14 -3.39026087589168E-14
gfc   172   91 -3.18912082666057E-15  3.20027287649300E-14
gfc   172   92  8.35517811144115E-15  7.80884329922257E-15
gfc   172   93 -2.94469032503301E-14  2.79396947044131E-14
gfc   172   94 -8.37274391372662E-15  2.24835885483677E-14
gfc   172   95  3.14455386009510E-14 -4.13290233358797E-14
gfc   172   96  1.75715261585773E-14 -4.12579493665338E-15
gfc   172   97 -2.10656387442704E-14 -1.01773257174661E-14
gfc   172   98 -1.41502864150884E-14  1.46235731852493E-14
gfc   172   99 -5.19172350188698E-14  1.12855065305752E-14
gfc   172  100  1.72899304959518E-15 -2.84326575317962E-14
gfc   172  101  1.46030200940950E-14 -2.91885728642036E-14
gfc   172  102 -1.29245257645987E-14 -2.02460847508640E-14
gfc   172  103  9.92402730985184E-15  6.65863960410447E-15
gfc   172  104  1.24321155693805E-15 -1.41822812174858E-14
gfc   172  105 -1.57433168715932E-15  3.16917144007707E-15
gfc   172  106  2.10531702065691E-14  1.52254358764976E-14
gfc   172  107 -1.98638584855963E-14  9.39130766888307E-15
gfc   172  108  4.33242336580842E-14 -1.59628952232405E-14
gfc   172  109  4.21204442733903E-15  1.67196083015586E-14
gfc   172  110 -5.14159274105284E-14 -2.98520389872784E-14
gfc   172  111  3.86902506132343E-14 -3.91178082782965E-14
gfc   172  112  8.82536247408550E-15  3.90275660975937E-14
gfc   172  113 -4.90639133279315E-14  2.73629662764144E-14
gfc   172  114  9.81069452989773E-15 -2.77128039708218E-14
gfc   172  115  3.34526565723330E-14  1.83152190772884E-15
gfc   172  116 -3.08916242036970E-14  7.91166206242375E-16
gfc   172  117  7.10035554008058E-15 -3.74520520160332E-14
gfc   172  118  1.85161186483029E-14  9.75323819191501E-15
gfc   172  119 -1.57659395323376E-14  4.01154842793144E-14
gfc   172  120 -2.25427173275110E-14  2.07582449672569E-14
gfc   172  121 -1.69056015952943E-14 -8.47393621287430E-16
gfc   172  122  3.60372009757952E-14 -2.67664262177352E-15
gfc   172  123  4.00198402558117E-14 -1.42145359019111E-15
gfc   172  124 -2.80830529467235E-14  1.21075699782829E-14
gfc   172  125 -1.34355071110692E-14  2.14545363276772E-14
gfc   172  126  7.72138043338608E-15  1.10997610342056E-14
gfc   172  127  6.70027534103286E-15 -3.45250098590024E-14
gfc   172  128 -1.27159878069906E-14  2.16885183350152E-14
gfc   172  129 -1.79775640981686E-14 -1.02880782901573E-14
gfc   172  130  1.19091514112820E-14 -2.39901202012855E-14
gfc   172  131 -1.73939771721484E-15 -1.63263834145401E-14
gfc   172  132  6.74008428329659E-15  1.48458409814256E-14
gfc   172  133  2.09861471296212E-15  1.69135151251337E-14
gfc   172  134  2.32470615946031E-14 -2.94242281860725E-14
gfc   172  135  1.62147918848084E-14  4.31913060547969E-15
gfc   172  136  1.11414474746150E-14 -1.92751717571788E-16
gfc   172  137 -1.08166971678744E-14 -2.92756739111889E-14
gfc   172  138  1.90486787414088E-14 -9.70313371266817E-15
gfc   172  139  8.98549386171219E-15 -4.97166030106511E-15
gfc   172  140  1.84099456235860E-14  4.45513481193989E-14
gfc   172  141  6.19821760549681E-15 -2.97713009841557E-14
gfc   172  142  1.07518624873314E-15 -1.08908759152976E-15
gfc   172  143  1.32864022701895E-14  4.08920838332728E-14
gfc   172  144 -1.30336112974701E-14  2.78428177315517E-15
gfc   172  145 -1.69305775464735E-15 -2.61728367770732E-14
gfc   172  146 -2.81092066146015E-15  1.49546491950641E-14
gfc   172  147 -2.20880156761312E-14  2.50323680710500E-15
gfc   172  148 -4.99166072857153E-15 -1.68173326237153E-14
gfc   172  149  8.13750201898915E-15 -2.53719671930467E-15
gfc   172  150  3.46337666501437E-15  9.05095739643095E-15
gfc   172  151 -8.73888598741716E-15  4.73817923669003E-15
gfc   172  152 -8.31887215627059E-15 -9.79156623406934E-15
gfc   172  153 -7.84082339030997E-15 -1.97928000404631E-14
gfc   172  154  9.43021484991603E-15  2.31026164720381E-15
gfc   172  155 -1.44991587169760E-14 -1.11825847271513E-14
gfc   172  156 -6.55705093259235E-15 -9.61477759984748E-16
gfc   172  157 -1.40210600366861E-14  3.70994114919448E-15
gfc   172  158  7.19009934621810E-15 -7.93929967654944E-15
gfc   172  159  1.80941056710374E-14  8.28508890631803E-15
gfc   172  160  5.56583342742786E-16 -7.48476470116826E-15
gfc   172  161 -6.30664273559397E-17 -2.69229423613198E-15
gfc   172  162  1.26076675419883E-14  7.21426770729242E-15
gfc   172  163 -1.13191923797602E-14  7.05807755719944E-15
gfc   172  164  1.08750789314137E-14 -2.16218385436034E-15
gfc   172  165 -8.13075378603702E-15  6.83073748074781E-15
gfc   172  166 -5.59169996793630E-15  8.27807191955690E-15
gfc   172  167  1.21105815156226E-14  4.58586152718282E-15
gfc   172  168 -1.72686717920678E-14 -7.44929360816419E-15
gfc   172  169 -1.60313563954127E-14 -1.63313654244604E-14
gfc   172  170  1.79109825654459E-14  1.67685367784925E-14
gfc   172  171 -9.68392073196455E-15  1.55391156444149E-15
gfc   172  172 -5.64644117916625E-15 -3.16304988089433E-15
gfc   173    0  8.34026045340912E-14  0.00000000000000E+00
gfc   173    1  9.55990658333949E-14  9.09725949354857E-14
gfc   173    2  5.04633789542922E-14 -3.11762442574410E-14
gfc   173    3  8.92718914336094E-14  1.01229419981515E-13
gfc   173    4  5.56755055035165E-14  4.29462911985540E-14
gfc   173    5 -1.13676402547953E-15 -6.83293581720633E-15
gfc   173    6  8.15613320469916E-14 -4.50777259048059E-14
gfc   173    7  1.95324546625122E-16 -1.48159878860683E-14
gfc   173    8  2.77415383101382E-14 -8.66653481179116E-14
gfc   173    9 -1.14238437242475E-14 -8.20214918568828E-14
gfc   173   10  2.09462239656551E-16  8.80783742040659E-14
gfc   173   11  7.76246374076506E-14 -1.36476201403967E-13
gfc   173   12 -1.50985709465278E-14 -2.48289488251675E-14
gfc   173   13  6.34846962969577E-14 -1.87192540722799E-16
gfc   173   14  3.02174083048076E-14 -1.61599815062628E-13
gfc   173   15 -2.85283620445357E-14  5.36814559595436E-15
gfc   173   16  1.22489914466583E-13 -2.26164694432703E-15
gfc   173   17  1.57398405770807E-13 -1.26847426081518E-13
gfc   173   18  4.30682840717256E-14  6.35904036837594E-14
gfc   173   19  2.44360116762871E-13 -8.75007564376013E-15
gfc   173   20  8.24181414437625E-14 -6.00633015441376E-14
gfc   173   21 -6.94216488354502E-15  1.40684722306947E-14
gfc   173   22  1.95989874418382E-13  8.76694223510922E-14
gfc   173   23  1.86349132685611E-13 -5.03340551022831E-14
gfc   173   24 -2.75054521506817E-14 -3.52997334020947E-14
gfc   173   25  2.35270310811984E-13  1.12755611209200E-13
gfc   173   26  1.26479949809658E-13 -5.80785434071115E-15
gfc   173   27  2.07496139471198E-14  3.46840665718548E-14
gfc   173   28  2.26563602279033E-13  1.63369277460703E-13
gfc   173   29  1.96470784231607E-13  1.54586848558001E-14
gfc   173   30  2.96270779381456E-14 -3.07320803354694E-14
gfc   173   31  3.32362690832413E-14  2.63436615442077E-13
gfc   173   32  1.35590650469011E-13  1.34731845301392E-13
gfc   173   33  6.76454227946714E-14 -3.28203598834524E-14
gfc   173   34 -9.80363109364204E-14 -3.43132538569693E-14
gfc   173   35 -1.52978243440086E-14  1.16549839330280E-13
gfc   173   36  7.17661076587148E-14 -1.87346311908553E-13
gfc   173   37 -2.83471049073441E-14 -2.78406272435889E-13
gfc   173   38 -3.20945128391646E-14 -1.55395056744777E-13
gfc   173   39 -1.74699211831753E-14 -1.84281887943981E-13
gfc   173   40 -2.32832186740715E-14 -3.27369456575842E-13
gfc   173   41 -6.28459555643207E-14 -1.66218174043429E-13
gfc   173   42 -1.33189599711900E-13  1.61447207542407E-13
gfc   173   43 -1.98112638345188E-14  1.96933795714287E-13
gfc   173   44  1.64597179770991E-13  1.86900361229745E-13
gfc   173   45  1.75648563561434E-13  3.17597070469702E-14
gfc   173   46  1.16202160497221E-13 -8.05386626816624E-14
gfc   173   47 -1.19771703730118E-14 -1.65582032349639E-13
gfc   173   48 -1.40453056188061E-13 -6.78114551211372E-14
gfc   173   49 -1.30244046828104E-13  1.21813888491725E-13
gfc   173   50 -7.52288519946400E-15  7.65328038338940E-14
gfc   173   51 -1.19472333517465E-14  9.18352045406810E-14
gfc   173   52 -1.10064369798323E-13  4.76541005075603E-14
gfc   173   53 -9.52443287010272E-14  1.77520394773387E-13
gfc   173   54 -8.25822929947852E-14  7.50834614402368E-14
gfc   173   55 -5.57381916807243E-15  8.85704748748232E-14
gfc   173   56 -7.97784475602281E-14  6.56554203344248E-14
gfc   173   57  4.90030917541109E-14  1.06866967667857E-13
gfc   173   58  3.07018381484591E-14  1.67902246685885E-14
gfc   173   59  8.64557002443763E-14  1.99606616925131E-14
gfc   173   60 -1.54422795958694E-14  1.76861484711219E-14
gfc   173   61 -1.52845482227940E-14 -9.14139891113967E-14
gfc   173   62 -1.51319512278115E-13 -1.52229755375630E-14
gfc   173   63 -2.35285789583617E-13  3.48069053203096E-14
gfc   173   64 -1.21788406569201E-13  2.76705335841516E-13
gfc   173   65  7.65939746127376E-14  1.74442870648686E-13
gfc   173   66  1.62028449718917E-13  9.35242556416883E-14
gfc   173   67  7.52514244329039E-14 -1.22358147752646E-13
gfc   173   68 -1.92310687876014E-14  1.49860652559158E-15
gfc   173   69 -1.10069557584530E-13 -1.60334402528634E-14
gfc   173   70 -5.15427631051773E-15  1.38050601548187E-13
gfc   173   71  5.13192967353306E-14  4.44076369680988E-14
gfc   173   72  1.49085961466143E-13  1.52232420677187E-14
gfc   173   73  1.86036783365238E-14 -1.27619776085847E-13
gfc   173   74  5.74831420813139E-14 -2.63170670477121E-14
gfc   173   75 -4.31142350320243E-14 -6.46548282278398E-14
gfc   173   76  4.24038599386254E-14  1.51257060946508E-15
gfc   173   77 -9.80826438136196E-14 -8.57160241684023E-14
gfc   173   78 -7.75006515898090E-14  2.19291385760792E-14
gfc   173   79 -7.35379354979841E-14  2.38248733426295E-15
gfc   173   80 -1.93048009066356E-15  7.90036570064311E-14
gfc   173   81  4.44044664375349E-15  1.52446920646478E-14
gfc   173   82  2.55579928747026E-14  1.30647856406936E-13
gfc   173   83  1.16184392094138E-13 -2.51124541378154E-14
gfc   173   84 -6.27023485635931E-14 -7.99711976115515E-14
gfc   173   85 -2.74658845908029E-14  9.38695069028140E-15
gfc   173   86 -2.94614127982427E-15 -3.73539561696754E-14
gfc   173   87 -3.31160753450525E-15 -7.41690229647728E-14
gfc   173   88 -8.33961687998868E-15  1.74717695670653E-14
gfc   173   89  1.25189608093400E-15 -4.82586186762077E-15
gfc   173   90 -1.33077256873024E-14  1.87374156487175E-14
gfc   173   91 -1.16314719757459E-14  9.27288840730539E-15
gfc   173   92  2.06048402563515E-14 -4.54889284280387E-15
gfc   173   93 -1.07682296202205E-14 -1.32160986026872E-14
gfc   173   94  1.71987813076555E-14  3.73542307030417E-14
gfc   173   95  1.23972784206250E-14 -8.11196067038044E-15
gfc   173   96  6.16627030188329E-15 -9.49238516884420E-15
gfc   173   97 -1.83091267536451E-14 -1.25135153116380E-14
gfc   173   98 -1.96277423274171E-14 -3.77953219526008E-14
gfc   173   99  2.05032395844007E-15  7.59581601376026E-15
gfc   173  100 -1.58557070195878E-14  2.94457544156174E-15
gfc   173  101 -4.26139930445546E-15 -4.25525673257936E-14
gfc   173  102  7.92977797873216E-15 -2.74536840494397E-14
gfc   173  103 -9.06885028569063E-15  5.61054913650779E-15
gfc   173  104  2.05819553240418E-15 -6.23858058440681E-15
gfc   173  105  1.47155348833455E-14  2.78207011587121E-14
gfc   173  106  1.18373074997386E-14  2.13978535573735E-15
gfc   173  107  4.25954632256965E-14  4.89307380064300E-15
gfc   173  108 -2.86974266518495E-14  3.37598635213571E-15
gfc   173  109  4.98108924525122E-15 -4.14936695790419E-14
gfc   173  110  2.28737550700146E-14  1.77452552134210E-14
gfc   173  111 -1.32733282586525E-14  3.32540389614116E-14
gfc   173  112 -1.05598778202479E-14 -4.31640113248848E-14
gfc   173  113  4.12806491472779E-14  2.57772759903975E-14
gfc   173  114 -1.79735656705171E-14  5.89807661223288E-14
gfc   173  115 -5.09216696091003E-14 -2.90505084103466E-14
gfc   173  116  3.75579515189219E-14 -4.21352049163238E-14
gfc   173  117  1.73660367203429E-14  2.83919352578574E-14
gfc   173  118 -4.72438109632575E-14  4.11181510776485E-15
gfc   173  119 -3.05142474012252E-14  8.34955402925993E-15
gfc   173  120  1.63111579008582E-14  1.35826653145167E-14
gfc   173  121 -3.13609089277785E-14  2.06458314521125E-14
gfc   173  122  1.25468343966423E-14 -1.26858207880970E-14
gfc   173  123  1.12671122303464E-14  2.11789339454432E-14
gfc   173  124 -3.38623548554999E-14 -2.32059604462372E-14
gfc   173  125 -3.82260538339192E-15 -3.40400933694137E-15
gfc   173  126  1.94537456782133E-14  1.23246617660570E-14
gfc   173  127 -1.38362101303355E-14 -2.16288640817627E-15
gfc   173  128 -1.70700680878779E-14 -4.00406121557619E-15
gfc   173  129 -5.39931900764044E-15 -1.18959879500890E-14
gfc   173  130  2.40791086425949E-14 -3.00919929918080E-14
gfc   173  131  2.75541262889461E-14  2.33980901401174E-14
gfc   173  132 -1.46531307609623E-14  1.44340504021193E-14
gfc   173  133  2.17119592124830E-14 -1.27358363177457E-14
gfc   173  134  3.91835791977147E-15 -1.18724028112487E-14
gfc   173  135  8.28990192473410E-15 -4.80432448750270E-15
gfc   173  136  2.50800976929314E-14  3.09460772896116E-14
gfc   173  137 -2.79915488556900E-14 -5.78260981999927E-15
gfc   173  138  1.30851108367673E-14 -2.17758526431350E-14
gfc   173  139  4.00530798641790E-15  2.43287790234080E-14
gfc   173  140 -1.31252578368851E-14  4.01743731421853E-14
gfc   173  141  3.31793786313018E-14 -2.14304399309742E-15
gfc   173  142  1.63622264482012E-16 -1.69121892297453E-14
gfc   173  143 -1.82462497746454E-14  3.32774358403542E-14
gfc   173  144  3.16772945009249E-15  9.97312675711856E-16
gfc   173  145 -1.84406153197224E-14 -5.58086249487485E-15
gfc   173  146  2.60320958631460E-15 -2.39988497914431E-14
gfc   173  147 -1.40465752539793E-14  9.05449549401601E-15
gfc   173  148 -4.47654804527757E-15 -1.86753581322865E-14
gfc   173  149 -5.84233306893480E-15  5.34930215063188E-15
gfc   173  150  1.58706178047015E-14 -6.76492307516558E-15
gfc   173  151 -1.11734006787484E-14 -1.23719619088927E-14
gfc   173  152  1.40513555851350E-14  7.88488852733573E-15
gfc   173  153 -1.42416960790834E-14 -5.02945429961797E-15
gfc   173  154  2.25539514737424E-14 -2.60580403799739E-15
gfc   173  155 -1.36343551868677E-14 -1.32169196143477E-15
gfc   173  156  5.29653714872170E-15  1.01117394602187E-15
gfc   173  157 -3.58348638742385E-15  8.96159410019761E-15
gfc   173  158  4.32265096137606E-15 -9.97735688811659E-15
gfc   173  159 -1.17493963941881E-14  1.01916519375681E-14
gfc   173  160  1.31927798747359E-14 -1.20524455746824E-14
gfc   173  161 -1.24651538587091E-14  2.02029234579824E-15
gfc   173  162 -3.14690714715738E-15  8.61064985350815E-15
gfc   173  163  1.37841690965429E-14  3.03115706447336E-15
gfc   173  164 -1.33635822801404E-14 -8.29121668864998E-15
gfc   173  165  1.69683600363518E-15  1.11560860042070E-14
gfc   173  166 -1.11388203386810E-15 -4.83196008463879E-15
gfc   173  167  6.19471686354042E-15  2.60139834899584E-17
gfc   173  168  8.75796680235625E-15  4.18221412100812E-15
gfc   173  169 -7.37571765659350E-15 -5.36577690438961E-15
gfc   173  170 -9.08577998120118E-16 -1.00484416185809E-14
gfc   173  171  6.32800369077094E-15  1.76309848865698E-14
gfc   173  172 -2.97424480826011E-15 -9.26317347246144E-15
gfc   173  173  1.77047682697945E-15 -1.07374328962081E-14
gfc   174    0 -2.95314324651957E-14  0.00000000000000E+00
gfc   174    1  1.76532337359809E-14 -2.07230324604752E-13
gfc   174    2 -3.56190478991577E-14 -2.93477930339380E-14
gfc   174    3 -5.80132264566314E-14 -5.52055656051539E-14
gfc   174    4 -2.44550133927682E-14  2.20180819001870E-14
gfc   174    5 -6.30526127102629E-14 -3.28607546671472E-14
gfc   174    6 -7.80467136264499E-14  7.26787112649554E-15
gfc   174    7 -8.50470142727435E-14 -2.00145936454234E-14
gfc   174    8 -4.12849731194725E-14  2.51212639185875E-14
gfc   174    9 -1.20570373901998E-13 -7.32057565894208E-15
gfc   174   10 -8.06656343614402E-14  5.59881794912752E-14
gfc   174   11  7.37071722079783E-14  9.06178984050700E-15
gfc   174   12 -1.59950845339897E-13 -7.74131721611796E-14
gfc   174   13  3.04629959468835E-14  7.71345769163191E-15
gfc   174   14  8.75324434135497E-15 -1.52417101772326E-13
gfc   174   15 -1.35842399227532E-13 -4.72370356644883E-14
gfc   174   16  1.17743296981246E-13 -2.30388516872816E-14
gfc   174   17  5.08892820202331E-14 -8.53262000613150E-14
gfc   174   18  5.18419231770656E-14 -2.54103333617782E-14
gfc   174   19  8.31425190701145E-14  1.38166314299767E-13
gfc   174   20  1.29996800572764E-13 -8.53064937175019E-14
gfc   174   21 -1.45815873116888E-14  6.62572927949326E-14
gfc   174   22  1.18506904761999E-13  8.75402753003882E-14
gfc   174   23  2.08127228455138E-13 -1.43964232560863E-13
gfc   174   24  6.12544170065282E-14 -7.99489974241435E-15
gfc   174   25  1.10345335009797E-13  9.53522103322933E-14
gfc   174   26  2.40887866794263E-13 -3.89844331545249E-14
gfc   174   27  5.69962234495993E-14  7.11119206306888E-14
gfc   174   28  1.42271987198910E-13  1.04919156142250E-13
gfc   174   29  1.99483146161350E-13 -1.19464872028726E-15
gfc   174   30  2.43508664262799E-14 -1.67516843974028E-14
gfc   174   31 -4.01838346312579E-14  1.72733867284815E-13
gfc   174   32  2.02834564102681E-13  1.35399429747306E-13
gfc   174   33  1.15004531390914E-13 -9.65599451902536E-14
gfc   174   34 -1.41755985164223E-13 -7.53727430076819E-14
gfc   174   35 -1.35008469328722E-14  1.84065513265467E-14
gfc   174   36  1.81931619205000E-13 -7.88947755342043E-14
gfc   174   37 -5.24533240416802E-14 -2.95817577315569E-13
gfc   174   38 -7.81505416874577E-14 -1.79980263451879E-13
gfc   174   39  2.22178297733330E-14 -1.44994647799233E-13
gfc   174   40 -6.47449218692584E-14 -1.00807246923524E-13
gfc   174   41 -2.71543960047877E-13 -1.25850248889443E-13
gfc   174   42 -1.60501522445956E-13 -4.53989298826759E-14
gfc   174   43  2.62615422849525E-14  1.25776285224367E-13
gfc   174   44  1.32008416606785E-13  1.74172859073279E-13
gfc   174   45  2.61589504436739E-13  1.84516860690872E-14
gfc   174   46  1.42321337698727E-13 -6.90385180717279E-14
gfc   174   47 -3.93568662737996E-16 -1.55937151238510E-13
gfc   174   48 -1.07601705322553E-13 -2.01350070220002E-14
gfc   174   49 -1.76524632494863E-13  8.44188106207940E-14
gfc   174   50  3.52547758882310E-14  1.72564652995699E-13
gfc   174   51 -2.10529367739862E-14  5.29200383767820E-14
gfc   174   52  8.06499552592545E-15  5.63036270907416E-14
gfc   174   53 -1.05530053379634E-13  1.07721887838861E-13
gfc   174   54  4.64237454077835E-14  1.17462731668261E-13
gfc   174   55 -5.14973510436705E-14  1.02397711450586E-13
gfc   174   56 -2.64791233853545E-14  9.35644151575276E-14
gfc   174   57  5.51617661476643E-14  9.68356619914687E-14
gfc   174   58  5.66336338308193E-14  1.65604288791742E-14
gfc   174   59 -5.23290510711320E-16  7.04910193666263E-15
gfc   174   60 -5.68272861234895E-17 -5.74090332691584E-15
gfc   174   61  5.62820296657212E-15 -2.73354417601476E-14
gfc   174   62 -1.62986697002060E-13 -4.04342735005049E-14
gfc   174   63 -1.82901776235373E-13  4.79177446764906E-14
gfc   174   64 -1.09067519868830E-13  2.95198369058496E-13
gfc   174   65  7.44463079274332E-14  1.82080730768144E-13
gfc   174   66  1.69424878095084E-13  1.02391884341870E-13
gfc   174   67  1.14743510331107E-13 -6.52978455807416E-14
gfc   174   68  2.62311581720003E-14 -5.70532415339590E-14
gfc   174   69 -9.34716429474994E-14 -8.09979602119951E-15
gfc   174   70 -1.14184540757336E-15  1.30708099648636E-13
gfc   174   71  6.71047177568727E-14  4.73262338358769E-14
gfc   174   72  1.43378801900843E-13  2.00201883738416E-14
gfc   174   73  2.63216197516608E-14 -1.34571293863434E-13
gfc   174   74  4.19202189360225E-14 -5.49746675912272E-14
gfc   174   75 -3.53841717084139E-14 -8.79846565488974E-14
gfc   174   76 -6.61323547510899E-15  8.38086383239603E-15
gfc   174   77 -6.93957498055483E-14 -9.25688655104518E-14
gfc   174   78 -9.05236728797358E-14  5.54178977280257E-14
gfc   174   79 -5.16848108417034E-14 -2.38583819984771E-14
gfc   174   80 -4.43260410635014E-14  7.52079855715314E-14
gfc   174   81  6.84384658470232E-15  2.14990276179236E-14
gfc   174   82  3.71077242322112E-14  1.25444874023291E-13
gfc   174   83  1.29586196260111E-13 -4.54704532109289E-14
gfc   174   84 -4.23479696979580E-14 -8.32386741348896E-14
gfc   174   85 -1.59731052714426E-14  1.38599003302257E-14
gfc   174   86  1.56220962383494E-14 -3.90221370710706E-14
gfc   174   87 -2.73082301696594E-14 -3.74080250447739E-14
gfc   174   88  5.78739806192413E-16  1.16414886045561E-14
gfc   174   89  1.26005418458744E-14  1.33165140933734E-14
gfc   174   90 -1.45050133742198E-14  3.08519130780883E-16
gfc   174   91  6.88596195213090E-16  4.16914369760582E-14
gfc   174   92 -1.03408542547572E-14 -4.02073896013000E-15
gfc   174   93  2.55316705217353E-15 -2.00803292497142E-14
gfc   174   94 -4.54653528519623E-16 -1.80488805730254E-14
gfc   174   95  3.04600510847103E-14 -2.43496144028420E-14
gfc   174   96  1.69631031104232E-14  4.71046453637777E-15
gfc   174   97 -2.67463103142380E-15  2.72927316024099E-14
gfc   174   98 -1.78396504084045E-14 -2.45090063703683E-14
gfc   174   99  3.99016490548568E-16 -1.32688639216307E-14
gfc   174  100 -1.44137739912609E-14 -4.15255423292831E-14
gfc   174  101  2.99597580890302E-14 -1.23479184291570E-14
gfc   174  102 -1.91474026241927E-14  3.54453454406575E-15
gfc   174  103  8.93179058773312E-15  1.75719581652231E-14
gfc   174  104 -1.33042013068545E-14 -3.03865239923626E-15
gfc   174  105  2.17918148324635E-14  4.69587768679005E-17
gfc   174  106  1.62176638489685E-14  1.45136116562558E-14
gfc   174  107  2.39393835431778E-14  1.38663077728751E-14
gfc   174  108  1.94846263948767E-15 -2.75536812574760E-14
gfc   174  109  1.40166412811827E-15  1.81395485975055E-14
gfc   174  110 -4.97083415800121E-14 -5.55383051855634E-15
gfc   174  111  2.99326162801440E-14 -9.51707636782016E-15
gfc   174  112  1.55460428478854E-14  4.96376271432160E-14
gfc   174  113 -4.54417095759689E-14  1.51389617533249E-14
gfc   174  114 -4.68781992457111E-15 -3.89527406893619E-14
gfc   174  115  1.95222319506247E-14  3.45786024773388E-17
gfc   174  116 -3.31269477584528E-14  4.85421963430145E-15
gfc   174  117 -1.78130390063151E-15 -2.93463117171066E-14
gfc   174  118  1.10184258514157E-14  7.45785135136593E-15
gfc   174  119 -3.89297713377066E-14  3.00733351940217E-14
gfc   174  120  7.76045450031032E-16 -1.98978840037769E-14
gfc   174  121  1.77801484081785E-14 -5.38443353665954E-15
gfc   174  122 -2.34181151821671E-15  1.69957197441387E-14
gfc   174  123  8.14749158704015E-15  3.90724383585675E-15
gfc   174  124 -3.55731986993456E-14  6.79253364837016E-15
gfc   174  125 -2.23511438969093E-14 -6.84615469253394E-15
gfc   174  126  3.83151680598735E-14  6.06355405887777E-15
gfc   174  127 -2.67791021251249E-15 -1.80102814170549E-14
gfc   174  128 -1.33863584599167E-14 -2.79137093416034E-15
gfc   174  129 -2.19298599737439E-14  6.41169234050712E-15
gfc   174  130  3.48970507788330E-14 -2.08866649564902E-14
gfc   174  131  2.86387356641743E-14  1.51203167251324E-14
gfc   174  132  5.71376584791558E-15  1.66236286309012E-14
gfc   174  133  3.19774976026332E-15  1.64475933080182E-14
gfc   174  134  7.46802615798739E-15 -2.35878283009277E-14
gfc   174  135  4.07943647060284E-15 -2.05877385133448E-15
gfc   174  136  7.38784492060367E-15  1.27078494894067E-14
gfc   174  137 -1.00308971153652E-14  1.05827279109862E-14
gfc   174  138 -9.74060578664620E-15  3.05836722063137E-15
gfc   174  139  4.60600591257086E-15  5.72492122347342E-15
gfc   174  140 -5.41813511281899E-15  1.91974044986857E-14
gfc   174  141  4.44299846490161E-16 -6.77199622870377E-15
gfc   174  142 -3.68240310764956E-15 -3.17520323021254E-14
gfc   174  143  1.71664317238580E-15  2.86354137331461E-14
gfc   174  144 -1.09476258361193E-14 -4.20085496385033E-15
gfc   174  145 -7.92152523335713E-15 -1.99731950060642E-14
gfc   174  146  5.27368033696915E-15  1.01355927293107E-15
gfc   174  147  7.12507430789696E-15 -1.58047795657016E-14
gfc   174  148 -1.05205932800418E-16 -1.32132390023638E-14
gfc   174  149  1.32285637517842E-14  1.92958754209288E-15
gfc   174  150  2.91395360841286E-15  1.84152978096829E-14
gfc   174  151  7.45240944672284E-15 -1.87828390644940E-14
gfc   174  152 -2.09674408441743E-15 -1.13641065333812E-14
gfc   174  153  5.45480658569915E-15  5.68509519443389E-15
gfc   174  154  2.00979455267111E-15 -3.33629620246775E-15
gfc   174  155  1.14878790884904E-14  1.56562106968014E-14
gfc   174  156 -1.46737827394350E-14  1.01997850708807E-14
gfc   174  157  1.72279485873327E-14  1.87724678944618E-14
gfc   174  158 -7.72052336463186E-15 -2.14213532136107E-15
gfc   174  159  2.76059503927955E-16  1.30406409753192E-15
gfc   174  160 -2.21847070374058E-14  1.56050412056017E-14
gfc   174  161  3.07478028653800E-15 -2.55154533915256E-14
gfc   174  162 -2.42037554808279E-15  6.80170936801149E-15
gfc   174  163  4.27060284781542E-15 -3.01339710120809E-16
gfc   174  164 -5.13882398149961E-16 -6.20993588413871E-15
gfc   174  165 -1.01246162881957E-15  1.16023601313311E-15
gfc   174  166  1.55074093126191E-15  1.06790525030189E-14
gfc   174  167  1.51750664334026E-14 -4.20518217539428E-15
gfc   174  168  5.96393790292522E-15  3.37624734460084E-15
gfc   174  169  1.18001500659029E-14  1.29820122477930E-14
gfc   174  170  1.11247461078937E-14 -3.39011069599103E-16
gfc   174  171 -1.12545462793590E-14 -3.94642169509723E-15
gfc   174  172 -8.02427269905458E-15  1.17959882209104E-14
gfc   174  173 -2.33306467584405E-16 -6.13753171716935E-15
gfc   174  174 -1.13487932456423E-15 -4.66720771569876E-18
gfc   175    0 -3.07304139891166E-14  0.00000000000000E+00
gfc   175    1  6.25354384219371E-14  9.18676785584348E-14
gfc   175    2 -7.86760209198460E-15 -6.40900066376513E-14
gfc   175    3  6.28288063729612E-14  1.08670263767809E-13
gfc   175    4  3.14046414329418E-14  5.85547392390189E-14
gfc   175    5  1.61891404298989E-14  3.80042131737377E-14
gfc   175    6  5.52754529323626E-14 -1.50739199452319E-14
gfc   175    7 -1.34112513607879E-14  1.26009346299689E-14
gfc   175    8  6.51700149973491E-14 -2.47277221244041E-14
gfc   175    9  2.11850262519822E-14 -7.27379852452201E-14
gfc   175   10 -2.75741575821023E-15  8.80563298229184E-14
gfc   175   11  7.18821641399555E-14 -4.44491357022330E-14
gfc   175   12 -4.02756446343924E-14 -6.23185352740412E-14
gfc   175   13 -3.79550295991420E-14  1.18759736300858E-13
gfc   175   14  3.71755635309951E-14 -1.28691480121056E-13
gfc   175   15 -9.68307453420668E-14 -1.93904145767713E-14
gfc   175   16  4.84064450616334E-14  1.03861477300836E-14
gfc   175   17  1.06419090618801E-13 -1.61606446522795E-13
gfc   175   18  3.89826536987165E-14 -2.26886093979897E-14
gfc   175   19  1.33040743651552E-13 -8.47510142254438E-16
gfc   175   20  1.94461271110909E-13  3.03170266689109E-15
gfc   175   21  2.20214644761769E-15 -3.99396718985056E-14
gfc   175   22  1.45084005563115E-13  6.80767968402436E-14
gfc   175   23  1.93333429716529E-13 -4.35986074321172E-14
gfc   175   24 -6.21708640688799E-14 -8.76999901388232E-14
gfc   175   25  1.38777363414410E-13  8.55386271061790E-14
gfc   175   26  1.90112447743059E-13  2.32741411868176E-14
gfc   175   27  4.72420231127420E-14 -8.68397856239077E-14
gfc   175   28  1.85756308301157E-13  8.82336799798936E-14
gfc   175   29  1.81109868806176E-13 -1.44305138203263E-14
gfc   175   30  8.00656810984443E-14 -2.81984234124330E-14
gfc   175   31  4.97529380565474E-14  2.03744641562118E-13
gfc   175   32  1.81461298568702E-13  2.05699878595583E-13
gfc   175   33  1.50453858402259E-13 -4.58246886999146E-14
gfc   175   34 -1.33452325140504E-13 -1.04344655042211E-13
gfc   175   35 -1.07279115844574E-13  1.06982002419942E-13
gfc   175   36  1.11962597849195E-15 -6.75225298590763E-14
gfc   175   37  3.92196688078493E-15 -3.38061448011029E-13
gfc   175   38 -1.57411494005265E-13 -2.21242782484594E-13
gfc   175   39 -1.25592793596416E-13 -1.51904249766838E-13
gfc   175   40 -8.94771839221350E-14 -1.99706571462486E-13
gfc   175   41 -3.05321147077082E-14 -1.16870585732026E-13
gfc   175   42 -1.08449081845714E-13  8.19985932351045E-14
gfc   175   43 -6.24407495530271E-14  1.46778826521116E-13
gfc   175   44  1.38463895867733E-13  9.54070970171010E-14
gfc   175   45  1.69475714435150E-13  2.03973652730081E-14
gfc   175   46  1.49011237721948E-13 -1.37551105550980E-13
gfc   175   47  3.35945228548982E-14 -1.72188819241660E-13
gfc   175   48 -1.22418698870348E-13 -1.09056577892067E-13
gfc   175   49 -1.05633512658311E-13  1.36889084174961E-13
gfc   175   50 -2.58227672993156E-14  1.75899257487022E-13
gfc   175   51  8.27504651446884E-14  9.33956177519134E-14
gfc   175   52 -4.83200853530842E-14  6.01407217452697E-14
gfc   175   53 -1.46309154088991E-14  1.17224864499967E-13
gfc   175   54 -5.29937746785386E-14  5.28714217514746E-14
gfc   175   55  7.51887748217644E-14  1.05632956646807E-13
gfc   175   56 -2.07046460499655E-14  9.04591655444438E-14
gfc   175   57  8.77719508588718E-14  1.16736231918122E-13
gfc   175   58  3.16645059422702E-14 -3.10090389346523E-14
gfc   175   59  5.97157962631984E-14  4.10692942525627E-14
gfc   175   60 -6.72583132370298E-14  3.51989808430188E-14
gfc   175   61  1.85973696330639E-14 -5.30986664204693E-14
gfc   175   62 -1.20480315957953E-13 -1.42389935382011E-14
gfc   175   63 -1.83806145247475E-13  4.34955970716576E-14
gfc   175   64 -1.07760901588585E-13  2.67039218450489E-13
gfc   175   65  1.54579947157658E-13  2.22739212684117E-13
gfc   175   66  1.84000237682030E-13  1.40352849919660E-13
gfc   175   67  1.37182311064940E-13 -9.90578704196514E-14
gfc   175   68  1.86624801181413E-14 -1.70039800218932E-14
gfc   175   69 -7.59542133767849E-14 -4.21291165922469E-14
gfc   175   70  6.52289044561575E-15  1.09904445835276E-13
gfc   175   71  7.78473443513153E-14  2.10533412632219E-14
gfc   175   72  1.43884576406504E-13  1.22612529813172E-14
gfc   175   73  3.47938560383178E-14 -1.22168171494355E-13
gfc   175   74  3.20378500574982E-14 -4.45697877295006E-14
gfc   175   75 -3.80221355598445E-14 -9.20980284718510E-14
gfc   175   76 -5.20332475470016E-14 -1.66758188295444E-14
gfc   175   77 -8.13410684380710E-14 -6.62623483376209E-14
gfc   175   78 -9.13809922698148E-14  2.32733605996748E-14
gfc   175   79 -4.19460355997875E-14  1.56947347064260E-15
gfc   175   80 -5.17441943444816E-14  5.76440476630367E-14
gfc   175   81  1.76475235544575E-14  4.98592199338123E-14
gfc   175   82  4.20434807243726E-14  1.05113685832014E-13
gfc   175   83  1.17735961015291E-13 -4.45468550238076E-14
gfc   175   84 -4.20788818002017E-14 -9.52463038613141E-14
gfc   175   85  8.69610942687145E-15  4.34086922731264E-15
gfc   175   86  2.16995875235527E-14 -6.31245149566197E-14
gfc   175   87 -2.52744986092486E-14 -1.55296023711536E-14
gfc   175   88 -2.68068448883419E-15  5.90903274315149E-14
gfc   175   89  1.05526740020578E-14  3.07697077460809E-14
gfc   175   90 -6.06210229264901E-15 -1.14506382194561E-14
gfc   175   91 -1.58086086193071E-14  4.75655804141945E-15
gfc   175   92  3.24822830509455E-14 -3.40919175061354E-14
gfc   175   93 -9.17802387188174E-15  9.90501008269916E-15
gfc   175   94  2.36580756775945E-14 -4.45900904403822E-15
gfc   175   95  5.98284148327869E-15  6.00942317362339E-15
gfc   175   96 -2.39236059644682E-14 -2.74516190010199E-14
gfc   175   97  1.95315648337340E-14  5.35174275306931E-15
gfc   175   98  3.19051867336258E-15 -6.68270872430290E-15
gfc   175   99  4.92356142027258E-14  1.04436543458285E-15
gfc   175  100 -6.16185582902438E-15 -9.86041429081582E-15
gfc   175  101 -2.05596764477806E-14 -2.77049074379611E-14
gfc   175  102  1.96818762195447E-15 -1.36530049375218E-14
gfc   175  103  1.85819873468309E-14  5.24037037394061E-14
gfc   175  104  7.63295562001022E-15  3.86275010018622E-15
gfc   175  105  1.59750338831399E-14 -3.06465005904558E-15
gfc   175  106  5.43171762433390E-15 -3.43203816606697E-15
gfc   175  107  1.58247999956578E-14  5.60899359275383E-15
gfc   175  108 -5.02668138102855E-15  2.91027069415306E-14
gfc   175  109 -3.22980712920071E-14 -2.50846695449646E-14
gfc   175  110  2.70199138145111E-14  2.05043049400566E-14
gfc   175  111 -4.48193852590015E-14  3.79147920114680E-14
gfc   175  112 -2.87804543588918E-14 -2.36868530065920E-14
gfc   175  113  2.25680743333686E-14  8.11199586181519E-16
gfc   175  114 -1.35373830909362E-14  3.17352585775311E-14
gfc   175  115 -5.66863456055954E-14 -5.59946455577773E-14
gfc   175  116  2.37418280370438E-14 -5.13448609331498E-14
gfc   175  117  1.76761999380568E-14  3.42107950799477E-14
gfc   175  118 -3.27109143577563E-14  1.66923993361719E-14
gfc   175  119 -2.11961545769051E-14 -1.45637148831045E-14
gfc   175  120  2.40162761426252E-14 -8.07332258647981E-15
gfc   175  121  3.99295512279244E-15 -5.11994993561761E-16
gfc   175  122 -2.43127993325349E-14  6.24597454618170E-15
gfc   175  123  5.39251126362486E-15 -9.39047682531762E-15
gfc   175  124 -3.98263480460545E-14 -1.24344978335052E-14
gfc   175  125 -7.50089095103076E-15 -4.98620005558882E-17
gfc   175  126  3.90736494273127E-14  2.95545985386163E-14
gfc   175  127  6.55096949055140E-15 -9.58208970937350E-15
gfc   175  128 -2.44700508049709E-14 -1.66835299087059E-14
gfc   175  129  1.08777154147951E-14  5.16166837643937E-15
gfc   175  130  1.52053102180937E-14  1.77528587535596E-14
gfc   175  131  2.50685724397742E-14  1.14987045858175E-14
gfc   175  132 -7.16872745963364E-15  1.45524476953319E-14
gfc   175  133  9.58420839930108E-16 -6.53608226049617E-15
gfc   175  134  4.67865086342167E-15  1.69669586783708E-14
gfc   175  135 -1.36801478430708E-14  5.95716039038636E-15
gfc   175  136 -8.54806894804090E-15  1.74797141458991E-14
gfc   175  137 -2.00177878762823E-14 -9.54419500817580E-15
gfc   175  138 -6.77416290478217E-15  9.96101250386761E-15
gfc   175  139  1.61723717378523E-14  2.19626742587086E-14
gfc   175  140 -1.25515772666138E-14  3.60654132057885E-15
gfc   175  141  2.14827455596155E-14 -2.09223703042816E-14
gfc   175  142 -1.99893971472245E-14 -5.60806585807648E-15
gfc   175  143 -9.27788767984560E-15  2.07550235825506E-14
gfc   175  144  2.28282564877967E-14  7.29844362385091E-15
gfc   175  145 -6.56996164907366E-15 -5.13048454043075E-15
gfc   175  146 -1.35146331560924E-14  1.00966512738532E-14
gfc   175  147  1.77511065330470E-14  4.13391065148395E-15
gfc   175  148  5.67959416727104E-15 -1.14740504577454E-14
gfc   175  149  8.83448655133930E-15 -1.15917149843009E-15
gfc   175  150  5.25115856878491E-15  9.09481293008046E-15
gfc   175  151 -1.66482092181687E-15  8.80939312362932E-15
gfc   175  152 -2.08176581735174E-15 -7.81493997008016E-15
gfc   175  153 -3.39953418623816E-15  1.77054246698991E-14
gfc   175  154 -6.93647149521614E-15 -9.00423702066207E-15
gfc   175  155  1.56288679643062E-14  7.14241945664478E-15
gfc   175  156 -5.26370171203175E-16 -2.60806222621664E-15
gfc   175  157 -5.29677270926408E-15  1.58093462833830E-14
gfc   175  158  7.95270979130889E-15 -1.08500948316178E-14
gfc   175  159 -7.89973620049708E-15 -9.55993296835875E-15
gfc   175  160 -2.12633096403660E-15  3.06983826564254E-15
gfc   175  161 -1.53867560868268E-14  6.50538354828486E-15
gfc   175  162  3.86977506898430E-16 -7.04374089839311E-15
gfc   175  163  9.79213403554449E-15  3.83506236942929E-16
gfc   175  164 -6.77083411622960E-15 -6.03723201079592E-15
gfc   175  165 -1.19820531193570E-15  3.66203266578465E-15
gfc   175  166  4.52093124522017E-15  1.19315579706962E-15
gfc   175  167  1.39175118586608E-15 -4.73269579493596E-16
gfc   175  168  1.32062165683612E-14  2.04623141658691E-15
gfc   175  169 -3.67428188344800E-15 -1.38901992892618E-16
gfc   175  170 -4.04935870518698E-15  1.39570140005953E-14
gfc   175  171  1.98343201045649E-14 -6.95542908699263E-15
gfc   175  172 -6.36242382413122E-15 -1.10157085522148E-14
gfc   175  173 -7.24674718681879E-15  1.20527182418902E-14
gfc   175  174  3.37298966100471E-16 -7.54453296800889E-15
gfc   175  175 -8.86971500667739E-15  2.47776725357102E-15
gfc   176    0 -1.44430774892303E-15  0.00000000000000E+00
gfc   176    1 -6.99276958481370E-15 -1.58972272713701E-13
gfc   176    2  2.02745732688643E-14 -9.51811034944537E-14
gfc   176    3 -3.86553934359690E-14 -1.72632184001444E-14
gfc   176    4 -1.13215080951159E-14 -1.84668210837704E-14
gfc   176    5 -4.02477496327389E-14  9.91845312531087E-15
gfc   176    6 -6.83671133292956E-14 -3.05454457297054E-14
gfc   176    7 -1.23915710094197E-13 -4.95759041678725E-14
gfc   176    8 -2.74645542307414E-14  1.46422543058438E-14
gfc   176    9 -9.65600022421920E-14 -5.67452793010392E-14
gfc   176   10 -1.05806952174884E-13  2.18311260550381E-14
gfc   176   11  8.29432666006624E-14  1.69071792301723E-14
gfc   176   12 -1.55798916498632E-13 -7.60587928247957E-14
gfc   176   13 -3.08556411636149E-14  4.73118187339283E-14
gfc   176   14  1.23600247904115E-14 -3.63749661134374E-14
gfc   176   15 -1.50228459833205E-13 -8.87905517781835E-14
gfc   176   16 -3.21142329170701E-14  5.35699266383005E-15
gfc   176   17  3.05115195769035E-14 -1.02209804151725E-13
gfc   176   18 -4.93927857526958E-14 -1.10705076472644E-13
gfc   176   19  2.80867941683096E-14  9.20132775890763E-14
gfc   176   20  1.14363537725879E-13 -5.80182334626084E-14
gfc   176   21  2.21085533211140E-14 -2.64386861605510E-14
gfc   176   22  9.61932452604963E-15  5.73138119641195E-14
gfc   176   23  1.18542010241822E-13 -9.12973909599527E-14
gfc   176   24  3.28241711669185E-14 -9.21818565406212E-14
gfc   176   25  2.05653945074676E-14  1.14776754318356E-13
gfc   176   26  2.21985550854690E-13 -4.73326407125288E-14
gfc   176   27  9.98186765594812E-14 -4.91968716716546E-14
gfc   176   28  8.52638981093364E-14  4.50810169796867E-14
gfc   176   29  1.54393591738935E-13 -2.88356901376335E-14
gfc   176   30  1.08607291677575E-13 -1.15338912592111E-15
gfc   176   31 -8.39789246859670E-15  1.03223659386094E-13
gfc   176   32  2.14308702666146E-13  1.42341705337738E-13
gfc   176   33  2.04365987602996E-13 -4.29912034096482E-14
gfc   176   34 -1.16137861651575E-13 -1.34848313220231E-13
gfc   176   35 -9.77140158175509E-14  4.75769561985325E-14
gfc   176   36  1.22753345963802E-13 -1.32573954779868E-14
gfc   176   37 -2.49419600280157E-14 -2.60686692435469E-13
gfc   176   38 -2.20009367544057E-13 -2.42039646340207E-13
gfc   176   39 -9.35821201349174E-14 -8.99652907910691E-14
gfc   176   40 -6.14323529821257E-14 -4.60401974401348E-14
gfc   176   41 -2.21051241564505E-13 -6.59933863456631E-14
gfc   176   42 -1.25677770037909E-13 -1.03974200292872E-13
gfc   176   43  6.96448003797873E-15  1.29465125542793E-13
gfc   176   44  1.31043543493796E-13  1.28754837058152E-13
gfc   176   45  2.35083405906625E-13  3.35172496681625E-14
gfc   176   46  1.31166282935375E-13 -1.41708021778468E-13
gfc   176   47  1.07233045324758E-14 -1.83489068472497E-13
gfc   176   48 -1.06013956580257E-13 -7.02938906199773E-14
gfc   176   49 -1.27986778110305E-13  6.22576173808636E-14
gfc   176   50  4.93695309427748E-14  1.96659959185579E-13
gfc   176   51  5.50097741682649E-14  7.80586383186257E-14
gfc   176   52  7.54450733029539E-14  3.19529030483694E-14
gfc   176   53 -5.54458151728891E-14  7.94990355708758E-14
gfc   176   54  4.69575951605034E-14  1.03307892591470E-13
gfc   176   55 -2.69079444156633E-14  1.10113292549131E-13
gfc   176   56  6.10633081468075E-14  7.27979785512017E-14
gfc   176   57  7.90427935407447E-14  7.63962420855773E-14
gfc   176   58  4.86763286168012E-14 -3.32427580509502E-14
gfc   176   59  1.95814071978688E-14  3.30350115967875E-15
gfc   176   60 -2.01229425674650E-14  1.01414306312404E-14
gfc   176   61  6.61390806115221E-14 -1.34250125562122E-14
gfc   176   62 -1.55214059082725E-13 -3.05814101705427E-14
gfc   176   63 -9.57730090259502E-14  8.42017348610002E-14
gfc   176   64 -1.13458817908208E-13  2.70079487528350E-13
gfc   176   65  1.65537476371321E-13  2.08751530284795E-13
gfc   176   66  1.74862937573771E-13  1.27064441298516E-13
gfc   176   67  1.96108395972537E-13 -6.06393361156282E-14
gfc   176   68  4.80427939068742E-15 -1.11522755868741E-13
gfc   176   69 -6.13063864130294E-14 -3.93248800495363E-14
gfc   176   70 -2.70417506762932E-14  1.03772001155918E-13
gfc   176   71  1.12731403666550E-13  1.08010580321593E-14
gfc   176   72  1.03403495459280E-13  1.17899886416774E-14
gfc   176   73  5.34754351454917E-14 -1.17657217679291E-13
gfc   176   74 -9.62430891423107E-15 -6.45542665593549E-14
gfc   176   75 -3.17719325706358E-14 -9.52738576920659E-14
gfc   176   76 -6.24052803871916E-14 -2.05201210436137E-14
gfc   176   77 -8.50004246767694E-14 -6.87784044396424E-14
gfc   176   78 -7.42279503271383E-14  3.32822482309104E-14
gfc   176   79 -5.50162983632307E-14  2.59564517572587E-15
gfc   176   80 -2.82279805981108E-14  8.89314684562368E-14
gfc   176   81  7.88789423837798E-15  5.43357315553708E-14
gfc   176   82  7.58178068469846E-14  8.83903342288821E-14
gfc   176   83  9.63663814210052E-14 -4.72594805294110E-14
gfc   176   84 -4.74779100045960E-14 -9.05563187384040E-14
gfc   176   85  6.50933693564884E-15  3.15516228031056E-14
gfc   176   86  6.32666592374266E-15 -7.84776237177646E-14
gfc   176   87 -5.63849210041459E-14 -1.49351045575963E-14
gfc   176   88 -1.69587245307193E-14  4.07808061833603E-14
gfc   176   89  2.46499779181262E-14  3.08420411516907E-14
gfc   176   90  1.21640929397211E-14 -2.34436777259766E-15
gfc   176   91  1.64371109728613E-14  2.48867340065226E-15
gfc   176   92  1.50886758234429E-14 -4.39738990445913E-14
gfc   176   93 -7.51800899740087E-15 -1.38682532147515E-14
gfc   176   94  1.46065615888932E-14  1.87742685590824E-14
gfc   176   95  2.91978043865031E-14  1.11522545339460E-14
gfc   176   96 -1.43988088028805E-14  3.64463410055265E-14
gfc   176   97 -8.91664701621390E-17  1.83693212390229E-15
gfc   176   98 -4.00522789776509E-15 -2.85276276509258E-14
gfc   176   99  3.48481677587953E-14 -1.30344586086710E-15
gfc   176  100  1.81139078939415E-14 -7.88283711587379E-15
gfc   176  101  1.10597948678033E-14  6.52807172063584E-15
gfc   176  102 -1.50655545333910E-14  2.93769333955153E-14
gfc   176  103 -1.41524372383506E-14 -7.24964359036457E-15
gfc   176  104  1.82546320575537E-14  2.20900943197292E-14
gfc   176  105  8.67785894806883E-15 -1.81862041800874E-14
gfc   176  106  1.86548305449541E-14  1.35483975520300E-15
gfc   176  107 -1.14466056975757E-14  7.75588081935822E-15
gfc   176  108 -5.13057921320425E-15  1.95947362342294E-14
gfc   176  109 -3.06378874230032E-14  2.26731443373450E-14
gfc   176  110 -1.06532523656127E-14  1.15896131320593E-14
gfc   176  111  7.67909573326045E-15 -2.93363100888183E-14
gfc   176  112 -4.81873780376209E-16  3.30568932302437E-14
gfc   176  113 -6.58541500399476E-14 -4.11134209258905E-15
gfc   176  114  7.71458157455651E-15 -4.65920913101341E-14
gfc   176  115  1.27471208083785E-14 -1.05874027254472E-14
gfc   176  116 -3.74041503496759E-14  1.34732429923940E-14
gfc   176  117 -2.46367938683164E-14 -4.87216905147941E-14
gfc   176  118  3.64850253867099E-14 -2.30099250948395E-15
gfc   176  119 -1.19183962002089E-14  4.49313414880947E-14
gfc   176  120 -1.18180284100465E-14 -2.06238877898460E-14
gfc   176  121  2.09136212600792E-14 -3.62084061660191E-14
gfc   176  122 -1.68323654616081E-14  2.72803972185995E-14
gfc   176  123 -2.37874120668331E-14 -1.08235195988167E-14
gfc   176  124  3.67285177995285E-15 -2.93768442371378E-14
gfc   176  125 -1.00164844855947E-14 -1.36453578704144E-14
gfc   176  126  3.87483302745770E-14  1.27819229387601E-14
gfc   176  127  1.83728475913435E-14  6.63373409690362E-15
gfc   176  128 -1.96224131454776E-14 -7.93117410158825E-15
gfc   176  129  3.00425153280956E-15  7.90861349304207E-15
gfc   176  130  8.92778984662216E-15  2.60847354549109E-15
gfc   176  131  1.87976902387438E-14  2.49512849901446E-14
gfc   176  132 -2.70344575981927E-14 -5.95630595065319E-15
gfc   176  133 -9.20200430995844E-15  1.21873203486224E-14
gfc   176  134 -1.70440440076292E-14  3.85739391682036E-15
gfc   176  135  1.56468870754136E-14  5.39519407388068E-15
gfc   176  136 -7.36594367323586E-15  3.33563063691168E-14
gfc   176  137 -3.30322354573178E-14 -1.65686752971364E-14
gfc   176  138 -1.12606614207017E-14 -1.98765158360884E-14
gfc   176  139  5.01597821355242E-15  1.43798517036328E-14
gfc   176  140 -1.12794865185350E-14 -5.91606810156404E-15
gfc   176  141  4.21317439999889E-15 -9.05189872685174E-15
gfc   176  142 -2.30079013808471E-16 -1.77527008486707E-14
gfc   176  143 -2.90070592110364E-14  3.19155140012973E-14
gfc   176  144  1.86090536751829E-15  1.24384075356964E-14
gfc   176  145 -2.38607121592191E-15 -1.41350561773662E-14
gfc   176  146  5.66873054124762E-15  1.71004788185321E-14
gfc   176  147 -7.66797796486845E-15  3.92756981444928E-15
gfc   176  148  8.27024924039870E-16 -7.43210645211693E-15
gfc   176  149  5.36503388348207E-15 -7.84435228927460E-15
gfc   176  150  2.88577006792216E-15  1.24824155239387E-14
gfc   176  151 -6.93650371668971E-16 -1.42390057373765E-14
gfc   176  152 -2.20191585460084E-15 -1.50978022017079E-15
gfc   176  153  1.24536439397643E-14  1.08451337119192E-14
gfc   176  154 -1.07847550766070E-14  1.42851161673670E-14
gfc   176  155 -5.02120376500739E-15 -1.57762056707286E-14
gfc   176  156 -3.29093864668060E-15  3.60727090348124E-15
gfc   176  157  2.70414621619152E-15 -4.92243915651356E-15
gfc   176  158 -1.06442649788009E-14  2.43627396081034E-16
gfc   176  159 -2.96349286551964E-15 -1.85813309492487E-14
gfc   176  160  4.72905745134224E-15  1.67738330492076E-15
gfc   176  161  9.21739840187875E-18 -1.33464225320506E-14
gfc   176  162  4.61316156987722E-15 -2.11458899144507E-15
gfc   176  163  8.07583214651816E-15  5.15144756092348E-15
gfc   176  164  7.03604185751478E-15 -1.34373120507408E-14
gfc   176  165 -1.48581973832134E-14 -1.18870160753940E-15
gfc   176  166  6.33600402081858E-15  1.88330267943397E-14
gfc   176  167 -1.80720029479202E-15 -1.42815861969606E-14
gfc   176  168 -2.29176220031527E-16  5.03907340555330E-16
gfc   176  169  9.25511483312135E-15  8.82389945132940E-15
gfc   176  170 -7.54868163747553E-15 -2.48189800720709E-15
gfc   176  171 -1.18753391770601E-14  3.32948167388348E-15
gfc   176  172  1.24784073169840E-14 -1.51659398995084E-14
gfc   176  173  3.06185326234845E-15 -6.91229035300476E-15
gfc   176  174 -7.33537663764456E-15  1.84201043349400E-14
gfc   176  175  3.94026569967719E-15  2.45375511695057E-15
gfc   176  176 -9.60799597884338E-16 -1.73097136333434E-15
gfc   177    0 -9.60065259184707E-14  0.00000000000000E+00
gfc   177    1  4.00522605258708E-14  8.62974769361783E-14
gfc   177    2 -4.15651154606040E-14 -3.10548839151170E-14
gfc   177    3  7.42014014319972E-14  9.79741673289936E-14
gfc   177    4  2.45853168521542E-14  5.99443412735651E-14
gfc   177    5  5.80296976079837E-14  1.19041938931188E-13
gfc   177    6  4.47935924670124E-14  3.42940424183950E-14
gfc   177    7  1.71916984176307E-15  4.24007815377811E-14
gfc   177    8  3.63528173573656E-14  6.12191430595993E-14
gfc   177    9  3.74929062427115E-14 -5.56528554445459E-14
gfc   177   10 -6.29364535035147E-14  6.16404000493063E-14
gfc   177   11  4.37682010894170E-14  3.74867809281862E-14
gfc   177   12 -6.04151973409568E-14 -1.00765595919784E-13
gfc   177   13 -9.08608609018433E-14  1.50361889781415E-13
gfc   177   14  2.46609952013000E-14 -2.41451567789662E-14
gfc   177   15 -9.23958401558289E-14 -6.35935570858986E-14
gfc   177   16 -7.07762525211068E-14  2.64038521510088E-14
gfc   177   17  7.08827505540295E-14 -1.19765635883432E-13
gfc   177   18  2.82825647696453E-15 -8.32122465768362E-14
gfc   177   19  7.57657011109819E-14 -4.01323488681687E-14
gfc   177   20  2.19425836316703E-13  1.25677056965234E-14
gfc   177   21  6.63903277614523E-15 -8.69983308898616E-14
gfc   177   22  4.85903378473776E-14  1.73106775694413E-14
gfc   177   23  9.76832427886624E-14  4.02920719553678E-14
gfc   177   24 -6.61284679579121E-14 -8.81733383959851E-14
gfc   177   25  4.62634458245627E-14  3.72011527880324E-14
gfc   177   26  1.76392959809327E-13  1.54850739069139E-14
gfc   177   27  6.97359766784117E-14 -1.91295050988552E-13
gfc   177   28  8.98644910242354E-14 -3.05414897266879E-15
gfc   177   29  1.64602206910822E-13 -7.75837809456540E-15
gfc   177   30  1.37295358572553E-13 -1.54605168920486E-14
gfc   177   31  8.66354046955086E-14  7.51485209097794E-14
gfc   177   32  1.55095310718627E-13  1.60054082313576E-13
gfc   177   33  1.69726212500146E-13 -6.00536318719737E-14
gfc   177   34 -7.29790914607898E-14 -1.14734603637681E-13
gfc   177   35 -1.12277364295851E-13  6.67200965450559E-14
gfc   177   36  1.68532547370613E-14  3.87685061963270E-14
gfc   177   37 -1.34086695000482E-15 -3.14574950344001E-13
gfc   177   38 -2.25727615541540E-13 -2.06542362557017E-13
gfc   177   39 -2.62355020183516E-13 -6.26819045357425E-14
gfc   177   40 -1.01973225450052E-13 -7.95539801920133E-14
gfc   177   41 -1.54210997423884E-14 -1.17389197778712E-13
gfc   177   42 -9.89674652288336E-14  1.63165958815847E-15
gfc   177   43 -1.34619010938040E-13  1.25855279109263E-13
gfc   177   44  1.16650178877880E-13  9.69006693703549E-14
gfc   177   45  1.95015201961685E-13  3.02348300285878E-14
gfc   177   46  1.42433946270380E-13 -1.62277546144270E-13
gfc   177   47  1.58328583572789E-14 -1.91524554261891E-13
gfc   177   48 -1.36919868824969E-13 -1.06213130015134E-13
gfc   177   49 -9.12792645173825E-14  1.11066061511566E-13
gfc   177   50 -1.67916332882289E-14  1.89539260221434E-13
gfc   177   51  1.44205199834093E-13  8.36083985104579E-14
gfc   177   52  4.07230995743982E-14  3.59310105849255E-14
gfc   177   53  5.50094019980037E-15  3.26798200066796E-14
gfc   177   54  3.13498440854813E-15  8.57582063739074E-14
gfc   177   55  7.43711594618981E-14  8.75571498186909E-14
gfc   177   56  5.32831860881386E-14  8.11185936482181E-14
gfc   177   57  8.88673911610123E-14  6.74541669007105E-14
gfc   177   58  6.46355264637415E-14 -4.37008823527982E-14
gfc   177   59  5.52977309452703E-14 -6.03075240654616E-15
gfc   177   60 -2.66585621410617E-14  2.69034865242868E-15
gfc   177   61  2.64783570019765E-14 -3.53244095959454E-14
gfc   177   62 -6.59020238183621E-14 -2.92982127518977E-14
gfc   177   63 -1.03759550375098E-13  1.00069912152225E-13
gfc   177   64 -6.97480357405924E-14  2.03042076263014E-13
gfc   177   65  1.66510713212213E-13  2.33579661548669E-13
gfc   177   66  2.04271831028138E-13  1.13033384654124E-13
gfc   177   67  1.55900034561685E-13 -8.66039217398818E-14
gfc   177   68  3.56981148267721E-14 -9.97372203988474E-14
gfc   177   69 -6.23214393447608E-14 -7.34256457377600E-14
gfc   177   70 -4.48664226182971E-14  5.82973387367057E-14
gfc   177   71  7.89808161103267E-14  2.20847312314188E-14
gfc   177   72  1.08389909142334E-13 -4.19493373965170E-16
gfc   177   73  5.69579175940495E-14 -1.03871855591324E-13
gfc   177   74 -2.34745152033741E-14 -7.82852189779146E-14
gfc   177   75 -5.43085480025701E-14 -1.06436761140381E-13
gfc   177   76 -7.88232385492132E-14 -2.89363551496120E-14
gfc   177   77 -6.03821162573320E-14 -4.48976436362778E-14
gfc   177   78 -6.38862954857780E-14  3.99660954784444E-14
gfc   177   79 -2.03276180053974E-14 -4.12824499625681E-15
gfc   177   80 -4.91301147980609E-14  9.39318901214600E-14
gfc   177   81  2.91940873635894E-14  8.41222076992641E-14
gfc   177   82  6.24223680706423E-14  6.53472466187742E-14
gfc   177   83  1.10183418132473E-13 -6.20820966564558E-14
gfc   177   84 -5.65444573408902E-14 -8.12632246164743E-14
gfc   177   85  1.03124763570566E-14  2.15304764350637E-14
gfc   177   86  3.54452004291350E-15 -5.71048414695170E-14
gfc   177   87 -8.36572124188929E-14  1.18901629864653E-14
gfc   177   88 -1.87510338343122E-14  5.19497864349286E-14
gfc   177   89  2.42274850792349E-15  3.45804165480809E-15
gfc   177   90  1.48092714066158E-14 -2.16156359480575E-14
gfc   177   91  1.65307857102733E-14  5.21356806585498E-15
gfc   177   92  3.29873691659683E-14 -3.61829422832228E-14
gfc   177   93 -2.20724872440449E-15  2.19717589968886E-14
gfc   177   94 -1.67034301065260E-14  7.30396505456894E-15
gfc   177   95  8.69086943455087E-15  7.63884052663305E-15
gfc   177   96 -1.67572503598353E-14  1.67378555855525E-14
gfc   177   97  3.91445539407856E-14  3.93584389452103E-15
gfc   177   98  1.56116147894283E-14  9.68309682640746E-15
gfc   177   99  7.76136999978668E-16  9.66883766963863E-15
gfc   177  100 -8.02832328782664E-15  2.82621284640747E-14
gfc   177  101 -3.79696163658995E-14 -2.25418528590406E-14
gfc   177  102  3.28425258800875E-14  4.56064481693757E-15
gfc   177  103  7.54978411554466E-15  1.46884772496741E-14
gfc   177  104 -2.17883968038950E-14  9.97645606404517E-15
gfc   177  105 -1.08696400637693E-14 -2.10700433537695E-14
gfc   177  106 -8.06848699356422E-15  2.57314907134420E-15
gfc   177  107 -4.37694476315437E-17 -5.17708893609925E-16
gfc   177  108  2.25208140708937E-14  1.63950167655986E-14
gfc   177  109 -4.62004615321840E-14  1.05292267209142E-14
gfc   177  110  1.29978384916436E-14  2.59871697331812E-15
gfc   177  111 -9.29735499705616E-15  1.67894379516325E-14
gfc   177  112 -2.28115130747113E-14 -3.49153534093506E-14
gfc   177  113  2.53371152739060E-14 -3.26826594843649E-14
gfc   177  114 -1.22554579747462E-14  1.11312811277246E-14
gfc   177  115 -4.68197710518445E-14 -2.61035608424519E-14
gfc   177  116  1.30427914758690E-14 -3.02355501328503E-14
gfc   177  117  1.05327885402299E-14  3.75539105033553E-14
gfc   177  118 -3.74170666053773E-14 -7.16621332627519E-15
gfc   177  119  2.12460701626772E-14 -1.85441618957081E-14
gfc   177  120  2.77342071947482E-14  1.74040660988063E-14
gfc   177  121 -1.84680441121429E-14  1.86451983004667E-15
gfc   177  122 -3.88051391371568E-14 -1.73134346860236E-15
gfc   177  123  4.95871681841536E-15 -6.51736332536722E-15
gfc   177  124 -1.07852133128198E-15 -1.22775142459035E-14
gfc   177  125  2.56699284009520E-15 -1.25949080000721E-14
gfc   177  126  1.91593972954302E-14  2.43546540229349E-14
gfc   177  127  3.47145884322296E-15 -1.11488537866069E-14
gfc   177  128 -2.21028034911211E-14 -1.56013195413972E-14
gfc   177  129  2.70696128664286E-15  2.96586369940630E-14
gfc   177  130  1.64172891182973E-14  2.25833287736687E-14
gfc   177  131 -6.38743502076481E-15 -4.67817732622835E-15
gfc   177  132 -1.78634034065907E-14 -1.92366258447711E-14
gfc   177  133 -1.99651774814892E-14  1.21468966378336E-14
gfc   177  134  6.96444742463475E-15  2.65461195868366E-14
gfc   177  135 -1.95765341686570E-14 -1.00912331476571E-14
gfc   177  136  1.29926373606673E-14 -1.06176032373884E-15
gfc   177  137 -2.08025749160319E-14  2.05493750636230E-14
gfc   177  138 -8.55306233934787E-15 -1.59435833128956E-14
gfc   177  139  1.06415890030632E-14  1.36857221166992E-15
gfc   177  140 -2.32732240252237E-14 -1.60219946504460E-14
gfc   177  141 -1.04538709445022E-14 -2.72879788924323E-14
gfc   177  142  5.42180420908385E-15  2.24153145507809E-14
gfc   177  143 -1.71910218479792E-14  1.12517967628859E-14
gfc   177  144  2.02951688726514E-14  3.57128318991078E-15
gfc   177  145 -1.34767284371300E-14 -1.74767256725407E-14
gfc   177  146 -1.32789620608442E-14  7.23924839888542E-15
gfc   177  147  2.66767732871119E-14 -1.30182607847816E-14
gfc   177  148 -6.37976813494246E-15  7.13719310783544E-15
gfc   177  149 -4.19782543467579E-15  6.02173721961196E-16
gfc   177  150  1.35656597133632E-14  8.59833164738578E-15
gfc   177  151  1.94117986872975E-15  4.08548906826422E-15
gfc   177  152 -5.63674057238681E-15 -1.36598767465947E-14
gfc   177  153  9.63246096011168E-15  3.87638035831764E-15
gfc   177  154  1.23781850458750E-14  1.57247680601549E-14
gfc   177  155  1.60674351465647E-16 -4.75015296646220E-16
gfc   177  156 -7.58851569374103E-15  4.54818510094516E-16
gfc   177  157 -4.75524022344711E-15 -4.15260071620387E-15
gfc   177  158 -5.81985869193326E-15 -3.23529442415738E-15
gfc   177  159 -1.54882646861567E-14 -1.27429234080136E-14
gfc   177  160 -2.44364802638020E-15  8.02051491583330E-15
gfc   177  161  7.44678895724677E-15 -7.36079974684439E-15
gfc   177  162 -1.59572950584189E-15 -2.21883280697288E-14
gfc   177  163  1.69469269676298E-14  1.02571867220254E-16
gfc   177  164  7.00423028608346E-15  7.57067129615335E-15
gfc   177  165 -4.19845437235488E-15 -1.42380027232811E-16
gfc   177  166  8.96616397610174E-16  1.24092595937630E-15
gfc   177  167  2.73822000018798E-16  6.56276906410315E-15
gfc   177  168 -9.65526054201890E-15 -1.69530301535378E-14
gfc   177  169 -5.58030631386946E-16  1.25771838566410E-14
gfc   177  170  3.09347850632201E-15  9.39004566912204E-15
gfc   177  171 -7.46720917172692E-15 -7.43701207460387E-15
gfc   177  172 -7.76331950944494E-15  1.21773838224451E-14
gfc   177  173 -2.14537185164672E-15 -5.61496618929763E-15
gfc   177  174  3.97809140766658E-15 -8.45579127067710E-15
gfc   177  175 -7.33267422874565E-15  2.59496766774885E-15
gfc   177  176 -1.38813931222013E-15  7.84329774115401E-15
gfc   177  177  5.54012216838804E-15 -8.99504415755543E-16
gfc   178    0  3.49541385494564E-14  0.00000000000000E+00
gfc   178    1 -2.93594174433857E-14 -1.14122773029023E-13
gfc   178    2  6.86006886990588E-14 -1.12210547309378E-13
gfc   178    3  4.01782121975265E-16 -3.32529691679133E-14
gfc   178    4  2.43912753831190E-14 -6.64436044954410E-14
gfc   178    5  1.31541293315663E-14  4.63056547413835E-15
gfc   178    6 -9.60632488897922E-15 -3.69061646699928E-14
gfc   178    7 -9.33261309399622E-14 -6.68132565105256E-14
gfc   178    8 -2.76766421482576E-14 -5.25673885617764E-15
gfc   178    9 -4.00657356649265E-14 -6.81738546503882E-14
gfc   178   10 -1.34842042727171E-13 -1.89763572484209E-14
gfc   178   11  5.24975000231337E-14  6.80224683998392E-14
gfc   178   12 -8.12947096955877E-14 -5.02634128956332E-14
gfc   178   13 -9.88455007536679E-14  4.50842903423019E-14
gfc   178   14  8.44747886865922E-14  6.52851672624476E-14
gfc   178   15 -1.28052266648501E-13 -9.38691972845048E-14
gfc   178   16 -1.18164207943471E-13  7.21442200329430E-15
gfc   178   17  1.92781801864623E-15 -6.43314864110928E-14
gfc   178   18 -8.22758665848574E-14 -1.10707771159055E-13
gfc   178   19 -9.20163001549636E-15  3.60606947075718E-16
gfc   178   20  8.69078674740838E-14 -4.34353569136962E-14
gfc   178   21  7.59629318357955E-14 -1.53525797499227E-13
gfc   178   22 -7.10952725924980E-14  2.04806086207883E-14
gfc   178   23  7.37231429837924E-14 -1.64314799740057E-14
gfc   178   24  5.58920377579381E-14 -7.65898098298116E-14
gfc   178   25  4.78812918531794E-14  1.10388999292536E-13
gfc   178   26  1.37601170894240E-13 -6.67006875452876E-14
gfc   178   27  1.29691788514607E-13 -1.27573904715016E-13
gfc   178   28 -2.43267414079609E-14 -3.87709991038116E-14
gfc   178   29  1.04500767898277E-13 -3.75012576319581E-14
gfc   178   30  1.43867160962705E-13 -1.75977360815017E-14
gfc   178   31  5.67089544904270E-14 -1.70128680940669E-14
gfc   178   32  1.58164652789064E-13  2.52340057899641E-14
gfc   178   33  1.91310707331485E-13 -4.08887460118807E-14
gfc   178   34 -5.32781216606736E-14 -1.46611161387849E-13
gfc   178   35 -1.11604737207591E-13  4.29048815107416E-14
gfc   178   36  1.00620447031984E-13  1.87386615273927E-14
gfc   178   37  3.71647200506463E-14 -1.86860231305308E-13
gfc   178   38 -2.94805651284616E-13 -2.45797384045962E-13
gfc   178   39 -1.89228027616057E-13  2.42369991666078E-15
gfc   178   40 -8.67977597653319E-14  7.77934693849346E-14
gfc   178   41 -1.96324338918099E-13 -1.09255056071321E-14
gfc   178   42 -1.93743963693110E-13 -8.84664829689013E-14
gfc   178   43 -5.65687805768799E-14  9.36979956040164E-14
gfc   178   44  4.14668343849312E-14  1.62470495400542E-13
gfc   178   45  2.13787928731921E-13  7.72124143775434E-15
gfc   178   46  1.04646251840123E-13 -1.62861197833026E-13
gfc   178   47 -1.15859702505351E-14 -2.00335041333652E-13
gfc   178   48 -9.86979134289995E-14 -8.99232200593951E-14
gfc   178   49 -1.09763065993502E-13  2.31332743267909E-14
gfc   178   50  4.98831834934337E-14  1.88019901406383E-13
gfc   178   51  1.02768363052950E-13  6.66898430830388E-14
gfc   178   52  1.36499965319259E-13  1.75835102885814E-14
gfc   178   53 -1.65833021545319E-14  3.03618730054657E-14
gfc   178   54  7.00138138308554E-14  9.50721014226926E-14
gfc   178   55  2.73957608687235E-14  7.97565668720411E-14
gfc   178   56  1.03433638130183E-13  4.24653156226805E-14
gfc   178   57  9.59386274508083E-14  1.79939008341138E-14
gfc   178   58  8.32665147541634E-14 -3.55412267659319E-14
gfc   178   59  4.10191289471563E-14 -4.94211475106432E-15
gfc   178   60  3.51996164847958E-14 -4.68256212940505E-14
gfc   178   61  4.57918191496053E-14 -6.50968787803127E-15
gfc   178   62 -1.12875110457649E-13 -7.10455524854468E-15
gfc   178   63 -4.33930241824122E-14  9.76834835627132E-14
gfc   178   64 -4.23389272968531E-14  1.96745817239109E-13
gfc   178   65  1.31619539062421E-13  1.44784219419969E-13
gfc   178   66  1.79514154151574E-13  9.21320681638633E-14
gfc   178   67  2.01465055671177E-13 -6.92868339808540E-14
gfc   178   68  2.75733551756046E-14 -1.32347597173354E-13
gfc   178   69 -3.27438854127152E-14 -1.02831803539114E-13
gfc   178   70 -7.66937751977573E-14  8.55559914837803E-14
gfc   178   71  6.54363486573551E-14 -1.95594372803038E-14
gfc   178   72  7.59611631962856E-14  2.31063992049450E-14
gfc   178   73  8.00175503843957E-14 -1.17274609354848E-13
gfc   178   74 -2.38618745646354E-14 -7.47506774647403E-14
gfc   178   75 -5.72913122096865E-14 -1.27490233599124E-13
gfc   178   76 -9.88646044061958E-14 -1.73268728396499E-15
gfc   178   77 -5.59752353885906E-14 -2.26948453755444E-14
gfc   178   78 -4.35913629682826E-14  5.38436205398166E-14
gfc   178   79 -1.76382998044935E-14  1.24688265273793E-14
gfc   178   80 -4.53847900264128E-14  5.87764413789003E-14
gfc   178   81  3.68859766364174E-14  9.12795125179889E-14
gfc   178   82  5.75554023767134E-14  2.75368600582131E-14
gfc   178   83  9.61754440091560E-14 -5.15896848789039E-14
gfc   178   84 -2.94981858614080E-14 -6.84833511674863E-14
gfc   178   85  1.70493607700769E-14  2.07434853851084E-14
gfc   178   86 -2.19530432046476E-14 -7.09647175955150E-14
gfc   178   87 -7.83297548456850E-14  2.20137262219539E-14
gfc   178   88 -1.68191624849250E-14  6.64411050373010E-14
gfc   178   89  2.35582746206700E-14 -2.09695303303437E-14
gfc   178   90  1.15733324562854E-14 -5.02417718515488E-15
gfc   178   91 -1.58248066900433E-15 -3.94383924555608E-15
gfc   178   92  1.51776887887560E-14 -1.17490496897180E-14
gfc   178   93 -8.14775723638333E-15  8.17751604419450E-15
gfc   178   94  5.16893259652159E-15  3.89790538893781E-14
gfc   178   95 -1.35596113108152E-14 -1.20378768447535E-14
gfc   178   96 -3.15065725393488E-14  1.85295087295677E-14
gfc   178   97 -1.06841067498474E-14 -1.36902251452783E-14
gfc   178   98  2.86760771176321E-14 -6.21273522485755E-15
gfc   178   99  1.76933387619384E-14  1.19379947354319E-14
gfc   178  100  8.51094305346907E-15  4.20142047345627E-14
gfc   178  101 -4.75647346010136E-14  4.37684427698209E-15
gfc   178  102 -1.35476245142630E-14  1.66240342914071E-14
gfc   178  103  5.01230227902208E-16 -3.14655365829658E-14
gfc   178  104  1.32171778330665E-14 -7.93038315510037E-15
gfc   178  105 -2.68483999227473E-14 -5.21630725371734E-15
gfc   178  106 -5.69335527689459E-15  4.19453818412263E-15
gfc   178  107 -2.50078003290366E-14  2.00745946913955E-14
gfc   178  108  1.69521728701578E-14  1.85532886241733E-15
gfc   178  109  2.82032673924473E-15 -6.05956460895702E-15
gfc   178  110 -2.45547864887207E-14  9.84430642607341E-15
gfc   178  111  3.73643108376065E-15 -3.55650802429380E-14
gfc   178  112  6.99113908412003E-15  5.87072273659537E-16
gfc   178  113 -2.73650278969676E-14 -1.05877793470839E-14
gfc   178  114  2.75083095554026E-15 -8.92216887073589E-14
gfc   178  115  3.26606177291982E-14  3.44531990402074E-15
gfc   178  116 -3.78406788902247E-14  3.23550895502209E-14
gfc   178  117 -1.93026966703382E-14 -1.99101806783131E-14
gfc   178  118  4.42544697995840E-14 -1.61945908777798E-14
gfc   178  119  1.64361021913149E-14  3.68302585276883E-14
gfc   178  120 -2.54392054266820E-14 -4.56269159113240E-15
gfc   178  121  9.27590631045688E-15 -2.47392978341333E-14
gfc   178  122 -2.51767246741584E-14  2.35429464139652E-14
gfc   178  123 -1.23541340016485E-14 -3.67529688130463E-15
gfc   178  124  1.76905800999390E-14 -3.16612408384594E-14
gfc   178  125  6.90836870142963E-15  1.81975212008159E-14
gfc   178  126  7.31603420368431E-15  1.26446013858222E-14
gfc   178  127  7.40477831503247E-15  4.48728431144975E-15
gfc   178  128 -3.22224122826778E-14 -3.12600831990036E-14
gfc   178  129 -1.01790966975668E-14  2.14362134067045E-14
gfc   178  130  4.47992515406185E-15  1.83340930743676E-14
gfc   178  131 -7.34471952329472E-15 -7.33907857570440E-15
gfc   178  132 -3.69010371814091E-14 -1.82282529345299E-14
gfc   178  133 -1.87987060334382E-14 -2.14422154681797E-14
gfc   178  134  3.67775004108988E-15  3.92837444531467E-14
gfc   178  135  7.17011174638173E-16 -2.13960278150983E-14
gfc   178  136 -7.89649606905474E-15 -6.91814369006904E-15
gfc   178  137 -3.14169494392334E-14 -1.53860347929831E-14
gfc   178  138 -1.63780857356545E-15 -1.17598649747286E-14
gfc   178  139  1.28301117654552E-14 -3.52571372021456E-15
gfc   178  140 -1.12503836922806E-14 -1.73223800910404E-14
gfc   178  141 -2.36158366994151E-14 -2.58564879242345E-14
gfc   178  142  1.18728919005030E-15  7.67565520659589E-15
gfc   178  143 -5.53785259927170E-15  2.62709661790218E-14
gfc   178  144  7.53334408570412E-15 -2.28329840623383E-15
gfc   178  145  7.81422839794189E-15 -2.46382726035371E-14
gfc   178  146 -2.03530221022302E-14  2.23394675925534E-15
gfc   178  147 -1.03643202321898E-15  7.74581933291215E-15
gfc   178  148  5.12590985133005E-15 -2.90940140417545E-14
gfc   178  149 -5.11331667556170E-15  1.94826202526343E-14
gfc   178  150 -1.90163466761337E-15  2.74204912455006E-15
gfc   178  151  1.02135177823854E-14  2.16746790445616E-14
gfc   178  152 -1.72412111628067E-15 -1.13453028272065E-14
gfc   178  153 -1.01121718130901E-14  3.53901281552557E-15
gfc   178  154  7.08849883042726E-15  5.09768509569103E-16
gfc   178  155 -1.15595262093073E-14 -3.70292193617213E-15
gfc   178  156  1.14252248959835E-14 -9.28187088315899E-15
gfc   178  157 -1.68998886688793E-14  3.41182003976770E-15
gfc   178  158  1.09999449565263E-14  2.28401590039496E-15
gfc   178  159 -9.46674498672122E-15 -6.24917746835745E-15
gfc   178  160  3.05503901650547E-15 -2.03592061800857E-16
gfc   178  161  2.61672597150436E-15  1.72983761911450E-14
gfc   178  162  1.38418148390440E-15 -1.57841791153524E-14
gfc   178  163  7.67186762652795E-15 -3.05511453039870E-15
gfc   178  164  5.72952388522696E-16  1.94576463084116E-15
gfc   178  165 -9.68449988563613E-16  1.23831431983456E-14
gfc   178  166 -1.00571656096655E-14  2.39620713591900E-15
gfc   178  167  3.77938172503973E-15 -1.18205969738292E-14
gfc   178  168 -9.13312459084405E-15  2.80773933968413E-16
gfc   178  169 -2.69433419723798E-16 -2.49063785174109E-15
gfc   178  170 -2.52067896582528E-15  8.07703097123312E-15
gfc   178  171 -1.82925454892088E-15 -2.33707350958673E-15
gfc   178  172  1.04431878404702E-14 -1.03308238101588E-14
gfc   178  173 -9.90423247522074E-15  1.77700250487729E-14
gfc   178  174 -1.02117606338024E-14  1.07021245854760E-14
gfc   178  175  6.11772849048727E-15 -8.54569689442978E-15
gfc   178  176  1.10079859749370E-15 -5.31038960636432E-15
gfc   178  177  6.05725665908970E-15  5.11058531129053E-15
gfc   178  178  3.21568348452648E-15 -9.89618028883949E-16
gfc   179    0 -1.04063600851726E-13  0.00000000000000E+00
gfc   179    1  5.86607510606548E-15  3.99572625688211E-14
gfc   179    2 -5.63699696404250E-14  3.17760173235691E-14
gfc   179    3  3.18235365145583E-14  1.33356532373213E-14
gfc   179    4  1.72604357012728E-14  7.96937924110457E-14
gfc   179    5  1.29583649542540E-14  9.82389291081437E-14
gfc   179    6  3.00191013003513E-14  8.04069482432865E-14
gfc   179    7  2.35376368266048E-15  4.19949787761717E-14
gfc   179    8 -1.88461741775191E-14  1.08435926779149E-13
gfc   179    9  4.04579339731643E-14 -5.13905708285918E-14
gfc   179   10 -7.28272310460927E-14  2.11283163033479E-14
gfc   179   11 -1.23890701207665E-14  9.06474618513986E-14
gfc   179   12  1.56933032582525E-14 -7.83812796400701E-14
gfc   179   13 -1.17824573650859E-13  1.31811531239999E-13
gfc   179   14  7.51941262652638E-14  5.02330207837203E-14
gfc   179   15 -3.23449601413622E-14 -5.22333036704647E-14
gfc   179   16 -1.01516129011075E-13  4.89741403629377E-14
gfc   179   17  1.67922441141366E-14 -2.38032509129605E-14
gfc   179   18  1.79077915751312E-14 -6.20145248716403E-14
gfc   179   19  1.91030198480319E-14 -3.50839979797095E-14
gfc   179   20  1.53345486091255E-13  2.35108576297860E-14
gfc   179   21  5.32665390993015E-14 -9.39389262645404E-14
gfc   179   22 -2.71573433148281E-14 -5.78266362165917E-14
gfc   179   23  5.54680552045661E-14  1.04987372179051E-13
gfc   179   24  7.36272970126811E-15 -7.21713377687326E-14
gfc   179   25  4.52917645087331E-14 -1.22580181055594E-14
gfc   179   26  1.64759466688599E-13 -3.84959788858908E-14
gfc   179   27  5.88322636878344E-14 -1.81316592769268E-13
gfc   179   28  4.92133560345127E-15 -8.83553957052862E-14
gfc   179   29  1.01783497502685E-13  4.19214705590431E-16
gfc   179   30  1.21875831696013E-13 -6.90307477532890E-14
gfc   179   31  9.04085971403921E-14 -5.95666064038190E-14
gfc   179   32  9.52924018646054E-14  2.18304033529859E-14
gfc   179   33  1.28352348596839E-13 -3.27023788348718E-14
gfc   179   34  1.31807662104215E-14 -1.33496393848009E-13
gfc   179   35 -1.26280615007624E-13  3.94893180432106E-14
gfc   179   36 -1.00332748252855E-14  8.21075747204093E-14
gfc   179   37 -5.06183345550648E-14 -2.31761524116346E-13
gfc   179   38 -2.42487196443367E-13 -2.01621932869339E-13
gfc   179   39 -3.36447853251044E-13 -1.63890270599167E-14
gfc   179   40 -1.25788570211672E-13 -4.52020057944576E-15
gfc   179   41 -2.06835718035385E-14 -8.36492057119456E-14
gfc   179   42 -1.19743809481834E-13  5.31207975074672E-14
gfc   179   43 -1.85390513391996E-13  1.44681514272362E-13
gfc   179   44  6.61535230216076E-14  1.78537036509575E-13
gfc   179   45  1.55610751345414E-13  1.88807622034836E-14
gfc   179   46  8.48581919037010E-14 -1.65494121224957E-13
gfc   179   47 -6.22945008015274E-14 -1.72880644696969E-13
gfc   179   48 -1.42300770890280E-13 -1.01891227884737E-13
gfc   179   49 -8.34253818732839E-14  5.58670883864810E-14
gfc   179   50  1.13225987570684E-14  1.38876000693319E-13
gfc   179   51  1.63666802996133E-13  6.91406016332392E-14
gfc   179   52  1.07155928243326E-13 -1.75298384097680E-14
gfc   179   53  4.59654628655547E-14  1.32802078176778E-14
gfc   179   54  3.62332187138121E-14  6.45015231277315E-14
gfc   179   55  1.03262972947726E-13  7.09309756506317E-14
gfc   179   56  1.27504925203828E-13  2.18221001617918E-14
gfc   179   57  1.93321572880219E-14  2.41318984528943E-14
gfc   179   58  1.15858492957278E-13 -5.64990603391839E-14
gfc   179   59  5.03104399908293E-14 -1.51499965105999E-16
gfc   179   60  3.45277490609949E-14 -6.18396290258709E-14
gfc   179   61 -5.02639944231291E-15 -1.98549978657086E-14
gfc   179   62 -9.00050789454803E-16 -1.51582755909543E-14
gfc   179   63 -6.37101017098818E-14  1.24059121980887E-13
gfc   179   64 -2.78560344443784E-14  1.25793089680446E-13
gfc   179   65  1.51517785938767E-13  1.76599109356372E-13
gfc   179   66  1.57802013602314E-13  5.18956268227205E-14
gfc   179   67  1.86903668118141E-13 -9.91154385246132E-14
gfc   179   68  2.61693969562658E-14 -1.42135555236035E-13
gfc   179   69  9.55865331019323E-15 -9.33505035200166E-14
gfc   179   70 -7.88270594427118E-14  2.51601232841992E-14
gfc   179   71  6.16101817703326E-14  2.87181228064156E-14
gfc   179   72  4.32008596792742E-14  3.06782466011561E-15
gfc   179   73  1.04720465144625E-13 -9.16195290753802E-14
gfc   179   74 -4.74442641674686E-14 -7.96564182384736E-14
gfc   179   75 -5.23004112500217E-14 -1.21312319195667E-13
gfc   179   76 -1.19875299833993E-13 -2.39519653570964E-15
gfc   179   77 -3.60529719878153E-14  1.20874500041752E-14
gfc   179   78 -4.98091220137250E-14  7.22056146399453E-14
gfc   179   79  1.19806240222377E-14  1.71278669743400E-14
gfc   179   80 -5.07788008406175E-14  8.47613454119794E-14
gfc   179   81  4.67041762101178E-14  5.18924597720300E-14
gfc   179   82  3.87664860267190E-14  2.89896668406483E-14
gfc   179   83  6.95729804094009E-14 -7.04474178929014E-14
gfc   179   84 -2.00631117253676E-14 -4.05038349915559E-14
gfc   179   85  3.65955612185120E-14 -3.66202800578882E-15
gfc   179   86 -1.92499137531319E-14 -7.57329509141358E-14
gfc   179   87 -8.59252934419129E-14 -2.70222220865676E-15
gfc   179   88  8.22671553001199E-16  6.56177848181513E-14
gfc   179   89  2.05999958831508E-14 -3.12363270769930E-14
gfc   179   90  2.85759217806676E-14 -8.85856778904941E-15
gfc   179   91  2.96702055559960E-14  3.21434604478165E-15
gfc   179   92 -1.36966314929550E-14 -1.08426432444063E-15
gfc   179   93 -5.64451797736933E-15  1.13976835468349E-14
gfc   179   94 -3.47610326787170E-14  4.61040219678035E-14
gfc   179   95  5.99426913311134E-15 -3.30200278129494E-14
gfc   179   96 -3.85635376685222E-14  1.42764258285125E-14
gfc   179   97 -2.28312587336987E-15 -1.70050187384650E-14
gfc   179   98 -7.35883883242691E-15  8.02784202626820E-15
gfc   179   99 -2.23566703210370E-14  2.01323554869969E-14
gfc   179  100  1.18803311878953E-14  9.64441941348543E-15
gfc   179  101 -1.02550473782858E-14 -8.83736985681824E-15
gfc   179  102  1.13331299770121E-14 -4.48284658574378E-15
gfc   179  103  9.45797217581588E-15  4.47476039767658E-15
gfc   179  104 -4.47943370074121E-14  8.60030260774209E-15
gfc   179  105 -1.78409974950419E-14 -3.21372353403259E-14
gfc   179  106  2.89123246082797E-15 -9.34528837425867E-15
gfc   179  107 -1.86675087459269E-15  1.59656974542041E-14
gfc   179  108  5.23852908176748E-15  1.63882630785847E-14
gfc   179  109 -3.08657426610299E-15 -3.06216859059491E-15
gfc   179  110 -1.73700459803084E-14 -2.41952816079525E-14
gfc   179  111  9.34720506820214E-15 -7.75635376521165E-15
gfc   179  112 -3.43239669716366E-14 -4.95093345886650E-14
gfc   179  113  4.83302498922028E-14 -1.27545787155434E-14
gfc   179  114  4.17129406502699E-15  7.44929017744022E-16
gfc   179  115 -3.43330347636807E-14 -3.27565477795752E-14
gfc   179  116  2.40235006856829E-14 -2.82307699240255E-14
gfc   179  117  3.32643025997488E-14  4.12630919297477E-14
gfc   179  118 -2.94090286028837E-14  1.33316980795730E-15
gfc   179  119  3.89576583537242E-14 -2.91404465360354E-14
gfc   179  120  2.44332494333209E-14  3.66331153839871E-14
gfc   179  121 -4.15676115747047E-14  1.85340987108351E-14
gfc   179  122 -4.39891479484964E-14 -1.12565853277297E-14
gfc   179  123  7.65958502673649E-15 -3.86534980486364E-15
gfc   179  124  2.04341613637102E-14  6.16912861534214E-18
gfc   179  125 -1.84169610233419E-14 -3.16696111526759E-15
gfc   179  126  2.68577968372307E-15  1.35789442730849E-14
gfc   179  127  2.23401181749915E-15  2.54986988590527E-15
gfc   179  128  2.71316598049455E-15 -2.12636180135726E-14
gfc   179  129 -8.15152250289063E-15  1.28587570623225E-14
gfc   179  130  5.46901686523058E-15  1.58118258773345E-14
gfc   179  131 -9.88416038255432E-15 -1.68638606928050E-14
gfc   179  132 -1.05810281666382E-14 -2.72520451587588E-14
gfc   179  133 -1.22144298848881E-14  1.08671628339547E-15
gfc   179  134  1.08665041229440E-14  1.05674415957784E-14
gfc   179  135  4.72428908460317E-15 -1.70526329095327E-14
gfc   179  136  1.03493203965203E-16 -4.05161339807267E-14
gfc   179  137 -7.86768591114882E-15  1.68507977828736E-14
gfc   179  138 -1.99144826614253E-14 -2.11322804803442E-14
gfc   179  139  1.32329658561591E-14 -9.47046021261084E-15
gfc   179  140  1.78231308947649E-15 -2.02924744834639E-14
gfc   179  141  1.24546538374625E-14 -2.37116270168687E-14
gfc   179  142  8.42692080313425E-15  1.22733081124632E-14
gfc   179  143 -1.21973957664838E-14  6.77784566059926E-15
gfc   179  144  1.56515007051044E-14 -9.64050151557190E-15
gfc   179  145  8.02605859936577E-16 -5.76347310402189E-15
gfc   179  146 -2.03589223785679E-14 -1.64494780001603E-14
gfc   179  147  1.01874785548711E-14  3.03865744126875E-16
gfc   179  148 -7.32135854052472E-15 -6.97179139521027E-17
gfc   179  149 -5.56508534059289E-15  3.46552802384261E-15
gfc   179  150  8.27712756032589E-15 -8.52631802613049E-16
gfc   179  151  3.83095644080329E-15 -2.01035838960233E-15
gfc   179  152 -1.12221409989261E-15  1.77192141383132E-14
gfc   179  153 -3.20823145534151E-15 -8.38982276051333E-15
gfc   179  154  8.04884338307838E-15  1.23719117225273E-14
gfc   179  155 -1.38118025598695E-14 -1.01069529588581E-14
gfc   179  156 -1.57084745046785E-14 -8.57707356270713E-16
gfc   179  157  1.46400450065625E-14 -6.61171037541914E-15
gfc   179  158  6.42200162962833E-15 -2.46195726374671E-15
gfc   179  159  1.24138138832169E-14  9.38798702066052E-16
gfc   179  160 -5.29987617513030E-15  9.54594620667517E-16
gfc   179  161  1.78061582965968E-14 -1.77223764177717E-15
gfc   179  162 -5.90328078033479E-15  4.77010679777315E-16
gfc   179  163  3.95914094572815E-15  2.19422397322919E-15
gfc   179  164  1.04147367143240E-14  1.64789031062083E-14
gfc   179  165 -1.76871313075901E-14  3.30494706968377E-16
gfc   179  166 -9.73603744332009E-16  1.43775332291392E-14
gfc   179  167  1.40359598035430E-15 -1.30321503449195E-14
gfc   179  168 -4.37934629640486E-15 -1.54605068854664E-14
gfc   179  169 -9.91618244274321E-15  8.09934855996264E-15
gfc   179  170  5.88391405913060E-15 -2.19278160346660E-15
gfc   179  171 -4.38855022122927E-15 -3.90695357950909E-15
gfc   179  172  3.05897285975251E-15 -5.41499540492384E-15
gfc   179  173  1.92327644864912E-14  8.82423471303358E-16
gfc   179  174 -6.64797731280533E-15 -1.53021886788320E-16
gfc   179  175  2.33825959648829E-16  1.78180853007694E-14
gfc   179  176  5.56033159397105E-15 -4.21175453649703E-15
gfc   179  177 -1.20438613163576E-14 -1.67063292305782E-15
gfc   179  178  6.25293427323809E-15  9.06950274160098E-15
gfc   179  179 -1.05667779365054E-15 -1.37688677268586E-15
gfc   180    0  5.49074601799742E-14  0.00000000000000E+00
gfc   180    1 -2.70260290656344E-14 -7.46180172279250E-14
gfc   180    2  7.72774340145797E-14 -9.90872034772148E-14
gfc   180    3  1.58769032844536E-14 -6.54245563246178E-14
gfc   180    4  7.89906916833285E-14 -1.01992832969879E-13
gfc   180    5  1.44606310048962E-14 -1.68685706066659E-14
gfc   180    6  6.21645892308741E-14 -2.47228553509010E-14
gfc   180    7 -2.80555913551679E-14 -6.84829931119352E-14
gfc   180    8 -5.26521860787174E-14  1.97446694392199E-14
gfc   180    9  2.38941020442604E-14 -5.84074176081453E-14
gfc   180   10 -1.37559488901128E-13 -5.26009172197851E-14
gfc   180   11  1.73652541069224E-14  1.00486514209898E-13
gfc   180   12  2.27779491527521E-14 -3.91564834443374E-14
gfc   180   13 -1.20222980498679E-13  5.11592459198784E-14
gfc   180   14  1.17351784003450E-13  9.49653159688540E-14
gfc   180   15 -7.54153174079993E-14 -4.99468012671996E-14
gfc   180   16 -1.21993740694420E-13 -1.76884091996356E-15
gfc   180   17 -5.59228370955447E-14  1.71568981506470E-14
gfc   180   18 -5.41940175999097E-14 -1.02957429573480E-13
gfc   180   19 -3.46403667005796E-14 -6.12243200116986E-14
gfc   180   20  1.88461786576537E-14 -2.86673743086200E-14
gfc   180   21  9.04198699944573E-14 -1.65683804165657E-13
gfc   180   22 -4.51636929254794E-14 -4.30724977831133E-15
gfc   180   23  1.43346918390641E-14  3.10776527376619E-14
gfc   180   24  1.30367431245100E-13 -2.87437160316061E-14
gfc   180   25  5.86851546968013E-14  4.26699345249286E-14
gfc   180   26  6.41544185520251E-14 -6.29334533717143E-14
gfc   180   27  5.83004015160223E-14 -1.55719465720571E-13
gfc   180   28 -8.38384026338923E-14 -3.24612988589285E-14
gfc   180   29  3.40220658055640E-14 -4.14666483257131E-14
gfc   180   30  1.36793537593197E-13 -6.48669786775195E-14
gfc   180   31  4.15586585598653E-14 -1.48543263761870E-13
gfc   180   32  4.56913612158856E-14 -1.00122557277176E-13
gfc   180   33  1.15623529587074E-13 -2.37733985030889E-14
gfc   180   34  7.22755272945380E-14 -1.14614286647617E-13
gfc   180   35 -7.91500566498102E-14 -1.11163477627208E-14
gfc   180   36  6.71857175034378E-14  1.42359743620485E-14
gfc   180   37  3.90966342309806E-14 -6.54948474782090E-14
gfc   180   38 -3.17001790120303E-13 -1.45096431990193E-13
gfc   180   39 -2.33860511547025E-13  5.79010178044067E-14
gfc   180   40 -1.46599527534555E-13  1.58968365020260E-13
gfc   180   41 -1.95607116598244E-13  1.99686193236109E-15
gfc   180   42 -2.56699267278170E-13 -2.61026260573001E-14
gfc   180   43 -6.84708569964338E-14  7.20993277448995E-14
gfc   180   44  6.82617544967263E-14  2.11814800024630E-13
gfc   180   45  2.07029795941985E-13 -1.42843954325221E-14
gfc   180   46  9.36615165668323E-14 -1.63528580919663E-13
gfc   180   47 -6.59116756409078E-14 -1.81411331790487E-13
gfc   180   48 -1.18352180106644E-13 -4.77015953733212E-14
gfc   180   49 -1.11395945549042E-13  1.69838676281998E-14
gfc   180   50  3.69746473927790E-14  1.34890215522325E-13
gfc   180   51  1.21444431015632E-13  7.59945300173554E-14
gfc   180   52  1.24097015510464E-13 -2.75117545347355E-14
gfc   180   53  1.22649827106760E-14 -4.10151074613302E-14
gfc   180   54  5.28077722842129E-14  8.58205555222219E-14
gfc   180   55  5.47367278258708E-14  5.97647030026769E-15
gfc   180   56  1.44129182411819E-13 -7.53904375925907E-15
gfc   180   57  6.89232692020544E-14 -3.50580977202918E-14
gfc   180   58  7.16657877998797E-14 -9.81385844584879E-15
gfc   180   59  5.28992599931449E-14 -3.55312404536757E-14
gfc   180   60  3.97747371167551E-14 -6.87253488442355E-14
gfc   180   61 -6.31608568407529E-15 -3.09542790404067E-15
gfc   180   62 -5.60469805943811E-14  7.94310775754087E-15
gfc   180   63  1.04275955078021E-14  8.96100749452171E-14
gfc   180   64  1.52698186759869E-14  8.45106486815657E-14
gfc   180   65  9.10806811815838E-14  9.65900887070807E-14
gfc   180   66  1.73559064061344E-13  5.98125625559685E-14
gfc   180   67  2.28470612196501E-13 -3.94045001737920E-14
gfc   180   68  5.14191806182279E-14 -1.74600693303331E-13
gfc   180   69 -1.69276953846086E-14 -1.16610270438263E-13
gfc   180   70 -1.00123639491795E-13  2.70005060250607E-14
gfc   180   71  1.46929329539655E-14  2.61982893016887E-14
gfc   180   72  4.54046040399180E-14  1.96388953880698E-14
gfc   180   73  1.11697197042986E-13 -8.63864987021375E-14
gfc   180   74 -1.76374860813876E-14 -9.97138261919046E-14
gfc   180   75 -7.65636060071318E-14 -9.42452855980341E-14
gfc   180   76 -1.30819205828160E-13  1.32465074223629E-14
gfc   180   77 -4.46800414488768E-14  4.85091371857236E-14
gfc   180   78 -4.49468260858044E-14  7.71336647531146E-14
gfc   180   79  2.50188004737383E-14  1.95286865854909E-14
gfc   180   80 -5.35325958107209E-14  7.31456098364642E-14
gfc   180   81  7.74209165325339E-14  6.65414297850448E-14
gfc   180   82  3.06797127898583E-14  8.50539293024210E-15
gfc   180   83  8.02370929764348E-14 -5.54067313118465E-14
gfc   180   84 -3.09814823392478E-14 -3.45356255286842E-14
gfc   180   85  4.87664699860143E-14 -1.81481908108647E-14
gfc   180   86 -2.39300779341712E-14 -7.74037440366217E-14
gfc   180   87 -8.11288924115875E-14 -1.32653960378467E-14
gfc   180   88  2.41525657659151E-14  6.12020400501507E-14
gfc   180   89  1.88320203524880E-14 -4.06681057743443E-14
gfc   180   90 -1.35608049578275E-15  1.51228069457871E-14
gfc   180   91  2.97272515489034E-14 -2.42918658612174E-15
gfc   180   92 -5.34865972945525E-15 -4.15269082816628E-15
gfc   180   93 -2.28032760506440E-15 -1.60601019172390E-14
gfc   180   94 -1.33817574118345E-14  1.02349396662517E-14
gfc   180   95 -1.71261166253571E-14 -3.03343510200301E-15
gfc   180   96 -3.03841415894089E-14 -9.59414577832851E-15
gfc   180   97 -2.68190745558720E-15  2.01323181563638E-14
gfc   180   98 -7.11131986670474E-15 -2.32491627330688E-14
gfc   180   99 -2.28756215063109E-15  3.79721621495384E-14
gfc   180  100 -1.34903579044308E-14  1.57559479337664E-14
gfc   180  101 -7.32380897693428E-15 -2.83636235779910E-14
gfc   180  102  3.22252626793317E-15 -2.20650978606128E-14
gfc   180  103  1.93295929618381E-14 -2.36093029147365E-14
gfc   180  104 -1.84346156217908E-15  2.53531552594255E-16
gfc   180  105 -2.39358800966586E-14  3.66512901646989E-14
gfc   180  106 -2.90923014503303E-14 -3.28418226272959E-14
gfc   180  107  1.62908029145397E-14 -4.02565517726730E-15
gfc   180  108  9.41985091964437E-15 -2.70651062396251E-14
gfc   180  109  1.55792246209119E-14 -1.75105416097130E-15
gfc   180  110 -8.57076246219689E-15  9.79108274984701E-15
gfc   180  111  4.02429813648391E-15  1.57056197896151E-15
gfc   180  112  1.30531636477057E-14 -2.16715153651334E-14
gfc   180  113 -4.44384349580478E-15  6.46615146124142E-15
gfc   180  114  1.11847016928079E-14 -4.17850542905973E-14
gfc   180  115  3.01044657953342E-14  3.13762168404996E-14
gfc   180  116 -3.54408940080203E-14  3.51577827444492E-14
gfc   180  117 -8.11867815590111E-15 -3.67473150823342E-14
gfc   180  118  2.90740647475647E-14 -2.22905686754186E-14
gfc   180  119  6.20695512125791E-15  3.18701256944566E-14
gfc   180  120 -3.26294872070455E-14 -5.75852644141858E-16
gfc   180  121 -2.23793582114460E-14 -2.18272313888447E-14
gfc   180  122 -1.17188929045585E-14  2.02207096528222E-14
gfc   180  123 -3.43116312814959E-14 -2.99164284501605E-15
gfc   180  124  1.63640250694934E-14 -3.04513687804478E-14
gfc   180  125 -2.89928757341758E-15  6.69032378383489E-15
gfc   180  126 -1.54629831159674E-14  6.15324780675248E-15
gfc   180  127  2.25529853308135E-14 -1.82807850804985E-14
gfc   180  128  6.71193723964059E-15 -1.35463668292392E-14
gfc   180  129 -5.49813910056981E-15  8.12714934418024E-15
gfc   180  130  1.43773180677774E-14  1.19271662505285E-14
gfc   180  131  6.07980077284407E-15 -2.69474643663294E-14
gfc   180  132 -2.31553522877439E-14 -1.65237929081932E-14
gfc   180  133 -5.51491972216642E-15 -6.81436041574195E-16
gfc   180  134  3.05659057550140E-14  2.54294870773249E-14
gfc   180  135 -7.59911454483806E-15 -2.32554934245512E-14
gfc   180  136 -6.99640017598670E-15 -2.92126514616907E-14
gfc   180  137 -1.49864382796529E-14  1.37356277990809E-14
gfc   180  138  1.20789240045311E-14  1.46073256671969E-15
gfc   180  139 -2.55091206946122E-16 -7.00059038607114E-15
gfc   180  140 -2.93228815196354E-14 -7.71319235530298E-15
gfc   180  141  2.40249755559778E-15 -2.07458905532907E-14
gfc   180  142  2.79565408029368E-14  1.23250011755897E-14
gfc   180  143  6.58536156837213E-15  8.20110902984520E-15
gfc   180  144 -6.89275667861596E-15 -2.57367204836121E-14
gfc   180  145 -3.12678904176266E-15 -9.09541447780524E-15
gfc   180  146 -1.73882562305435E-14  1.35897650413607E-14
gfc   180  147  6.66595273964489E-15 -6.42390007528681E-15
gfc   180  148  6.37565419747926E-15 -9.21929915660423E-15
gfc   180  149  4.16337638611466E-15  1.68457972196823E-14
gfc   180  150  7.27594698819800E-15  2.11912377253890E-14
gfc   180  151 -8.21394747766263E-15 -1.83888196599315E-14
gfc   180  152 -8.83603540314854E-15  4.84542233952966E-15
gfc   180  153 -1.19179458400215E-14  7.19586725015753E-15
gfc   180  154  5.97043963608873E-15  7.56110835246541E-15
gfc   180  155  8.89827567886822E-15  9.07586954088282E-15
gfc   180  156 -2.27172729212010E-14 -7.20954445674818E-15
gfc   180  157 -8.05586102358889E-15  1.08417901203753E-14
gfc   180  158  6.40867482666121E-16 -1.12175184908628E-14
gfc   180  159  1.34003233777822E-14  7.11318280718704E-15
gfc   180  160 -4.10847480221153E-15 -1.70218167124874E-15
gfc   180  161 -1.61965030639097E-15  1.21791392865195E-15
gfc   180  162  1.23736032430806E-14 -2.17330146989537E-14
gfc   180  163 -4.47357781082535E-15  3.04971994998071E-16
gfc   180  164  1.86457215925850E-14  1.32145217991547E-14
gfc   180  165  1.59953199018607E-15  7.79341271080023E-15
gfc   180  166 -7.50928417229526E-15  4.20872766888071E-15
gfc   180  167  3.35991641352207E-15 -3.48090782392116E-15
gfc   180  168  2.22991108467679E-16 -8.58550649900344E-15
gfc   180  169 -1.34895370549591E-15  8.89652300116728E-15
gfc   180  170 -3.62312781949049E-15  9.90319917328259E-16
gfc   180  171  7.35065311427641E-15 -1.44063515797156E-14
gfc   180  172 -4.31321978140274E-15 -3.02405220051951E-15
gfc   180  173  5.79233324736262E-16  3.64513985984377E-15
gfc   180  174  6.68663457263114E-15 -2.48601671185433E-15
gfc   180  175  8.84701365644125E-16 -1.60449748691337E-14
gfc   180  176  5.57382801115509E-15  1.70236905332502E-14
gfc   180  177  6.87607711800422E-15  2.62840322136115E-15
gfc   180  178 -1.66835089590670E-14 -7.25676986861263E-15
gfc   180  179 -4.04609134796633E-15  1.63655157319180E-15
gfc   180  180 -1.43805178188285E-15 -3.70816631339143E-15
